document_id,CIN,document_type,title,publisher,document_date,download_url,local_filename,file_hash,retrieved_at
DOC_CFC880314A2A,U72900MH2021PTC368492,CORPORATE_FILING,Form SPICe AOA (INC-34)-06012022 1769402852016,MCA / Official Corporate Filing,2022-03-31,file:///Users/apple/Downloads/Shell companies/doc/Adafoa technology Pvt ltd/Form SPICe AOA (INC-34)-06012022_1769402852016.pdf,documents/Adafoa technology Pvt ltd/Form SPICe AOA (INC-34)-06012022_1769402852016.pdf,4f33638bebad1339695a058da3481d7aba5f69029e591fe0120014062514eab0,2026-08-26T00:00:00Z
DOC_5551800AFC75,U72900MH2021PTC368492,COMPANY_MASTER_DATA,Master data  MCA Services,MCA / Official Corporate Filing,,file:///Users/apple/Downloads/Shell companies/doc/Adafoa technology Pvt ltd/Master data  MCA Services.pdf,documents/Adafoa technology Pvt ltd/Master data  MCA Services.pdf,f517c17aeec331dce991a53957719c02aa6011e794a81675962e10a7f0374c47,2026-08-26T00:00:00Z
DOC_8A714BC28808,U72900MH2021PTC368492,CORPORATE_FILING,STAMPED ARTICLES OF ASSOCIATION-20220110 1769402848250,MCA / Official Corporate Filing,2022-03-31,file:///Users/apple/Downloads/Shell companies/doc/Adafoa technology Pvt ltd/STAMPED ARTICLES OF ASSOCIATION-20220110_1769402848250.pdf,documents/Adafoa technology Pvt ltd/STAMPED ARTICLES OF ASSOCIATION-20220110_1769402848250.pdf,25d41c607aa8a93853f74543dad95345ab89a90956cd082048a8742dc356c0ec,2026-08-26T00:00:00Z
DOC_D89B2EB5A9F5,U72900MH2021PTC368492,CORPORATE_FILING,Form SPICe AOA (INC-34)-29122021 1769402850229,MCA / Official Corporate Filing,2021-03-31,file:///Users/apple/Downloads/Shell companies/doc/Adafoa technology Pvt ltd/Form SPICe AOA (INC-34)-29122021_1769402850229.pdf,documents/Adafoa technology Pvt ltd/Form SPICe AOA (INC-34)-29122021_1769402850229.pdf,8bef19010ef1a6acb61899756c4a4601ad204fa5c841ee3ee2bec25f2cb613b7,2026-08-26T00:00:00Z
DOC_51D76DDFE164,U72900MH2021PTC368492,CORPORATE_FILING,Form SPICe MOA (INC-33)-29122021 1769402888643,MCA / Official Corporate Filing,2021-03-31,file:///Users/apple/Downloads/Shell companies/doc/Adafoa technology Pvt ltd/Form SPICe MOA (INC-33)-29122021_1769402888643.pdf,documents/Adafoa technology Pvt ltd/Form SPICe MOA (INC-33)-29122021_1769402888643.pdf,cc5164d584e0752870785e2d4c096f0c5fd6e6c55269b8d6cf3bc6d3228a4ec1,2026-08-26T00:00:00Z
DOC_6A0A4DAD5737,U72900MH2021PTC368492,CORPORATE_FILING,STAMPED MEMORANDUM OF ASSCOCIATION-20220110 1769402882042,MCA / Official Corporate Filing,2022-03-31,file:///Users/apple/Downloads/Shell companies/doc/Adafoa technology Pvt ltd/STAMPED MEMORANDUM OF ASSCOCIATION-20220110_1769402882042.pdf,documents/Adafoa technology Pvt ltd/STAMPED MEMORANDUM OF ASSCOCIATION-20220110_1769402882042.pdf,2dd6fe58d84cde2900a7d2859ffeb9bcc9629e564ccc67d534baaa83e8323612,2026-08-26T00:00:00Z
DOC_FC66FD328F5B,U72900MH2021PTC368492,CORPORATE_FILING,Form SPICe MOA (INC-33)-14122021 1769402886001,MCA / Official Corporate Filing,2021-03-31,file:///Users/apple/Downloads/Shell companies/doc/Adafoa technology Pvt ltd/Form SPICe MOA (INC-33)-14122021_1769402886001.pdf,documents/Adafoa technology Pvt ltd/Form SPICe MOA (INC-33)-14122021_1769402886001.pdf,2adc7abfc9d3523302f3be788c3aa7fbe86da5d5d3a66ab5c99c04e1c9447c9c,2026-08-26T00:00:00Z
DOC_1A243B210391,U72900MH2021PTC368492,CORPORATE_FILING,Form SPICe MOA (INC-33)-06012022 1769402887509,MCA / Official Corporate Filing,2022-03-31,file:///Users/apple/Downloads/Shell companies/doc/Adafoa technology Pvt ltd/Form SPICe MOA (INC-33)-06012022_1769402887509.pdf,documents/Adafoa technology Pvt ltd/Form SPICe MOA (INC-33)-06012022_1769402887509.pdf,e7a79979c56755b61692f2e18c3250b40eb7945f66a04d632e92c55275b1bd64,2026-08-26T00:00:00Z
DOC_8C0FF5764CE2,U72900MH2021PTC368492,INCORPORATION_CERTIFICATE,CERTIFICATE OF INCORPORATION-20220110 1769402802957,MCA / Official Corporate Filing,2022-03-31,file:///Users/apple/Downloads/Shell companies/doc/Adafoa technology Pvt ltd/CERTIFICATE OF INCORPORATION-20220110_1769402802957.pdf,documents/Adafoa technology Pvt ltd/CERTIFICATE OF INCORPORATION-20220110_1769402802957.pdf,69ce6fac83c7e7e4492f9f038d0caffb72fd5a0c578d18555d49fb68ac20b80e,2026-08-26T00:00:00Z
DOC_908664BC126B,U72900MH2021PTC368492,CORPORATE_FILING,Form SPICe AOA (INC-34)-16122021 1769402853888,MCA / Official Corporate Filing,2021-03-31,file:///Users/apple/Downloads/Shell companies/doc/Adafoa technology Pvt ltd/Form SPICe AOA (INC-34)-16122021_1769402853888.pdf,documents/Adafoa technology Pvt ltd/Form SPICe AOA (INC-34)-16122021_1769402853888.pdf,723c378a1148a4022b2983a33f1b9315070a3c60ae4ddbf9d0f35138e5bdd0e7,2026-08-26T00:00:00Z
DOC_C7AAEEC07E96,U72900MH2021PTC368492,CORPORATE_FILING,Form SPICe MOA (INC-33)-16122021 1769402883840,MCA / Official Corporate Filing,2021-03-31,file:///Users/apple/Downloads/Shell companies/doc/Adafoa technology Pvt ltd/Form SPICe MOA (INC-33)-16122021_1769402883840.pdf,documents/Adafoa technology Pvt ltd/Form SPICe MOA (INC-33)-16122021_1769402883840.pdf,4142d7b6825b397a3ad3bfb141486493b812add25b88cb4c76b1dccbec643e69,2026-08-26T00:00:00Z
DOC_E20FFE404E4E,U72900MH2021PTC368492,CORPORATE_FILING,Form SPICe AOA (INC-34)-14122021 1769402856057,MCA / Official Corporate Filing,2021-03-31,file:///Users/apple/Downloads/Shell companies/doc/Adafoa technology Pvt ltd/Form SPICe AOA (INC-34)-14122021_1769402856057.pdf,documents/Adafoa technology Pvt ltd/Form SPICe AOA (INC-34)-14122021_1769402856057.pdf,e3e77f662d014768f748bfbd4152aef72bffd30a02c2e6d0358a29302e051d38,2026-08-26T00:00:00Z
DOC_602E8F1734D9,U01403MH2015PTC261942,CORPORATE_FILING,U01100MH2019PTC320804 UU3480759 (4),MCA / Official Corporate Filing,2019-03-31,file:///Users/apple/Downloads/Shell companies/doc/BAGLAN FARMERS PRODUCER COMPANY LIMITED-20260803T053634Z-1-001/BAGLAN FARMERS PRODUCER COMPANY LIMITED/Annual Filing/U01100MH2019PTC320804_UU3480759 (4).zip,documents/BAGLAN FARMERS PRODUCER COMPANY LIMITED-20260803T053634Z-1-001/BAGLAN FARMERS PRODUCER COMPANY LIMITED/Annual Filing/U01100MH2019PTC320804_UU3480759 (4).zip,e44259f2bc16a29d0a2d6372097450bdc9c871b4f789ea20ad6689339180b447,2026-08-26T00:00:00Z
DOC_4EA79317C122,U01403MH2015PTC261942,CORPORATE_FILING,U01100MH2019PTC320804 UU3480759,MCA / Official Corporate Filing,2019-03-31,file:///Users/apple/Downloads/Shell companies/doc/BAGLAN FARMERS PRODUCER COMPANY LIMITED-20260803T053634Z-1-001/BAGLAN FARMERS PRODUCER COMPANY LIMITED/Annual Filing/U01100MH2019PTC320804_UU3480759.zip,documents/BAGLAN FARMERS PRODUCER COMPANY LIMITED-20260803T053634Z-1-001/BAGLAN FARMERS PRODUCER COMPANY LIMITED/Annual Filing/U01100MH2019PTC320804_UU3480759.zip,b4c2909563c8b8fe9528679a43b664df7df91e337f74c083807ababaaad816d2,2026-08-26T00:00:00Z
DOC_90B59CAE612B,U01403MH2015PTC261942,CORPORATE_FILING,U01100MH2019PTC320804 UU3480759 (2),MCA / Official Corporate Filing,2019-03-31,file:///Users/apple/Downloads/Shell companies/doc/BAGLAN FARMERS PRODUCER COMPANY LIMITED-20260803T053634Z-1-001/BAGLAN FARMERS PRODUCER COMPANY LIMITED/Annual Filing/U01100MH2019PTC320804_UU3480759 (2).zip,documents/BAGLAN FARMERS PRODUCER COMPANY LIMITED-20260803T053634Z-1-001/BAGLAN FARMERS PRODUCER COMPANY LIMITED/Annual Filing/U01100MH2019PTC320804_UU3480759 (2).zip,f1c85b9383abd0fa9f131a00014038c5ed0cbe50c6a68ae0121c0fc883b1ab09,2026-08-26T00:00:00Z
DOC_87F8B2FDE75E,U01403MH2015PTC261942,CORPORATE_FILING,U01100MH2019PTC320804 UU3480759 (3),MCA / Official Corporate Filing,2019-03-31,file:///Users/apple/Downloads/Shell companies/doc/BAGLAN FARMERS PRODUCER COMPANY LIMITED-20260803T053634Z-1-001/BAGLAN FARMERS PRODUCER COMPANY LIMITED/Annual Filing/U01100MH2019PTC320804_UU3480759 (3).zip,documents/BAGLAN FARMERS PRODUCER COMPANY LIMITED-20260803T053634Z-1-001/BAGLAN FARMERS PRODUCER COMPANY LIMITED/Annual Filing/U01100MH2019PTC320804_UU3480759 (3).zip,25098042abfd44060440b514abfe269a7d731067a9e579a26d5cee7a5c2124b7,2026-08-26T00:00:00Z
DOC_F7F84565C454,U01403MH2015PTC261942,CORPORATE_FILING,U01100MH2019PTC320804 UU3480759 (1),MCA / Official Corporate Filing,2019-03-31,file:///Users/apple/Downloads/Shell companies/doc/BAGLAN FARMERS PRODUCER COMPANY LIMITED-20260803T053634Z-1-001/BAGLAN FARMERS PRODUCER COMPANY LIMITED/Annual Filing/U01100MH2019PTC320804_UU3480759 (1).zip,documents/BAGLAN FARMERS PRODUCER COMPANY LIMITED-20260803T053634Z-1-001/BAGLAN FARMERS PRODUCER COMPANY LIMITED/Annual Filing/U01100MH2019PTC320804_UU3480759 (1).zip,c981f9b81dce48c26f989cff71acd32e97c159b870113b592bd7113be3d0f980,2026-08-26T00:00:00Z
DOC_1F66655DD373,U01403MH2015PTC261942,RESOLUTIONS_AGREEMENTS,MGT-14 Form MGT14 17 11 2025,MCA / Official Corporate Filing,2025-11-17,file:///Users/apple/Downloads/Shell companies/doc/BAGLAN FARMERS PRODUCER COMPANY LIMITED-20260803T053634Z-1-001/BAGLAN FARMERS PRODUCER COMPANY LIMITED/Other eForm Documents/MGT-14_Form MGT14_17_11_2025.pdf,documents/BAGLAN FARMERS PRODUCER COMPANY LIMITED-20260803T053634Z-1-001/BAGLAN FARMERS PRODUCER COMPANY LIMITED/Other eForm Documents/MGT-14_Form MGT14_17_11_2025.pdf,ba5b1c39fc2a79c10be880ba3a4bc5858508cc74028b284922f78c3706cf413b,2026-08-26T00:00:00Z
DOC_FE42BFC94678,U01403MH2015PTC261942,RESOLUTIONS_AGREEMENTS,MGT-14 Form MGT14 19 03 2022,MCA / Official Corporate Filing,2022-03-19,file:///Users/apple/Downloads/Shell companies/doc/BAGLAN FARMERS PRODUCER COMPANY LIMITED-20260803T053634Z-1-001/BAGLAN FARMERS PRODUCER COMPANY LIMITED/Other eForm Documents/MGT-14_Form MGT14_19_03_2022.pdf,documents/BAGLAN FARMERS PRODUCER COMPANY LIMITED-20260803T053634Z-1-001/BAGLAN FARMERS PRODUCER COMPANY LIMITED/Other eForm Documents/MGT-14_Form MGT14_19_03_2022.pdf,1628249b69ba0ba6524829d1eeb76a91c2665afd2287e501a9d1dc7960569f60,2026-08-26T00:00:00Z
DOC_F9E13112D78C,U01403MH2015PTC261942,REGISTERED_OFFICE,INC-22 Copies of the utility bills not older than two months 17 11 2025,MCA / Official Corporate Filing,2025-11-17,file:///Users/apple/Downloads/Shell companies/doc/BAGLAN FARMERS PRODUCER COMPANY LIMITED-20260803T053634Z-1-001/BAGLAN FARMERS PRODUCER COMPANY LIMITED/Other eForm Documents/INC-22_Copies of the utility bills not older than two months_17_11_2025.jpeg,documents/BAGLAN FARMERS PRODUCER COMPANY LIMITED-20260803T053634Z-1-001/BAGLAN FARMERS PRODUCER COMPANY LIMITED/Other eForm Documents/INC-22_Copies of the utility bills not older than two months_17_11_2025.jpeg,2d471870bb1a4c2a132855e244b0f8f4835df5fe91316961c6076c0cf36e72e6,2026-08-26T00:00:00Z
DOC_446B79AC5D8D,U01403MH2015PTC261942,CORPORATE_FILING,SH-7 Altered memorandum of assciation 30 11 2022,MCA / Official Corporate Filing,2022-11-30,file:///Users/apple/Downloads/Shell companies/doc/BAGLAN FARMERS PRODUCER COMPANY LIMITED-20260803T053634Z-1-001/BAGLAN FARMERS PRODUCER COMPANY LIMITED/Other eForm Documents/SH-7_Altered memorandum of assciation_30_11_2022.pdf,documents/BAGLAN FARMERS PRODUCER COMPANY LIMITED-20260803T053634Z-1-001/BAGLAN FARMERS PRODUCER COMPANY LIMITED/Other eForm Documents/SH-7_Altered memorandum of assciation_30_11_2022.pdf,0879ad1710586a03e4d86f2fb31a876de8ebe3670ad848e7f1b7086f2b2e1509,2026-08-26T00:00:00Z
DOC_852734BFD6F4,U01403MH2015PTC261942,RESOLUTIONS_AGREEMENTS,MGT-14 Altered memorandum of association (1) 19 03 2022,MCA / Official Corporate Filing,2022-03-19,file:///Users/apple/Downloads/Shell companies/doc/BAGLAN FARMERS PRODUCER COMPANY LIMITED-20260803T053634Z-1-001/BAGLAN FARMERS PRODUCER COMPANY LIMITED/Other eForm Documents/MGT-14_Altered memorandum of association (1)_19_03_2022.pdf,documents/BAGLAN FARMERS PRODUCER COMPANY LIMITED-20260803T053634Z-1-001/BAGLAN FARMERS PRODUCER COMPANY LIMITED/Other eForm Documents/MGT-14_Altered memorandum of association (1)_19_03_2022.pdf,4e84cf310c9fc91d078d32201ca75eacd6ed4454312d76b928d41272bee9bac8,2026-08-26T00:00:00Z
DOC_0DE996DEA4D9,U01403MH2015PTC261942,COMMENCEMENT_OF_BUSINESS,INC-20A Form INC20A 30 12 2020,MCA / Official Corporate Filing,2020-12-30,file:///Users/apple/Downloads/Shell companies/doc/BAGLAN FARMERS PRODUCER COMPANY LIMITED-20260803T053634Z-1-001/BAGLAN FARMERS PRODUCER COMPANY LIMITED/Other eForm Documents/INC-20A_Form INC20A_30_12_2020.pdf,documents/BAGLAN FARMERS PRODUCER COMPANY LIMITED-20260803T053634Z-1-001/BAGLAN FARMERS PRODUCER COMPANY LIMITED/Other eForm Documents/INC-20A_Form INC20A_30_12_2020.pdf,c2232ecbdac778bb64f99ed56d478592175a01541fc98f758b3c6b4d1e610a57,2026-08-26T00:00:00Z
DOC_930B89DA513B,U01403MH2015PTC261942,CORPORATE_FILING,SH-7 Copy of the resolution for alteration of capital 30 11 2022,MCA / Official Corporate Filing,2022-11-30,file:///Users/apple/Downloads/Shell companies/doc/BAGLAN FARMERS PRODUCER COMPANY LIMITED-20260803T053634Z-1-001/BAGLAN FARMERS PRODUCER COMPANY LIMITED/Other eForm Documents/SH-7_Copy of the resolution for alteration of capital_30_11_2022.pdf,documents/BAGLAN FARMERS PRODUCER COMPANY LIMITED-20260803T053634Z-1-001/BAGLAN FARMERS PRODUCER COMPANY LIMITED/Other eForm Documents/SH-7_Copy of the resolution for alteration of capital_30_11_2022.pdf,d08b7bb3fd87e770e89413b6f6418da718da1458d34e00642f81f127090bff71,2026-08-26T00:00:00Z
DOC_C41232CB0EED,U01403MH2015PTC261942,AUDITOR_APPOINTMENT,ADT - 1 Form ADT1 14 10 2025,MCA / Official Corporate Filing,2025-10-14,file:///Users/apple/Downloads/Shell companies/doc/BAGLAN FARMERS PRODUCER COMPANY LIMITED-20260803T053634Z-1-001/BAGLAN FARMERS PRODUCER COMPANY LIMITED/Other eForm Documents/ADT - 1_Form ADT1_14_10_2025.pdf,documents/BAGLAN FARMERS PRODUCER COMPANY LIMITED-20260803T053634Z-1-001/BAGLAN FARMERS PRODUCER COMPANY LIMITED/Other eForm Documents/ADT - 1_Form ADT1_14_10_2025.pdf,329decc474295cb198ca3e39a41e025269c9892c389a89497b0f7c9bcefb350b,2026-08-26T00:00:00Z
DOC_CA1883AD81A3,U01403MH2015PTC261942,REGISTERED_OFFICE,INC-22 Form INC22 29 04 2023,MCA / Official Corporate Filing,2023-04-29,file:///Users/apple/Downloads/Shell companies/doc/BAGLAN FARMERS PRODUCER COMPANY LIMITED-20260803T053634Z-1-001/BAGLAN FARMERS PRODUCER COMPANY LIMITED/Other eForm Documents/INC-22_Form INC22_29_04_2023.pdf,documents/BAGLAN FARMERS PRODUCER COMPANY LIMITED-20260803T053634Z-1-001/BAGLAN FARMERS PRODUCER COMPANY LIMITED/Other eForm Documents/INC-22_Form INC22_29_04_2023.pdf,47b5120b04c8548220f3e11daec325464dfad12744059493f598ee4924d43716,2026-08-26T00:00:00Z
DOC_E47B218B5203,U01403MH2015PTC261942,AUDITOR_APPOINTMENT,ADT - 1 Copy of the intimation sent by company 14 10 2025,MCA / Official Corporate Filing,2025-10-14,file:///Users/apple/Downloads/Shell companies/doc/BAGLAN FARMERS PRODUCER COMPANY LIMITED-20260803T053634Z-1-001/BAGLAN FARMERS PRODUCER COMPANY LIMITED/Other eForm Documents/ADT - 1_Copy of the intimation sent by company_14_10_2025.pdf,documents/BAGLAN FARMERS PRODUCER COMPANY LIMITED-20260803T053634Z-1-001/BAGLAN FARMERS PRODUCER COMPANY LIMITED/Other eForm Documents/ADT - 1_Copy of the intimation sent by company_14_10_2025.pdf,80cf055100548877908122ab731f08bf2320062202b3f057d70f565a1812c689,2026-08-26T00:00:00Z
DOC_31157546CDDA,U01403MH2015PTC261942,AUDITOR_APPOINTMENT,ADT - 1 Copy of written consent given by auditor 29 01 2021,MCA / Official Corporate Filing,2021-01-29,file:///Users/apple/Downloads/Shell companies/doc/BAGLAN FARMERS PRODUCER COMPANY LIMITED-20260803T053634Z-1-001/BAGLAN FARMERS PRODUCER COMPANY LIMITED/Other eForm Documents/ADT - 1_Copy of written consent given by auditor_29_01_2021.pdf,documents/BAGLAN FARMERS PRODUCER COMPANY LIMITED-20260803T053634Z-1-001/BAGLAN FARMERS PRODUCER COMPANY LIMITED/Other eForm Documents/ADT - 1_Copy of written consent given by auditor_29_01_2021.pdf,b59f2724691bce6c446f43a54b4652a0ada080a49b400eb87dd7853a82365ee6,2026-08-26T00:00:00Z
DOC_1EAA6F0DCF82,U01403MH2015PTC261942,REGISTERED_OFFICE,INC-22 Form INC22 08 03 2019,MCA / Official Corporate Filing,2019-03-08,file:///Users/apple/Downloads/Shell companies/doc/BAGLAN FARMERS PRODUCER COMPANY LIMITED-20260803T053634Z-1-001/BAGLAN FARMERS PRODUCER COMPANY LIMITED/Other eForm Documents/INC-22_Form INC22_08_03_2019.pdf,documents/BAGLAN FARMERS PRODUCER COMPANY LIMITED-20260803T053634Z-1-001/BAGLAN FARMERS PRODUCER COMPANY LIMITED/Other eForm Documents/INC-22_Form INC22_08_03_2019.pdf,862c07ab460d410a1fb8075ad294385a2566d470518893eff5bc5df8cad3c31e,2026-08-26T00:00:00Z
DOC_D830820A6669,U01403MH2015PTC261942,REGISTERED_OFFICE,INC-22 Copies of the utility bills not older than two months 29 04 2023,MCA / Official Corporate Filing,2023-04-29,file:///Users/apple/Downloads/Shell companies/doc/BAGLAN FARMERS PRODUCER COMPANY LIMITED-20260803T053634Z-1-001/BAGLAN FARMERS PRODUCER COMPANY LIMITED/Other eForm Documents/INC-22_Copies of the utility bills not older than two months_29_04_2023.pdf,documents/BAGLAN FARMERS PRODUCER COMPANY LIMITED-20260803T053634Z-1-001/BAGLAN FARMERS PRODUCER COMPANY LIMITED/Other eForm Documents/INC-22_Copies of the utility bills not older than two months_29_04_2023.pdf,7dd6a44fc3a3045c747aae62c09bc677bba81670d40a6f17933908088a7bf22a,2026-08-26T00:00:00Z
DOC_BF540636A9FA,U01403MH2015PTC261942,AUDITOR_APPOINTMENT,ADT - 1 Form ADT1 29 01 2021,MCA / Official Corporate Filing,2021-01-29,file:///Users/apple/Downloads/Shell companies/doc/BAGLAN FARMERS PRODUCER COMPANY LIMITED-20260803T053634Z-1-001/BAGLAN FARMERS PRODUCER COMPANY LIMITED/Other eForm Documents/ADT - 1_Form ADT1_29_01_2021.pdf,documents/BAGLAN FARMERS PRODUCER COMPANY LIMITED-20260803T053634Z-1-001/BAGLAN FARMERS PRODUCER COMPANY LIMITED/Other eForm Documents/ADT - 1_Form ADT1_29_01_2021.pdf,fc7860b6722d6c33b3bd41dde57aed73520e4bf96efb3b1fb3b190d044d6ffe3,2026-08-26T00:00:00Z
DOC_A35E25C0F65B,U01403MH2015PTC261942,CORPORATE_FILING,PAS-3 Form PAS3 03 04 2024,MCA / Official Corporate Filing,2024-04-03,file:///Users/apple/Downloads/Shell companies/doc/BAGLAN FARMERS PRODUCER COMPANY LIMITED-20260803T053634Z-1-001/BAGLAN FARMERS PRODUCER COMPANY LIMITED/Other eForm Documents/PAS-3_Form PAS3_03_04_2024.pdf,documents/BAGLAN FARMERS PRODUCER COMPANY LIMITED-20260803T053634Z-1-001/BAGLAN FARMERS PRODUCER COMPANY LIMITED/Other eForm Documents/PAS-3_Form PAS3_03_04_2024.pdf,f5a57e85d000d84f34c38f9c404deadeb51c5ad17d8752079cdd69cfdfffbf47,2026-08-26T00:00:00Z
DOC_FD2C31038B2F,U01403MH2015PTC261942,RESOLUTIONS_AGREEMENTS,MGT-14 Altered memorandum of association 19 03 2022,MCA / Official Corporate Filing,2022-03-19,file:///Users/apple/Downloads/Shell companies/doc/BAGLAN FARMERS PRODUCER COMPANY LIMITED-20260803T053634Z-1-001/BAGLAN FARMERS PRODUCER COMPANY LIMITED/Other eForm Documents/MGT-14_Altered memorandum of association_19_03_2022.pdf,documents/BAGLAN FARMERS PRODUCER COMPANY LIMITED-20260803T053634Z-1-001/BAGLAN FARMERS PRODUCER COMPANY LIMITED/Other eForm Documents/MGT-14_Altered memorandum of association_19_03_2022.pdf,4e84cf310c9fc91d078d32201ca75eacd6ed4454312d76b928d41272bee9bac8,2026-08-26T00:00:00Z
DOC_C6AD4D46EF24,U01403MH2015PTC261942,AUDITOR_APPOINTMENT,ADT - 1 Copy of written consent given by auditor 14 10 2025,MCA / Official Corporate Filing,2025-10-14,file:///Users/apple/Downloads/Shell companies/doc/BAGLAN FARMERS PRODUCER COMPANY LIMITED-20260803T053634Z-1-001/BAGLAN FARMERS PRODUCER COMPANY LIMITED/Other eForm Documents/ADT - 1_Copy of written consent given by auditor_14_10_2025.pdf,documents/BAGLAN FARMERS PRODUCER COMPANY LIMITED-20260803T053634Z-1-001/BAGLAN FARMERS PRODUCER COMPANY LIMITED/Other eForm Documents/ADT - 1_Copy of written consent given by auditor_14_10_2025.pdf,60d70a7b8ffb309feb2b7f9fd44df70d49ca6ff8caf6600d8e7ce58dc519a5cf,2026-08-26T00:00:00Z
DOC_2243EC80B7B3,U01403MH2015PTC261942,AUDITOR_APPOINTMENT,ADT - 1 Copy of the intimation sent by company 29 01 2021,MCA / Official Corporate Filing,2021-01-29,file:///Users/apple/Downloads/Shell companies/doc/BAGLAN FARMERS PRODUCER COMPANY LIMITED-20260803T053634Z-1-001/BAGLAN FARMERS PRODUCER COMPANY LIMITED/Other eForm Documents/ADT - 1_Copy of the intimation sent by company_29_01_2021.pdf,documents/BAGLAN FARMERS PRODUCER COMPANY LIMITED-20260803T053634Z-1-001/BAGLAN FARMERS PRODUCER COMPANY LIMITED/Other eForm Documents/ADT - 1_Copy of the intimation sent by company_29_01_2021.pdf,ba960125a1ff320259a47761b82ea989b72edf09bef67aad67582ec6c40c7915,2026-08-26T00:00:00Z
DOC_E3A8A8008752,U01403MH2015PTC261942,CORPORATE_FILING,SH-7 Optional attachments if any 30 11 2022,MCA / Official Corporate Filing,2022-11-30,file:///Users/apple/Downloads/Shell companies/doc/BAGLAN FARMERS PRODUCER COMPANY LIMITED-20260803T053634Z-1-001/BAGLAN FARMERS PRODUCER COMPANY LIMITED/Other eForm Documents/SH-7_Optional attachments if any_30_11_2022.pdf,documents/BAGLAN FARMERS PRODUCER COMPANY LIMITED-20260803T053634Z-1-001/BAGLAN FARMERS PRODUCER COMPANY LIMITED/Other eForm Documents/SH-7_Optional attachments if any_30_11_2022.pdf,4a56f2f2b6c222e1d94f2c5d647a449e8be92cfa36f40c542fbef87cbe72b60b,2026-08-26T00:00:00Z
DOC_B8703D210865,U01403MH2015PTC261942,REGISTERED_OFFICE,INC-22 Copies of the utility bills not older than two months 08 03 2019,MCA / Official Corporate Filing,2019-03-08,file:///Users/apple/Downloads/Shell companies/doc/BAGLAN FARMERS PRODUCER COMPANY LIMITED-20260803T053634Z-1-001/BAGLAN FARMERS PRODUCER COMPANY LIMITED/Other eForm Documents/INC-22_Copies of the utility bills not older than two months_08_03_2019.pdf,documents/BAGLAN FARMERS PRODUCER COMPANY LIMITED-20260803T053634Z-1-001/BAGLAN FARMERS PRODUCER COMPANY LIMITED/Other eForm Documents/INC-22_Copies of the utility bills not older than two months_08_03_2019.pdf,e7896b700e8aad496f34db207a94616810f7cbdf1d5e2d74c66e02d3ce3d8b50,2026-08-26T00:00:00Z
DOC_1240DE857723,U01403MH2015PTC261942,RESOLUTIONS_AGREEMENTS,MGT-14 Form MGT14 07 04 2022,MCA / Official Corporate Filing,2022-04-07,file:///Users/apple/Downloads/Shell companies/doc/BAGLAN FARMERS PRODUCER COMPANY LIMITED-20260803T053634Z-1-001/BAGLAN FARMERS PRODUCER COMPANY LIMITED/Other eForm Documents/MGT-14_Form MGT14_07_04_2022.pdf,documents/BAGLAN FARMERS PRODUCER COMPANY LIMITED-20260803T053634Z-1-001/BAGLAN FARMERS PRODUCER COMPANY LIMITED/Other eForm Documents/MGT-14_Form MGT14_07_04_2022.pdf,bddf2e24cbf5b2efae176b1d8e561fe8033ded4f87a68862ece89a15e6fc9a4e,2026-08-26T00:00:00Z
DOC_8176528996C4,U01403MH2015PTC261942,AUDITOR_APPOINTMENT,ADT - 1 Copy of resolution passed by the company 29 01 2021,MCA / Official Corporate Filing,2021-01-29,file:///Users/apple/Downloads/Shell companies/doc/BAGLAN FARMERS PRODUCER COMPANY LIMITED-20260803T053634Z-1-001/BAGLAN FARMERS PRODUCER COMPANY LIMITED/Other eForm Documents/ADT - 1_Copy of resolution passed by the company_29_01_2021.pdf,documents/BAGLAN FARMERS PRODUCER COMPANY LIMITED-20260803T053634Z-1-001/BAGLAN FARMERS PRODUCER COMPANY LIMITED/Other eForm Documents/ADT - 1_Copy of resolution passed by the company_29_01_2021.pdf,79ce8e0ac82f2501a0d4f2f36ebab0f8c7bf483be78e4d47982758c5893d2e1d,2026-08-26T00:00:00Z
DOC_B914A12AF62B,U01403MH2015PTC261942,CORPORATE_FILING,SH-7 Form SH7 30 11 2022,MCA / Official Corporate Filing,2022-11-30,file:///Users/apple/Downloads/Shell companies/doc/BAGLAN FARMERS PRODUCER COMPANY LIMITED-20260803T053634Z-1-001/BAGLAN FARMERS PRODUCER COMPANY LIMITED/Other eForm Documents/SH-7_Form SH7_30_11_2022.pdf,documents/BAGLAN FARMERS PRODUCER COMPANY LIMITED-20260803T053634Z-1-001/BAGLAN FARMERS PRODUCER COMPANY LIMITED/Other eForm Documents/SH-7_Form SH7_30_11_2022.pdf,d6e8eafdfbf1181f74ec074b030205fccef45d95b5330b1b0199d1c24ab8dc31,2026-08-26T00:00:00Z
DOC_792AA01A0E9F,U01403MH2015PTC261942,REGISTERED_OFFICE,INC-22 Form INC22 17 11 2025,MCA / Official Corporate Filing,2025-11-17,file:///Users/apple/Downloads/Shell companies/doc/BAGLAN FARMERS PRODUCER COMPANY LIMITED-20260803T053634Z-1-001/BAGLAN FARMERS PRODUCER COMPANY LIMITED/Other eForm Documents/INC-22_Form INC22_17_11_2025.pdf,documents/BAGLAN FARMERS PRODUCER COMPANY LIMITED-20260803T053634Z-1-001/BAGLAN FARMERS PRODUCER COMPANY LIMITED/Other eForm Documents/INC-22_Form INC22_17_11_2025.pdf,832cdafd26ea651145dca736cd0b910e0a6830ac63208bd1b778ce2773f06233,2026-08-26T00:00:00Z
DOC_D16D2EB744B5,U01403MH2015PTC261942,INCORPORATION_CERTIFICATE,SPICE + Part B Certificate of Incorporation 25 01 2019,MCA / Official Corporate Filing,2019-01-25,file:///Users/apple/Downloads/Shell companies/doc/BAGLAN FARMERS PRODUCER COMPANY LIMITED-20260803T053634Z-1-001/BAGLAN FARMERS PRODUCER COMPANY LIMITED/Certificate/SPICE + Part B_Certificate of Incorporation_25_01_2019.pdf,documents/BAGLAN FARMERS PRODUCER COMPANY LIMITED-20260803T053634Z-1-001/BAGLAN FARMERS PRODUCER COMPANY LIMITED/Certificate/SPICE + Part B_Certificate of Incorporation_25_01_2019.pdf,ce0a436a5485a8f708a87c73807d96ffea406a7ad53d12a1bef042f88fd11dd3,2026-08-26T00:00:00Z
DOC_1D1E23B3C604,U01403MH2015PTC261942,INCORPORATION_CERTIFICATE,SPICE + Part B Certificate of Incorporation (1) 25 01 2019,MCA / Official Corporate Filing,2019-01-25,file:///Users/apple/Downloads/Shell companies/doc/BAGLAN FARMERS PRODUCER COMPANY LIMITED-20260803T053634Z-1-001/BAGLAN FARMERS PRODUCER COMPANY LIMITED/Certificate/SPICE + Part B_Certificate of Incorporation (1)_25_01_2019.pdf,documents/BAGLAN FARMERS PRODUCER COMPANY LIMITED-20260803T053634Z-1-001/BAGLAN FARMERS PRODUCER COMPANY LIMITED/Certificate/SPICE + Part B_Certificate of Incorporation (1)_25_01_2019.pdf,fb23e4e0699c4630c9c70c87180f4af4662abba1dd19a3bd82dc811cc71f0ff2,2026-08-26T00:00:00Z
DOC_2BF029CE46F1,U01403MH2015PTC261942,CORPORATE_FILING,UU3480759 Receipt.pdf,MCA / Official Corporate Filing,,file:///Users/apple/Downloads/Shell companies/doc/BAGLAN FARMERS PRODUCER COMPANY LIMITED-20260803T053634Z-1-001/BAGLAN FARMERS PRODUCER COMPANY LIMITED/Challan/UU3480759_Receipt.pdf.pdf,documents/BAGLAN FARMERS PRODUCER COMPANY LIMITED-20260803T053634Z-1-001/BAGLAN FARMERS PRODUCER COMPANY LIMITED/Challan/UU3480759_Receipt.pdf.pdf,d3b36e2869e86ed10488611e232aae0d82d77afca235b181a445b3d42f315b3b,2026-08-26T00:00:00Z
DOC_55F09FE7323E,U01403MH2015PTC261942,FINANCIAL_STATEMENT,AOC-4 Form AOC4 18 11 2025,MCA / Official Corporate Filing,2025-11-18,file:///Users/apple/Downloads/Shell companies/doc/BAGLAN FARMERS PRODUCER COMPANY LIMITED-20260803T053634Z-1-001/BAGLAN FARMERS PRODUCER COMPANY LIMITED/Annual Filing/U01100MH2019PTC320804_UU3480759 (1)/AOC-4_Form AOC4_18_11_2025.pdf,documents/BAGLAN FARMERS PRODUCER COMPANY LIMITED-20260803T053634Z-1-001/BAGLAN FARMERS PRODUCER COMPANY LIMITED/Annual Filing/U01100MH2019PTC320804_UU3480759 (1)/AOC-4_Form AOC4_18_11_2025.pdf,dfdc476c212539ccb6f3bbd7455424f7454e8142e8b6788334754490f3109a38,2026-08-26T00:00:00Z
DOC_A714CF117315,U65993MH1982PTC027783,ANNUAL_RETURN,Form MGT-7-12122019 signed 1769401341049,MCA / Official Corporate Filing,2019-03-31,file:///Users/apple/Downloads/Shell companies/doc/BALBIR HOLDINGS PRIVATE LIMITED/Form MGT-7-12122019_signed_1769401341049.pdf,documents/BALBIR HOLDINGS PRIVATE LIMITED/Form MGT-7-12122019_signed_1769401341049.pdf,9aa67d929789735ed6264b9d85e07e0d3cb5b7c38844c92d11bacd92471c16f4,2026-08-26T00:00:00Z
DOC_40DDB754DCB9,U65993MH1982PTC027783,INCORPORATION_CERTIFICATE,Certificate of Incorporation 1769401441308,MCA / Official Corporate Filing,,file:///Users/apple/Downloads/Shell companies/doc/BALBIR HOLDINGS PRIVATE LIMITED/Certificate of Incorporation_1769401441308.PDF,documents/BALBIR HOLDINGS PRIVATE LIMITED/Certificate of Incorporation_1769401441308.PDF,3c105e5effe7c71db8a19fd83d56ec7ff881551e995d5381e03e647773c8091b,2026-08-26T00:00:00Z
DOC_58B7FAECADFD,U65993MH1982PTC027783,FINANCIAL_STATEMENT,Form AOC-4-18122018 signed 1769401335724,MCA / Official Corporate Filing,2018-03-31,file:///Users/apple/Downloads/Shell companies/doc/BALBIR HOLDINGS PRIVATE LIMITED/Form AOC-4-18122018_signed_1769401335724.pdf,documents/BALBIR HOLDINGS PRIVATE LIMITED/Form AOC-4-18122018_signed_1769401335724.pdf,71dbf55d5d15406ccbd33ad57f793d2ee6ec68df021df2e4cfda2e5647c01bc9,2026-08-26T00:00:00Z
DOC_D8511A2746F7,U65993MH1982PTC027783,CORPORATE_FILING,AOA 1769401428242,MCA / Official Corporate Filing,,file:///Users/apple/Downloads/Shell companies/doc/BALBIR HOLDINGS PRIVATE LIMITED/AOA_1769401428242.PDF,documents/BALBIR HOLDINGS PRIVATE LIMITED/AOA_1769401428242.PDF,c2e548ae7a98f147da71760eea595068c247514dc47e413f53a9f9b6a2323367,2026-08-26T00:00:00Z
DOC_5184159013BF,U65993MH1982PTC027783,FINANCIAL_STATEMENT,Form AOC-4-12022021 1769401217763,MCA / Official Corporate Filing,2022-03-31,file:///Users/apple/Downloads/Shell companies/doc/BALBIR HOLDINGS PRIVATE LIMITED/Form AOC-4-12022021_1769401217763,documents/BALBIR HOLDINGS PRIVATE LIMITED/Form AOC-4-12022021_1769401217763,bee001d26a051f8e49a5e7c1a9504104d6cd7fbcbdf3053db5c9398d8f8a61ea,2026-08-26T00:00:00Z
DOC_D19BBC116C39,U65993MH1982PTC027783,ANNUAL_RETURN,Form MGT-7-02032021 signed 1769401226041,MCA / Official Corporate Filing,2032-03-31,file:///Users/apple/Downloads/Shell companies/doc/BALBIR HOLDINGS PRIVATE LIMITED/Form MGT-7-02032021_signed_1769401226041.pdf,documents/BALBIR HOLDINGS PRIVATE LIMITED/Form MGT-7-02032021_signed_1769401226041.pdf,cd5b9de86abd9792d77defb2838aba47fed9c576ab946b95816a284ecd637ce7,2026-08-26T00:00:00Z
DOC_CD2E596446DD,U65993MH1982PTC027783,ANNUAL_RETURN,Form MGT-7-18122018 signed 1769401338445,MCA / Official Corporate Filing,2018-03-31,file:///Users/apple/Downloads/Shell companies/doc/BALBIR HOLDINGS PRIVATE LIMITED/Form MGT-7-18122018_signed_1769401338445.pdf,documents/BALBIR HOLDINGS PRIVATE LIMITED/Form MGT-7-18122018_signed_1769401338445.pdf,bae74cc1eff621b572cc329fd1d1346004d094735c44636f42116864285cafd4,2026-08-26T00:00:00Z
DOC_99E0A5D4F671,U65993MH1982PTC027783,CORPORATE_FILING,MOA 1769401429597,MCA / Official Corporate Filing,,file:///Users/apple/Downloads/Shell companies/doc/BALBIR HOLDINGS PRIVATE LIMITED/MOA_1769401429597.PDF,documents/BALBIR HOLDINGS PRIVATE LIMITED/MOA_1769401429597.PDF,da6fb63e761bca6ec0f5e8325d7d3d2bf3b5513e085fe53b2c2b100fdc6ca0a0,2026-08-26T00:00:00Z
DOC_F3625ED8357E,U65993MH1982PTC027783,COMPANY_MASTER_DATA,Master datars - MCA Services,MCA / Official Corporate Filing,,file:///Users/apple/Downloads/Shell companies/doc/BALBIR HOLDINGS PRIVATE LIMITED/Master datars - MCA Services.pdf,documents/BALBIR HOLDINGS PRIVATE LIMITED/Master datars - MCA Services.pdf,7403eb02125301b3c440aab9cbfd3bc3a835901bb79285b84543bd7c00a370a0,2026-08-26T00:00:00Z
DOC_65534EB53F0B,U65993MH1982PTC027783,FINANCIAL_STATEMENT,Form AOC-4-07122019 signed 1769401344896,MCA / Official Corporate Filing,2019-03-31,file:///Users/apple/Downloads/Shell companies/doc/BALBIR HOLDINGS PRIVATE LIMITED/Form AOC-4-07122019_signed_1769401344896.pdf,documents/BALBIR HOLDINGS PRIVATE LIMITED/Form AOC-4-07122019_signed_1769401344896.pdf,79794bae87733a4584a6f2337eda04958251332bb10b61d6d79cd7254ef7ebe6,2026-08-26T00:00:00Z
DOC_8C6B297C188B,U24110MH1998PTC113702,FINANCIAL_STATEMENT,AOC-4 XBRL Form AOC4XBRL 19 11 2015,MCA / Official Corporate Filing,2015-11-19,file:///Users/apple/Downloads/Shell companies/doc/DOW CHEMICAL INTERNATIONAL PRIVATE LIMITED/Annual Filing/AOC-4 XBRL_Form AOC4XBRL_19_11_2015.pdf,documents/DOW CHEMICAL INTERNATIONAL PRIVATE LIMITED/Annual Filing/AOC-4 XBRL_Form AOC4XBRL_19_11_2015.pdf,2db6c5a0be509e688655c7444389d944ee8cfb5005de50788d3b96e518aec647,2026-08-26T00:00:00Z
DOC_A96BA03CCE70,U24110MH1998PTC113702,CORPORATE_FILING,Form 23AC Form 23AC 04 11 2008,MCA / Official Corporate Filing,2008-11-04,file:///Users/apple/Downloads/Shell companies/doc/DOW CHEMICAL INTERNATIONAL PRIVATE LIMITED/Annual Filing/Form 23AC_Form 23AC_04_11_2008.pdf,documents/DOW CHEMICAL INTERNATIONAL PRIVATE LIMITED/Annual Filing/Form 23AC_Form 23AC_04_11_2008.pdf,a6726ee559a126bafa96109cf5a023de4bd382b9d29dc2055ef84a8620ce3b6b,2026-08-26T00:00:00Z
DOC_296E18D7D825,U24110MH1998PTC113702,FINANCIAL_STATEMENT,AOC-4 XBRL XBRL document in respect Consolidated financial statement 21 01 2020,MCA / Official Corporate Filing,2020-01-21,file:///Users/apple/Downloads/Shell companies/doc/DOW CHEMICAL INTERNATIONAL PRIVATE LIMITED/Annual Filing/AOC-4 XBRL_XBRL document in respect Consolidated financial statement_21_01_2020.pdf,documents/DOW CHEMICAL INTERNATIONAL PRIVATE LIMITED/Annual Filing/AOC-4 XBRL_XBRL document in respect Consolidated financial statement_21_01_2020.pdf,90ba1d5dc8c36f6f96a7c168357fb634a8163794bef9a70ba920a5e0ae550d49,2026-08-26T00:00:00Z
DOC_8517E11A3895,U24110MH1998PTC113702,CORPORATE_FILING,CSR-2 Form CSR2 20 12 2024,MCA / Official Corporate Filing,2024-12-20,file:///Users/apple/Downloads/Shell companies/doc/DOW CHEMICAL INTERNATIONAL PRIVATE LIMITED/Annual Filing/CSR-2_Form CSR2_20_12_2024.pdf,documents/DOW CHEMICAL INTERNATIONAL PRIVATE LIMITED/Annual Filing/CSR-2_Form CSR2_20_12_2024.pdf,88d81b45475c8142e56e403b70e2880bd342ffa1ed707a8b2f59b46c45596e2b,2026-08-26T00:00:00Z
DOC_0528FF7E64B4,U24110MH1998PTC113702,ANNUAL_RETURN,MGT-7 Revised1 Copy of MGT8 29 11 2021,MCA / Official Corporate Filing,2021-11-29,file:///Users/apple/Downloads/Shell companies/doc/DOW CHEMICAL INTERNATIONAL PRIVATE LIMITED/Annual Filing/MGT-7_Revised1 Copy of MGT8_29_11_2021.pdf,documents/DOW CHEMICAL INTERNATIONAL PRIVATE LIMITED/Annual Filing/MGT-7_Revised1 Copy of MGT8_29_11_2021.pdf,e713eccd1b9798b59ce61a1bcdff5d105a08904dc630f7a7dda2f0f2a8474a7b,2026-08-26T00:00:00Z
DOC_6068C176D47D,U24110MH1998PTC113702,CORPORATE_FILING,CSR-2 Optional attachments if any 27 03 2024,MCA / Official Corporate Filing,2024-03-27,file:///Users/apple/Downloads/Shell companies/doc/DOW CHEMICAL INTERNATIONAL PRIVATE LIMITED/Annual Filing/CSR-2_Optional attachments if any_27_03_2024.pdf,documents/DOW CHEMICAL INTERNATIONAL PRIVATE LIMITED/Annual Filing/CSR-2_Optional attachments if any_27_03_2024.pdf,868ad897ee7c518e05edb8ec374cd327589d44748987d66b203e32dc681e78b5,2026-08-26T00:00:00Z
DOC_6B008C3654AE,U24110MH1998PTC113702,ANNUAL_RETURN,MGT-7 List of share holders debenture holders 23 11 2023,MCA / Official Corporate Filing,2023-11-23,file:///Users/apple/Downloads/Shell companies/doc/DOW CHEMICAL INTERNATIONAL PRIVATE LIMITED/Annual Filing/MGT-7_List of share holders debenture holders_23_11_2023.pdf,documents/DOW CHEMICAL INTERNATIONAL PRIVATE LIMITED/Annual Filing/MGT-7_List of share holders debenture holders_23_11_2023.pdf,dfbf08af78132565b7a8689171d0e191b956e4c2a92cc38ace95f53cb73e016d,2026-08-26T00:00:00Z
DOC_81CE81CE5613,U24110MH1998PTC113702,ANNUAL_RETURN,MGT-7 Copy of MGT8 23 02 2021,MCA / Official Corporate Filing,2021-02-23,file:///Users/apple/Downloads/Shell companies/doc/DOW CHEMICAL INTERNATIONAL PRIVATE LIMITED/Annual Filing/MGT-7_Copy of MGT8_23_02_2021.pdf,documents/DOW CHEMICAL INTERNATIONAL PRIVATE LIMITED/Annual Filing/MGT-7_Copy of MGT8_23_02_2021.pdf,15558743012403edf17356bbd5d3d6207f43556689addadebd25c88b141a6775,2026-08-26T00:00:00Z
DOC_B12B136A1AE8,U24110MH1998PTC113702,FINANCIAL_STATEMENT,AOC-4 XBRL XBRL document in respect Consolidated financial statement 02 03 2021,MCA / Official Corporate Filing,2021-03-02,file:///Users/apple/Downloads/Shell companies/doc/DOW CHEMICAL INTERNATIONAL PRIVATE LIMITED/Annual Filing/AOC-4 XBRL_XBRL document in respect Consolidated financial statement_02_03_2021.pdf,documents/DOW CHEMICAL INTERNATIONAL PRIVATE LIMITED/Annual Filing/AOC-4 XBRL_XBRL document in respect Consolidated financial statement_02_03_2021.pdf,12504ee6302247f8dbff025294bfdf6836e661866b2b3913e6db5396efb60ed8,2026-08-26T00:00:00Z
DOC_F5EE321F3996,U24110MH1998PTC113702,FINANCIAL_STATEMENT,AOC-4 XBRL XBRL document in respect Consolidated financial statement 22 11 2022,MCA / Official Corporate Filing,2022-11-22,file:///Users/apple/Downloads/Shell companies/doc/DOW CHEMICAL INTERNATIONAL PRIVATE LIMITED/Annual Filing/AOC-4 XBRL_XBRL document in respect Consolidated financial statement_22_11_2022.pdf,documents/DOW CHEMICAL INTERNATIONAL PRIVATE LIMITED/Annual Filing/AOC-4 XBRL_XBRL document in respect Consolidated financial statement_22_11_2022.pdf,16fb7d3c142dc340f4a94ea26644a72a74e1048d56d0ffcd52ba49087a4ce49f,2026-08-26T00:00:00Z
DOC_6D33BCF85BA8,U24110MH1998PTC113702,CORPORATE_FILING,Form 23AC XBRL Form 23ACXBRL 07 11 2014,MCA / Official Corporate Filing,2014-11-07,file:///Users/apple/Downloads/Shell companies/doc/DOW CHEMICAL INTERNATIONAL PRIVATE LIMITED/Annual Filing/Form 23AC XBRL_Form 23ACXBRL_07_11_2014.pdf,documents/DOW CHEMICAL INTERNATIONAL PRIVATE LIMITED/Annual Filing/Form 23AC XBRL_Form 23ACXBRL_07_11_2014.pdf,cc78718ce5983d7a6e01d48879a7cebcb628967f1992a6c5c45456bea1585e86,2026-08-26T00:00:00Z
DOC_491C1F3855EA,U24110MH1998PTC113702,ANNUAL_RETURN,MGT-7 Approval letter for extension of AGM 23 02 2021,MCA / Official Corporate Filing,2021-02-23,file:///Users/apple/Downloads/Shell companies/doc/DOW CHEMICAL INTERNATIONAL PRIVATE LIMITED/Annual Filing/MGT-7_Approval letter for extension of AGM_23_02_2021.pdf,documents/DOW CHEMICAL INTERNATIONAL PRIVATE LIMITED/Annual Filing/MGT-7_Approval letter for extension of AGM_23_02_2021.pdf,7fdc982fc899f8aeceb10df0cc975e282e53e88ef79a43c70559ebe13586a3da,2026-08-26T00:00:00Z
DOC_8EF185B7A781,U24110MH1998PTC113702,CORPORATE_FILING,Form 23AC Form 23AC 26 09 2006,MCA / Official Corporate Filing,2006-09-26,file:///Users/apple/Downloads/Shell companies/doc/DOW CHEMICAL INTERNATIONAL PRIVATE LIMITED/Annual Filing/Form 23AC_Form 23AC_26_09_2006.pdf,documents/DOW CHEMICAL INTERNATIONAL PRIVATE LIMITED/Annual Filing/Form 23AC_Form 23AC_26_09_2006.pdf,00a2328598f8193efba4ee874518a5ff24246ac9a6fe45245b1bcaf80dc5b34f,2026-08-26T00:00:00Z
DOC_8682E7F8506A,U24110MH1998PTC113702,ANNUAL_RETURN,MGT-7 Copy of MGT8 24 11 2022,MCA / Official Corporate Filing,2022-11-24,file:///Users/apple/Downloads/Shell companies/doc/DOW CHEMICAL INTERNATIONAL PRIVATE LIMITED/Annual Filing/MGT-7_Copy of MGT8_24_11_2022.pdf,documents/DOW CHEMICAL INTERNATIONAL PRIVATE LIMITED/Annual Filing/MGT-7_Copy of MGT8_24_11_2022.pdf,4a4bb2448d6e9fe8f7e054756d92b2225ed64d46c781ead71fc4f92ab5fd6720,2026-08-26T00:00:00Z
DOC_856603535763,U24110MH1998PTC113702,ANNUAL_RETURN,MGT-7 Form MGT7 16 01 2018,MCA / Official Corporate Filing,2018-01-16,file:///Users/apple/Downloads/Shell companies/doc/DOW CHEMICAL INTERNATIONAL PRIVATE LIMITED/Annual Filing/MGT-7_Form MGT7_16_01_2018.pdf,documents/DOW CHEMICAL INTERNATIONAL PRIVATE LIMITED/Annual Filing/MGT-7_Form MGT7_16_01_2018.pdf,5bae70bd853b921024fff2acdedc214d16c8f1be1ad8db77b34a4afc237821ee,2026-08-26T00:00:00Z
DOC_94AC92806F4A,U24110MH1998PTC113702,ANNUAL_RETURN,MGT-7 Photograph of the registered office of the Company showing external building and name prominently v... 08 10 2025,MCA / Official Corporate Filing,2025-10-08,file:///Users/apple/Downloads/Shell companies/doc/DOW CHEMICAL INTERNATIONAL PRIVATE LIMITED/Annual Filing/MGT-7_Photograph of the registered office of the Company showing external building and name prominently v..._08_10_2025.pdf,documents/DOW CHEMICAL INTERNATIONAL PRIVATE LIMITED/Annual Filing/MGT-7_Photograph of the registered office of the Company showing external building and name prominently v..._08_10_2025.pdf,920cc4d298dc13c4e00b9a702de2e50869282d60e47eb9705511e9863e0f5590,2026-08-26T00:00:00Z
DOC_3A8287D279F0,U24110MH1998PTC113702,CORPORATE_FILING,Form 23AC XBRL Form 23ACXBRL 24 12 2011,MCA / Official Corporate Filing,2011-12-24,file:///Users/apple/Downloads/Shell companies/doc/DOW CHEMICAL INTERNATIONAL PRIVATE LIMITED/Annual Filing/Form 23AC XBRL_Form 23ACXBRL_24_12_2011.pdf,documents/DOW CHEMICAL INTERNATIONAL PRIVATE LIMITED/Annual Filing/Form 23AC XBRL_Form 23ACXBRL_24_12_2011.pdf,83ca73d5cc4180b84208039e4c30b705127c8dc01e18faed47662293b54c6027,2026-08-26T00:00:00Z
DOC_E474062BEBCD,U24110MH1998PTC113702,FINANCIAL_STATEMENT,AOC-4 XBRL Form AOC4XBRL 24 04 2018,MCA / Official Corporate Filing,2018-04-24,file:///Users/apple/Downloads/Shell companies/doc/DOW CHEMICAL INTERNATIONAL PRIVATE LIMITED/Annual Filing/AOC-4 XBRL_Form AOC4XBRL_24_04_2018.pdf,documents/DOW CHEMICAL INTERNATIONAL PRIVATE LIMITED/Annual Filing/AOC-4 XBRL_Form AOC4XBRL_24_04_2018.pdf,c00cf42407562ab1cfdb53e017757405772aac07dfee1e12a72afb3462276672,2026-08-26T00:00:00Z
DOC_D8E804759534,U24110MH1998PTC113702,ANNUAL_RETURN,MGT-7 Form MGT7 16 01 2019,MCA / Official Corporate Filing,2019-01-16,file:///Users/apple/Downloads/Shell companies/doc/DOW CHEMICAL INTERNATIONAL PRIVATE LIMITED/Annual Filing/MGT-7_Form MGT7_16_01_2019.pdf,documents/DOW CHEMICAL INTERNATIONAL PRIVATE LIMITED/Annual Filing/MGT-7_Form MGT7_16_01_2019.pdf,013af35195f1493bef2819fe2ecd71ee2c2625460e0e4c8f382df0d8a18a4d69,2026-08-26T00:00:00Z
DOC_7629DCA3DB69,U24110MH1998PTC113702,CORPORATE_FILING,Form 23AC XBRL Form 23ACXBRL 30 10 2013,MCA / Official Corporate Filing,2013-10-30,file:///Users/apple/Downloads/Shell companies/doc/DOW CHEMICAL INTERNATIONAL PRIVATE LIMITED/Annual Filing/Form 23AC XBRL_Form 23ACXBRL_30_10_2013.pdf,documents/DOW CHEMICAL INTERNATIONAL PRIVATE LIMITED/Annual Filing/Form 23AC XBRL_Form 23ACXBRL_30_10_2013.pdf,3fe10409b850c900a35e804a40363785b645eaa2df219952456f221c56133004,2026-08-26T00:00:00Z
DOC_0F867D7DBD92,U24110MH1998PTC113702,CORPORATE_FILING,CSR-2 Form CSR2 30 03 2022,MCA / Official Corporate Filing,2022-03-30,file:///Users/apple/Downloads/Shell companies/doc/DOW CHEMICAL INTERNATIONAL PRIVATE LIMITED/Annual Filing/CSR-2_Form CSR2_30_03_2022.pdf,documents/DOW CHEMICAL INTERNATIONAL PRIVATE LIMITED/Annual Filing/CSR-2_Form CSR2_30_03_2022.pdf,3e37be763d4109c96f63f1f8b3ab8730fab1273cb3f2d175531ce827b95acafc,2026-08-26T00:00:00Z
DOC_455EEFE28C39,U24110MH1998PTC113702,CORPORATE_FILING,Form 20B Form 20B 11 01 2013,MCA / Official Corporate Filing,2013-01-11,file:///Users/apple/Downloads/Shell companies/doc/DOW CHEMICAL INTERNATIONAL PRIVATE LIMITED/Annual Filing/Form 20B_Form 20B_11_01_2013.pdf,documents/DOW CHEMICAL INTERNATIONAL PRIVATE LIMITED/Annual Filing/Form 20B_Form 20B_11_01_2013.pdf,8f7239cd08e758b71bb06c2932c011eb676908ca50de709d0de22ef13236f5c8,2026-08-26T00:00:00Z
DOC_D51BE16EEE23,U24110MH1998PTC113702,FINANCIAL_STATEMENT,AOC-4 XBRL Form AOC4XBRL 18 10 2024,MCA / Official Corporate Filing,2024-10-18,file:///Users/apple/Downloads/Shell companies/doc/DOW CHEMICAL INTERNATIONAL PRIVATE LIMITED/Annual Filing/AOC-4 XBRL_Form AOC4XBRL_18_10_2024.pdf,documents/DOW CHEMICAL INTERNATIONAL PRIVATE LIMITED/Annual Filing/AOC-4 XBRL_Form AOC4XBRL_18_10_2024.pdf,2090e024d0d0a4c728ef3009b966f9051f194f96a9e30827c7ca38171f8b184c,2026-08-26T00:00:00Z
DOC_7332EE993DB4,U24110MH1998PTC113702,FINANCIAL_STATEMENT,AOC-4 XBRL Approval letter of extension of financial year of AGM 02 03 2021,MCA / Official Corporate Filing,2021-03-02,file:///Users/apple/Downloads/Shell companies/doc/DOW CHEMICAL INTERNATIONAL PRIVATE LIMITED/Annual Filing/AOC-4 XBRL_Approval letter of extension of financial year of AGM_02_03_2021.pdf,documents/DOW CHEMICAL INTERNATIONAL PRIVATE LIMITED/Annual Filing/AOC-4 XBRL_Approval letter of extension of financial year of AGM_02_03_2021.pdf,7fdc982fc899f8aeceb10df0cc975e282e53e88ef79a43c70559ebe13586a3da,2026-08-26T00:00:00Z
DOC_6E5C12EC1830,U24110MH1998PTC113702,ANNUAL_RETURN,MGT-7 Form MGT7 23 02 2021,MCA / Official Corporate Filing,2021-02-23,file:///Users/apple/Downloads/Shell companies/doc/DOW CHEMICAL INTERNATIONAL PRIVATE LIMITED/Annual Filing/MGT-7_Form MGT7_23_02_2021.pdf,documents/DOW CHEMICAL INTERNATIONAL PRIVATE LIMITED/Annual Filing/MGT-7_Form MGT7_23_02_2021.pdf,b91f85022f272f02a3b5dc2757dc279a4e8f066074921da5630e3b1c9e05dedd,2026-08-26T00:00:00Z
DOC_184ED6944CA0,U24110MH1998PTC113702,ANNUAL_RETURN,MGT-7 Form MGT7 29 01 2016,MCA / Official Corporate Filing,2016-01-29,file:///Users/apple/Downloads/Shell companies/doc/DOW CHEMICAL INTERNATIONAL PRIVATE LIMITED/Annual Filing/MGT-7_Form MGT7_29_01_2016.pdf,documents/DOW CHEMICAL INTERNATIONAL PRIVATE LIMITED/Annual Filing/MGT-7_Form MGT7_29_01_2016.pdf,dac0100160a29c624fd84aa9be25256d7c08edff27488a1414a812cabe8b212b,2026-08-26T00:00:00Z
DOC_4ABD75C14015,U24110MH1998PTC113702,ANNUAL_RETURN,MGT-7 Copy of MGT8 16 01 2019,MCA / Official Corporate Filing,2019-01-16,file:///Users/apple/Downloads/Shell companies/doc/DOW CHEMICAL INTERNATIONAL PRIVATE LIMITED/Annual Filing/MGT-7_Copy of MGT8_16_01_2019.pdf,documents/DOW CHEMICAL INTERNATIONAL PRIVATE LIMITED/Annual Filing/MGT-7_Copy of MGT8_16_01_2019.pdf,b819f44b7c2ed6ad0d588ecca97db989dbdddea3f060468a903716f874517996,2026-08-26T00:00:00Z
DOC_786158D62259,U24110MH1998PTC113702,FINANCIAL_STATEMENT,AOC-4 XBRL Approval letter of extension of financial year of AGM 26 12 2018,MCA / Official Corporate Filing,2018-12-26,file:///Users/apple/Downloads/Shell companies/doc/DOW CHEMICAL INTERNATIONAL PRIVATE LIMITED/Annual Filing/AOC-4 XBRL_Approval letter of extension of financial year of AGM_26_12_2018.pdf,documents/DOW CHEMICAL INTERNATIONAL PRIVATE LIMITED/Annual Filing/AOC-4 XBRL_Approval letter of extension of financial year of AGM_26_12_2018.pdf,a6b07cd672cf1d9626deb290b1396a71cd70f5d4269a534fc9f43173511b9855,2026-08-26T00:00:00Z
DOC_433FA8D06161,U24110MH1998PTC113702,ANNUAL_RETURN,MGT-7 Form MGT7 24 11 2022,MCA / Official Corporate Filing,2022-11-24,file:///Users/apple/Downloads/Shell companies/doc/DOW CHEMICAL INTERNATIONAL PRIVATE LIMITED/Annual Filing/MGT-7_Form MGT7_24_11_2022.pdf,documents/DOW CHEMICAL INTERNATIONAL PRIVATE LIMITED/Annual Filing/MGT-7_Form MGT7_24_11_2022.pdf,0311963641829167de8359de23b58751e436da2cb366500d8a3070697b955811,2026-08-26T00:00:00Z
DOC_ECFE5130FDAF,U24110MH1998PTC113702,ANNUAL_RETURN,MGT-7 Approval letter for extension of AGM 16 01 2019,MCA / Official Corporate Filing,2019-01-16,file:///Users/apple/Downloads/Shell companies/doc/DOW CHEMICAL INTERNATIONAL PRIVATE LIMITED/Annual Filing/MGT-7_Approval letter for extension of AGM_16_01_2019.pdf,documents/DOW CHEMICAL INTERNATIONAL PRIVATE LIMITED/Annual Filing/MGT-7_Approval letter for extension of AGM_16_01_2019.pdf,733f3d550869e954b1db31b7547b9227e054c22a02b0155ed1d0672aea27645c,2026-08-26T00:00:00Z
DOC_608179DB6322,U24110MH1998PTC113702,ANNUAL_RETURN,MGT-7 Copy of MGT8 16 01 2018,MCA / Official Corporate Filing,2018-01-16,file:///Users/apple/Downloads/Shell companies/doc/DOW CHEMICAL INTERNATIONAL PRIVATE LIMITED/Annual Filing/MGT-7_Copy of MGT8_16_01_2018.pdf,documents/DOW CHEMICAL INTERNATIONAL PRIVATE LIMITED/Annual Filing/MGT-7_Copy of MGT8_16_01_2018.pdf,35d4a32cc38bc8afa34370c2eb2eefded41edf56282ec7872a9a2b303e1424ae,2026-08-26T00:00:00Z
DOC_733B02EE837C,U24110MH1998PTC113702,ANNUAL_RETURN,MGT-7 Copy of MGT8 29 11 2016,MCA / Official Corporate Filing,2016-11-29,file:///Users/apple/Downloads/Shell companies/doc/DOW CHEMICAL INTERNATIONAL PRIVATE LIMITED/Annual Filing/MGT-7_Copy of MGT8_29_11_2016.pdf,documents/DOW CHEMICAL INTERNATIONAL PRIVATE LIMITED/Annual Filing/MGT-7_Copy of MGT8_29_11_2016.pdf,01519ace5bbab5481d411d7d11df05fb7c436d384b78c8441ca4ea74681aa1e8,2026-08-26T00:00:00Z
DOC_2450FF06A31E,U24110MH1998PTC113702,FINANCIAL_STATEMENT,AOC-4 XBRL Revised1 Form AOC4XBRL 27 10 2023 1,MCA / Official Corporate Filing,2023-10-27,file:///Users/apple/Downloads/Shell companies/doc/DOW CHEMICAL INTERNATIONAL PRIVATE LIMITED/Annual Filing/AOC-4 XBRL_Revised1 Form AOC4XBRL_27_10_2023_1.pdf,documents/DOW CHEMICAL INTERNATIONAL PRIVATE LIMITED/Annual Filing/AOC-4 XBRL_Revised1 Form AOC4XBRL_27_10_2023_1.pdf,fb388fbe4e831b9d402ba5cd14b2462000c28c371cda62f4145a4247a7e4a6f9,2026-08-26T00:00:00Z
DOC_3D2C3B8535EE,U24110MH1998PTC113702,FINANCIAL_STATEMENT,AOC-4 XBRL Approval letter of extension of financial year of AGM 21 01 2020,MCA / Official Corporate Filing,2020-01-21,file:///Users/apple/Downloads/Shell companies/doc/DOW CHEMICAL INTERNATIONAL PRIVATE LIMITED/Annual Filing/AOC-4 XBRL_Approval letter of extension of financial year of AGM_21_01_2020.pdf,documents/DOW CHEMICAL INTERNATIONAL PRIVATE LIMITED/Annual Filing/AOC-4 XBRL_Approval letter of extension of financial year of AGM_21_01_2020.pdf,0c2604b8b2e08ea6a7d217ea295479498afad1a174d2784aba8262a6bddbc0cf,2026-08-26T00:00:00Z
DOC_2D9A905948D5,U24110MH1998PTC113702,ANNUAL_RETURN,MGT-7 List of share holders debenture holders 20 11 2024,MCA / Official Corporate Filing,2024-11-20,file:///Users/apple/Downloads/Shell companies/doc/DOW CHEMICAL INTERNATIONAL PRIVATE LIMITED/Annual Filing/MGT-7_List of share holders debenture holders_20_11_2024.pdf,documents/DOW CHEMICAL INTERNATIONAL PRIVATE LIMITED/Annual Filing/MGT-7_List of share holders debenture holders_20_11_2024.pdf,5a7fb645fa5d7bde98f5ae7d5859b150d88e26219b6104cf75dfbdba51e123dc,2026-08-26T00:00:00Z
DOC_CD431BE4C263,U24110MH1998PTC113702,CORPORATE_FILING,CSR-2 Form CSR2 29 03 2023,MCA / Official Corporate Filing,2023-03-29,file:///Users/apple/Downloads/Shell companies/doc/DOW CHEMICAL INTERNATIONAL PRIVATE LIMITED/Annual Filing/CSR-2_Form CSR2_29_03_2023.pdf,documents/DOW CHEMICAL INTERNATIONAL PRIVATE LIMITED/Annual Filing/CSR-2_Form CSR2_29_03_2023.pdf,db4e734784a5670a7217a0445d31cbc08166f4b89616fb58fce641e92d37efa9,2026-08-26T00:00:00Z
DOC_6C4E8426E378,U24110MH1998PTC113702,ANNUAL_RETURN,MGT-7 List of share holders debenture holders 10 02 2020,MCA / Official Corporate Filing,2020-02-10,file:///Users/apple/Downloads/Shell companies/doc/DOW CHEMICAL INTERNATIONAL PRIVATE LIMITED/Annual Filing/MGT-7_List of share holders debenture holders_10_02_2020.pdf,documents/DOW CHEMICAL INTERNATIONAL PRIVATE LIMITED/Annual Filing/MGT-7_List of share holders debenture holders_10_02_2020.pdf,786490a77b95d1c10a31d6b40317285e5d7d0d61ad6be9d9eba683b8852a5cdd,2026-08-26T00:00:00Z
DOC_D828C7CB7329,U24110MH1998PTC113702,CORPORATE_FILING,CSR-2 Form CSR2 (1) 10 10 2025,MCA / Official Corporate Filing,2025-10-10,file:///Users/apple/Downloads/Shell companies/doc/DOW CHEMICAL INTERNATIONAL PRIVATE LIMITED/Annual Filing/CSR-2_Form CSR2 (1)_10_10_2025.pdf,documents/DOW CHEMICAL INTERNATIONAL PRIVATE LIMITED/Annual Filing/CSR-2_Form CSR2 (1)_10_10_2025.pdf,ef7dbd3c3e5755bc284690bbc0047018e5036937e638ab5ca9f884e262acfd65,2026-08-26T00:00:00Z
DOC_264F0A1FB41A,U24110MH1998PTC113702,ANNUAL_RETURN,MGT-7 Revised1 Form MGT7 29 11 2016,MCA / Official Corporate Filing,2016-11-29,file:///Users/apple/Downloads/Shell companies/doc/DOW CHEMICAL INTERNATIONAL PRIVATE LIMITED/Annual Filing/MGT-7_Revised1 Form MGT7_29_11_2016.pdf,documents/DOW CHEMICAL INTERNATIONAL PRIVATE LIMITED/Annual Filing/MGT-7_Revised1 Form MGT7_29_11_2016.pdf,074db5e9cb0d3a3418d41fe9528166abbe79afe889c2dd576cb7040e0568fbff,2026-08-26T00:00:00Z
DOC_D6077276FD0B,U24110MH1998PTC113702,CORPORATE_FILING,CSR-2 Form CSR2 10 10 2025,MCA / Official Corporate Filing,2025-10-10,file:///Users/apple/Downloads/Shell companies/doc/DOW CHEMICAL INTERNATIONAL PRIVATE LIMITED/Annual Filing/CSR-2_Form CSR2_10_10_2025.pdf,documents/DOW CHEMICAL INTERNATIONAL PRIVATE LIMITED/Annual Filing/CSR-2_Form CSR2_10_10_2025.pdf,f5e0e3033f8ce61519c4e39879b6f57ba6b4a5990c713ad981704a3f982f6a93,2026-08-26T00:00:00Z
DOC_FD484FED12E5,U24110MH1998PTC113702,FINANCIAL_STATEMENT,AOC-4 XBRL Form AOC4XBRL 27 10 2023 1,MCA / Official Corporate Filing,2023-10-27,file:///Users/apple/Downloads/Shell companies/doc/DOW CHEMICAL INTERNATIONAL PRIVATE LIMITED/Annual Filing/AOC-4 XBRL_Form AOC4XBRL_27_10_2023_1.pdf,documents/DOW CHEMICAL INTERNATIONAL PRIVATE LIMITED/Annual Filing/AOC-4 XBRL_Form AOC4XBRL_27_10_2023_1.pdf,c3e4ba84999d5deb63a1d83f2c62685dbd49088d91b525269b7e88d5aa0e8a68,2026-08-26T00:00:00Z
DOC_42280E9D3FB5,U24110MH1998PTC113702,CORPORATE_FILING,Form 20B Form 20B 27 11 2007,MCA / Official Corporate Filing,2007-11-27,file:///Users/apple/Downloads/Shell companies/doc/DOW CHEMICAL INTERNATIONAL PRIVATE LIMITED/Annual Filing/Form 20B_Form 20B_27_11_2007.pdf,documents/DOW CHEMICAL INTERNATIONAL PRIVATE LIMITED/Annual Filing/Form 20B_Form 20B_27_11_2007.pdf,4236ee33400a4c6dfa0ca45f3e6322476e68d4c07c5a2f4db63d6a4ebf995ae3,2026-08-26T00:00:00Z
DOC_737CB4300738,U24110MH1998PTC113702,ANNUAL_RETURN,MGT-7 List of share holders debenture holders 29 11 2016,MCA / Official Corporate Filing,2016-11-29,file:///Users/apple/Downloads/Shell companies/doc/DOW CHEMICAL INTERNATIONAL PRIVATE LIMITED/Annual Filing/MGT-7_List of share holders debenture holders_29_11_2016.pdf,documents/DOW CHEMICAL INTERNATIONAL PRIVATE LIMITED/Annual Filing/MGT-7_List of share holders debenture holders_29_11_2016.pdf,5a3a474537d6cf9fa3b46e38e41ab18202cce2ca79d5f4d819182dd78a1fc12c,2026-08-26T00:00:00Z
DOC_238759F4E471,U24110MH1998PTC113702,ANNUAL_RETURN,MGT-7 Approval letter for extension of AGM 10 02 2020,MCA / Official Corporate Filing,2020-02-10,file:///Users/apple/Downloads/Shell companies/doc/DOW CHEMICAL INTERNATIONAL PRIVATE LIMITED/Annual Filing/MGT-7_Approval letter for extension of AGM_10_02_2020.pdf,documents/DOW CHEMICAL INTERNATIONAL PRIVATE LIMITED/Annual Filing/MGT-7_Approval letter for extension of AGM_10_02_2020.pdf,9f4db6ac88bff49c3982e2ae611305138ca9993128340129ee83cae24553a74d,2026-08-26T00:00:00Z
DOC_442578460D3B,U24110MH1998PTC113702,CORPORATE_FILING,Form 23AC Form 23AC 12 10 2010,MCA / Official Corporate Filing,2010-10-12,file:///Users/apple/Downloads/Shell companies/doc/DOW CHEMICAL INTERNATIONAL PRIVATE LIMITED/Annual Filing/Form 23AC_Form 23AC_12_10_2010.pdf,documents/DOW CHEMICAL INTERNATIONAL PRIVATE LIMITED/Annual Filing/Form 23AC_Form 23AC_12_10_2010.pdf,89f2de91a3250b4f63e3a120c735916658e963b435ea2397cb5ab7998b5f1f69,2026-08-26T00:00:00Z
DOC_7B35D82238FE,U24110MH1998PTC113702,CORPORATE_FILING,Form 20B Form 20B 06 01 2012,MCA / Official Corporate Filing,2012-01-06,file:///Users/apple/Downloads/Shell companies/doc/DOW CHEMICAL INTERNATIONAL PRIVATE LIMITED/Annual Filing/Form 20B_Form 20B_06_01_2012.pdf,documents/DOW CHEMICAL INTERNATIONAL PRIVATE LIMITED/Annual Filing/Form 20B_Form 20B_06_01_2012.pdf,218f5b3ced8f2d907d46e3a4ffc35499aa0ffa181a4d024d194f265ef5eb3ae6,2026-08-26T00:00:00Z
DOC_97864F154461,U24110MH1998PTC113702,CORPORATE_FILING,CSR-2 Optional attachments if any 20 12 2024,MCA / Official Corporate Filing,2024-12-20,file:///Users/apple/Downloads/Shell companies/doc/DOW CHEMICAL INTERNATIONAL PRIVATE LIMITED/Annual Filing/CSR-2_Optional attachments if any_20_12_2024.pdf,documents/DOW CHEMICAL INTERNATIONAL PRIVATE LIMITED/Annual Filing/CSR-2_Optional attachments if any_20_12_2024.pdf,43603a4066b44eee1f1be68f8dae058ab6f5f0db38147eddc7e1458ba7724a0f,2026-08-26T00:00:00Z
DOC_253DD95A6A42,U24110MH1998PTC113702,CORPORATE_FILING,Form 20B Form 20B 22 10 2014,MCA / Official Corporate Filing,2014-10-22,file:///Users/apple/Downloads/Shell companies/doc/DOW CHEMICAL INTERNATIONAL PRIVATE LIMITED/Annual Filing/Form 20B_Form 20B_22_10_2014.pdf,documents/DOW CHEMICAL INTERNATIONAL PRIVATE LIMITED/Annual Filing/Form 20B_Form 20B_22_10_2014.pdf,a6a633139fbb326aced3b7c6d5b6bbaa7f9e697f137aef54277545b5e358d179,2026-08-26T00:00:00Z
DOC_9A517E5DC90D,U24110MH1998PTC113702,ANNUAL_RETURN,MGT-7 Copy of MGT8 10 02 2020,MCA / Official Corporate Filing,2020-02-10,file:///Users/apple/Downloads/Shell companies/doc/DOW CHEMICAL INTERNATIONAL PRIVATE LIMITED/Annual Filing/MGT-7_Copy of MGT8_10_02_2020.pdf,documents/DOW CHEMICAL INTERNATIONAL PRIVATE LIMITED/Annual Filing/MGT-7_Copy of MGT8_10_02_2020.pdf,539f4dedd024d80e618ab1aec01c68e776153238d121c266f778486364cc62f5,2026-08-26T00:00:00Z
DOC_EAE76A3A8A1B,U24110MH1998PTC113702,CORPORATE_FILING,Form 20B Form 20B 15 11 2010,MCA / Official Corporate Filing,2010-11-15,file:///Users/apple/Downloads/Shell companies/doc/DOW CHEMICAL INTERNATIONAL PRIVATE LIMITED/Annual Filing/Form 20B_Form 20B_15_11_2010.pdf,documents/DOW CHEMICAL INTERNATIONAL PRIVATE LIMITED/Annual Filing/Form 20B_Form 20B_15_11_2010.pdf,466864fd2b4df2e55774a23f34a282c593414cea9c51bbfc856113bcddc140c8,2026-08-26T00:00:00Z
DOC_309838F7D844,U24110MH1998PTC113702,CORPORATE_FILING,Form 23AC Form 23AC 15 10 2009,MCA / Official Corporate Filing,2009-10-15,file:///Users/apple/Downloads/Shell companies/doc/DOW CHEMICAL INTERNATIONAL PRIVATE LIMITED/Annual Filing/Form 23AC_Form 23AC_15_10_2009.pdf,documents/DOW CHEMICAL INTERNATIONAL PRIVATE LIMITED/Annual Filing/Form 23AC_Form 23AC_15_10_2009.pdf,23855b85ee08eda98ac31ad9cb6f80dbde2c7409550dec997165454cbef149f6,2026-08-26T00:00:00Z
DOC_354D08C65BFE,U24110MH1998PTC113702,ANNUAL_RETURN,MGT-7 Copy of MGT8 20 11 2024,MCA / Official Corporate Filing,2024-11-20,file:///Users/apple/Downloads/Shell companies/doc/DOW CHEMICAL INTERNATIONAL PRIVATE LIMITED/Annual Filing/MGT-7_Copy of MGT8_20_11_2024.pdf,documents/DOW CHEMICAL INTERNATIONAL PRIVATE LIMITED/Annual Filing/MGT-7_Copy of MGT8_20_11_2024.pdf,5d9bbd0aec72173637f7987724c391a836d485c535e5ce1896ecfd5ebf49f711,2026-08-26T00:00:00Z
DOC_C6300856843B,U24110MH1998PTC113702,ANNUAL_RETURN,MGT-7 Form MGT7 23 11 2023,MCA / Official Corporate Filing,2023-11-23,file:///Users/apple/Downloads/Shell companies/doc/DOW CHEMICAL INTERNATIONAL PRIVATE LIMITED/Annual Filing/MGT-7_Form MGT7_23_11_2023.pdf,documents/DOW CHEMICAL INTERNATIONAL PRIVATE LIMITED/Annual Filing/MGT-7_Form MGT7_23_11_2023.pdf,fc3b2b204e93f2440f078a84c5aa894f9684184e9a206eb2fdaad85e80680a10,2026-08-26T00:00:00Z
DOC_D6425B57AC0D,U24110MH1998PTC113702,ANNUAL_RETURN,MGT-7 Revised1 Form MGT7 29 11 2021,MCA / Official Corporate Filing,2021-11-29,file:///Users/apple/Downloads/Shell companies/doc/DOW CHEMICAL INTERNATIONAL PRIVATE LIMITED/Annual Filing/MGT-7_Revised1 Form MGT7_29_11_2021.pdf,documents/DOW CHEMICAL INTERNATIONAL PRIVATE LIMITED/Annual Filing/MGT-7_Revised1 Form MGT7_29_11_2021.pdf,38ead522cb69d1efe469c41526906c80812843d645d3cdb53444e750ce7a2eb5,2026-08-26T00:00:00Z
DOC_57A74855F2E1,U24110MH1998PTC113702,CORPORATE_FILING,Form 23AC XBRL Form 23ACXBRL 09 01 2013,MCA / Official Corporate Filing,2013-01-09,file:///Users/apple/Downloads/Shell companies/doc/DOW CHEMICAL INTERNATIONAL PRIVATE LIMITED/Annual Filing/Form 23AC XBRL_Form 23ACXBRL_09_01_2013.pdf,documents/DOW CHEMICAL INTERNATIONAL PRIVATE LIMITED/Annual Filing/Form 23AC XBRL_Form 23ACXBRL_09_01_2013.pdf,eeac5b0b10244f44fcf6a631cb8e158110c9bf63a513f71983e2ab188783e6e8,2026-08-26T00:00:00Z
DOC_B8AC81D6895F,U24110MH1998PTC113702,CORPORATE_FILING,Form 20B Form 20B 17 11 2008,MCA / Official Corporate Filing,2008-11-17,file:///Users/apple/Downloads/Shell companies/doc/DOW CHEMICAL INTERNATIONAL PRIVATE LIMITED/Annual Filing/Form 20B_Form 20B_17_11_2008.pdf,documents/DOW CHEMICAL INTERNATIONAL PRIVATE LIMITED/Annual Filing/Form 20B_Form 20B_17_11_2008.pdf,9d5cf66a68af258594952ea4e9b69796255b610f464d0bec360abea05b73127c,2026-08-26T00:00:00Z
DOC_9C41D5048DF1,U24110MH1998PTC113702,FINANCIAL_STATEMENT,AOC-4 XBRL Form AOC4XBRL 26 07 2017,MCA / Official Corporate Filing,2017-07-26,file:///Users/apple/Downloads/Shell companies/doc/DOW CHEMICAL INTERNATIONAL PRIVATE LIMITED/Annual Filing/AOC-4 XBRL_Form AOC4XBRL_26_07_2017.pdf,documents/DOW CHEMICAL INTERNATIONAL PRIVATE LIMITED/Annual Filing/AOC-4 XBRL_Form AOC4XBRL_26_07_2017.pdf,d68ce3705859907a0902304418a620f67785aea06db52a0334009dbef445adf8,2026-08-26T00:00:00Z
DOC_B6C075AA8A27,U24110MH1998PTC113702,ANNUAL_RETURN,MGT-7 List of share holders debenture holders 16 01 2018,MCA / Official Corporate Filing,2018-01-16,file:///Users/apple/Downloads/Shell companies/doc/DOW CHEMICAL INTERNATIONAL PRIVATE LIMITED/Annual Filing/MGT-7_List of share holders debenture holders_16_01_2018.pdf,documents/DOW CHEMICAL INTERNATIONAL PRIVATE LIMITED/Annual Filing/MGT-7_List of share holders debenture holders_16_01_2018.pdf,83fdc3e710a544d9bcd3ad42167379a326274c20415ad58f57854d11bd810b75,2026-08-26T00:00:00Z
DOC_D544FB594E66,U24110MH1998PTC113702,CORPORATE_FILING,Form 20B Form 20B 30 11 2009,MCA / Official Corporate Filing,2009-11-30,file:///Users/apple/Downloads/Shell companies/doc/DOW CHEMICAL INTERNATIONAL PRIVATE LIMITED/Annual Filing/Form 20B_Form 20B_30_11_2009.pdf,documents/DOW CHEMICAL INTERNATIONAL PRIVATE LIMITED/Annual Filing/Form 20B_Form 20B_30_11_2009.pdf,2f6fb98459788c9bce54b66533bd72d4329cd90b92026bec4216745d66a1cf8d,2026-08-26T00:00:00Z
DOC_41C2595F0FA1,U24110MH1998PTC113702,ANNUAL_RETURN,MGT-7 Form MGT7 08 10 2025,MCA / Official Corporate Filing,2025-10-08,file:///Users/apple/Downloads/Shell companies/doc/DOW CHEMICAL INTERNATIONAL PRIVATE LIMITED/Annual Filing/MGT-7_Form MGT7_08_10_2025.pdf,documents/DOW CHEMICAL INTERNATIONAL PRIVATE LIMITED/Annual Filing/MGT-7_Form MGT7_08_10_2025.pdf,bb7ba6fdfdaab356cdd6076b31a7a2594bd2388f28786925e8e68ca39399832a,2026-08-26T00:00:00Z
DOC_50806279C7A0,U24110MH1998PTC113702,CORPORATE_FILING,CSR-2 Form CSR2 27 03 2024,MCA / Official Corporate Filing,2024-03-27,file:///Users/apple/Downloads/Shell companies/doc/DOW CHEMICAL INTERNATIONAL PRIVATE LIMITED/Annual Filing/CSR-2_Form CSR2_27_03_2024.pdf,documents/DOW CHEMICAL INTERNATIONAL PRIVATE LIMITED/Annual Filing/CSR-2_Form CSR2_27_03_2024.pdf,79e704edee18a7e6e5f5d97079d930149311ebfd380ad9c68f4a5884c703d1a3,2026-08-26T00:00:00Z
DOC_B2885916D5C9,U24110MH1998PTC113702,ANNUAL_RETURN,MGT-7 List of share holders debenture holders 16 01 2019,MCA / Official Corporate Filing,2019-01-16,file:///Users/apple/Downloads/Shell companies/doc/DOW CHEMICAL INTERNATIONAL PRIVATE LIMITED/Annual Filing/MGT-7_List of share holders debenture holders_16_01_2019.pdf,documents/DOW CHEMICAL INTERNATIONAL PRIVATE LIMITED/Annual Filing/MGT-7_List of share holders debenture holders_16_01_2019.pdf,e007c05b3ff6faeff969e86439cc0c0745a2229a79a413b9164c6ce4990e9c85,2026-08-26T00:00:00Z
DOC_A947A58998FB,U24110MH1998PTC113702,CORPORATE_FILING,Form 23AC Form 23AC 26 10 2007,MCA / Official Corporate Filing,2007-10-26,file:///Users/apple/Downloads/Shell companies/doc/DOW CHEMICAL INTERNATIONAL PRIVATE LIMITED/Annual Filing/Form 23AC_Form 23AC_26_10_2007.pdf,documents/DOW CHEMICAL INTERNATIONAL PRIVATE LIMITED/Annual Filing/Form 23AC_Form 23AC_26_10_2007.pdf,96a6be195eaf5695ba03658736dea6a7343500d9eb1142fb6afbf32f78aa6a9e,2026-08-26T00:00:00Z
DOC_8ED90015C7B0,U24110MH1998PTC113702,FINANCIAL_STATEMENT,AOC-4 XBRL Form AOC4XBRL 02 03 2021,MCA / Official Corporate Filing,2021-03-02,file:///Users/apple/Downloads/Shell companies/doc/DOW CHEMICAL INTERNATIONAL PRIVATE LIMITED/Annual Filing/AOC-4 XBRL_Form AOC4XBRL_02_03_2021.pdf,documents/DOW CHEMICAL INTERNATIONAL PRIVATE LIMITED/Annual Filing/AOC-4 XBRL_Form AOC4XBRL_02_03_2021.pdf,236540a2b0d42a224c2a1ce80fa9a79976d42ec901be116bf09851d1bb47cf72,2026-08-26T00:00:00Z
DOC_FA81B104F296,U24110MH1998PTC113702,CORPORATE_FILING,Form 20B Form 20B 21 11 2006,MCA / Official Corporate Filing,2006-11-21,file:///Users/apple/Downloads/Shell companies/doc/DOW CHEMICAL INTERNATIONAL PRIVATE LIMITED/Annual Filing/Form 20B_Form 20B_21_11_2006.pdf,documents/DOW CHEMICAL INTERNATIONAL PRIVATE LIMITED/Annual Filing/Form 20B_Form 20B_21_11_2006.pdf,a40d6a72686c13450ecd139ff3e574ff4c9936e3987f0ffb4bba03353b4bc778,2026-08-26T00:00:00Z
DOC_E6E108D5EBB2,U24110MH1998PTC113702,FINANCIAL_STATEMENT,AOC-4 XBRL Form AOC4XBRL 22 11 2022,MCA / Official Corporate Filing,2022-11-22,file:///Users/apple/Downloads/Shell companies/doc/DOW CHEMICAL INTERNATIONAL PRIVATE LIMITED/Annual Filing/AOC-4 XBRL_Form AOC4XBRL_22_11_2022.pdf,documents/DOW CHEMICAL INTERNATIONAL PRIVATE LIMITED/Annual Filing/AOC-4 XBRL_Form AOC4XBRL_22_11_2022.pdf,aa4bc0d4fc1794878582b799a0fe6af2e1a25eb08095a6de1acc373f9c8ee1d2,2026-08-26T00:00:00Z
DOC_290BF60DD708,U24110MH1998PTC113702,CORPORATE_FILING,CSR-2 Form CSR2 29 03 2023 2,MCA / Official Corporate Filing,2023-03-29,file:///Users/apple/Downloads/Shell companies/doc/DOW CHEMICAL INTERNATIONAL PRIVATE LIMITED/Annual Filing/CSR-2_Form CSR2_29_03_2023_2.pdf,documents/DOW CHEMICAL INTERNATIONAL PRIVATE LIMITED/Annual Filing/CSR-2_Form CSR2_29_03_2023_2.pdf,db4e734784a5670a7217a0445d31cbc08166f4b89616fb58fce641e92d37efa9,2026-08-26T00:00:00Z
DOC_94D585A24FC7,U24110MH1998PTC113702,ANNUAL_RETURN,MGT-7 Optional attachments if any 08 10 2025,MCA / Official Corporate Filing,2025-10-08,file:///Users/apple/Downloads/Shell companies/doc/DOW CHEMICAL INTERNATIONAL PRIVATE LIMITED/Annual Filing/MGT-7_Optional attachments if any_08_10_2025.pdf,documents/DOW CHEMICAL INTERNATIONAL PRIVATE LIMITED/Annual Filing/MGT-7_Optional attachments if any_08_10_2025.pdf,ad389f9346ecf9ac54495a28247de2976df93fec92eedc85488999f570b3b00d,2026-08-26T00:00:00Z
DOC_0A6C6A19B8BB,U24110MH1998PTC113702,ANNUAL_RETURN,MGT-7 List of share holders debenture holders 23 02 2021,MCA / Official Corporate Filing,2021-02-23,file:///Users/apple/Downloads/Shell companies/doc/DOW CHEMICAL INTERNATIONAL PRIVATE LIMITED/Annual Filing/MGT-7_List of share holders debenture holders_23_02_2021.pdf,documents/DOW CHEMICAL INTERNATIONAL PRIVATE LIMITED/Annual Filing/MGT-7_List of share holders debenture holders_23_02_2021.pdf,1a55a9c1d71bb34037639caf1e7c84649665e2e01454867578f9053993cbf6cd,2026-08-26T00:00:00Z
DOC_B803B9680BAA,U24110MH1998PTC113702,FINANCIAL_STATEMENT,AOC-4 XBRL Revised1 Form AOC4XBRL 27 10 2021,MCA / Official Corporate Filing,2021-10-27,file:///Users/apple/Downloads/Shell companies/doc/DOW CHEMICAL INTERNATIONAL PRIVATE LIMITED/Annual Filing/AOC-4 XBRL_Revised1 Form AOC4XBRL_27_10_2021.pdf,documents/DOW CHEMICAL INTERNATIONAL PRIVATE LIMITED/Annual Filing/AOC-4 XBRL_Revised1 Form AOC4XBRL_27_10_2021.pdf,9531bf004182a51ef94b7e48bbc23fb5577882ebaca8bc5dff3bbaeb3dd054b9,2026-08-26T00:00:00Z
DOC_D5E5A8011AEE,U24110MH1998PTC113702,ANNUAL_RETURN,MGT-7 Copy of MGT8 23 11 2023,MCA / Official Corporate Filing,2023-11-23,file:///Users/apple/Downloads/Shell companies/doc/DOW CHEMICAL INTERNATIONAL PRIVATE LIMITED/Annual Filing/MGT-7_Copy of MGT8_23_11_2023.pdf,documents/DOW CHEMICAL INTERNATIONAL PRIVATE LIMITED/Annual Filing/MGT-7_Copy of MGT8_23_11_2023.pdf,df21c9938315874f9e50c61c1c8bd7855778eee7e0418f041490df067076aa24,2026-08-26T00:00:00Z
DOC_0AF52B7EE0C4,U24110MH1998PTC113702,ANNUAL_RETURN,MGT-7 List of share holders debenture holders 08 10 2025,MCA / Official Corporate Filing,2025-10-08,file:///Users/apple/Downloads/Shell companies/doc/DOW CHEMICAL INTERNATIONAL PRIVATE LIMITED/Annual Filing/MGT-7_List of share holders debenture holders_08_10_2025.xlsm,documents/DOW CHEMICAL INTERNATIONAL PRIVATE LIMITED/Annual Filing/MGT-7_List of share holders debenture holders_08_10_2025.xlsm,324ab379076870b6d9ec1d81210037828f84c0a94e56d33dec29f83c01a826f0,2026-08-26T00:00:00Z
DOC_AF93C19FE675,U24110MH1998PTC113702,FINANCIAL_STATEMENT,AOC-4 XBRL Revised1 Form AOC4XBRL 27 10 2023,MCA / Official Corporate Filing,2023-10-27,file:///Users/apple/Downloads/Shell companies/doc/DOW CHEMICAL INTERNATIONAL PRIVATE LIMITED/Annual Filing/AOC-4 XBRL_Revised1 Form AOC4XBRL_27_10_2023.pdf,documents/DOW CHEMICAL INTERNATIONAL PRIVATE LIMITED/Annual Filing/AOC-4 XBRL_Revised1 Form AOC4XBRL_27_10_2023.pdf,fb388fbe4e831b9d402ba5cd14b2462000c28c371cda62f4145a4247a7e4a6f9,2026-08-26T00:00:00Z
DOC_ACCE35E052F8,U24110MH1998PTC113702,CORPORATE_FILING,CSR-2 Form CSR2 29 03 2023 1,MCA / Official Corporate Filing,2023-03-29,file:///Users/apple/Downloads/Shell companies/doc/DOW CHEMICAL INTERNATIONAL PRIVATE LIMITED/Annual Filing/CSR-2_Form CSR2_29_03_2023_1.pdf,documents/DOW CHEMICAL INTERNATIONAL PRIVATE LIMITED/Annual Filing/CSR-2_Form CSR2_29_03_2023_1.pdf,785031b06299109896b0f0d17a8dbee1bcf27c7c697f647a495c0ec4788a0e25,2026-08-26T00:00:00Z
DOC_317A02BC397A,U24110MH1998PTC113702,CORPORATE_FILING,Form 20B Form 20B 28 11 2013,MCA / Official Corporate Filing,2013-11-28,file:///Users/apple/Downloads/Shell companies/doc/DOW CHEMICAL INTERNATIONAL PRIVATE LIMITED/Annual Filing/Form 20B_Form 20B_28_11_2013.pdf,documents/DOW CHEMICAL INTERNATIONAL PRIVATE LIMITED/Annual Filing/Form 20B_Form 20B_28_11_2013.pdf,bfc57055edc29b416d67ea2209f97706830d961d273f07c0fbcb28d191279b32,2026-08-26T00:00:00Z
DOC_18E118FB382E,U24110MH1998PTC113702,ANNUAL_RETURN,MGT-7 List of share holders debenture holders 24 11 2022,MCA / Official Corporate Filing,2022-11-24,file:///Users/apple/Downloads/Shell companies/doc/DOW CHEMICAL INTERNATIONAL PRIVATE LIMITED/Annual Filing/MGT-7_List of share holders debenture holders_24_11_2022.pdf,documents/DOW CHEMICAL INTERNATIONAL PRIVATE LIMITED/Annual Filing/MGT-7_List of share holders debenture holders_24_11_2022.pdf,31d3115c66b661d4484e9907abae1fda7b87bf8aa9e96a028e3e00a811e07e07,2026-08-26T00:00:00Z
DOC_000F1FDFFA58,U24110MH1998PTC113702,FINANCIAL_STATEMENT,AOC-4 XBRL Form AOC4XBRL 21 01 2020,MCA / Official Corporate Filing,2020-01-21,file:///Users/apple/Downloads/Shell companies/doc/DOW CHEMICAL INTERNATIONAL PRIVATE LIMITED/Annual Filing/AOC-4 XBRL_Form AOC4XBRL_21_01_2020.pdf,documents/DOW CHEMICAL INTERNATIONAL PRIVATE LIMITED/Annual Filing/AOC-4 XBRL_Form AOC4XBRL_21_01_2020.pdf,17b4697dee665d5b4d6caac4bda32e58590da7210b9f76a582962a9ef56eda43,2026-08-26T00:00:00Z
DOC_964B67E73AAC,U24110MH1998PTC113702,FINANCIAL_STATEMENT,AOC-4 XBRL Optional attachments if any 26 07 2017,MCA / Official Corporate Filing,2017-07-26,file:///Users/apple/Downloads/Shell companies/doc/DOW CHEMICAL INTERNATIONAL PRIVATE LIMITED/Annual Filing/AOC-4 XBRL_Optional attachments if any_26_07_2017.pdf,documents/DOW CHEMICAL INTERNATIONAL PRIVATE LIMITED/Annual Filing/AOC-4 XBRL_Optional attachments if any_26_07_2017.pdf,9c37296b16512eb59f17bcc0ad3a4aa1c7d04be8f87829a8516d387975a1376a,2026-08-26T00:00:00Z
DOC_A625DAB31E0D,U24110MH1998PTC113702,FINANCIAL_STATEMENT,AOC-4 XBRL Form AOC4XBRL 10 10 2025,MCA / Official Corporate Filing,2025-10-10,file:///Users/apple/Downloads/Shell companies/doc/DOW CHEMICAL INTERNATIONAL PRIVATE LIMITED/Annual Filing/AOC-4 XBRL_Form AOC4XBRL_10_10_2025.pdf,documents/DOW CHEMICAL INTERNATIONAL PRIVATE LIMITED/Annual Filing/AOC-4 XBRL_Form AOC4XBRL_10_10_2025.pdf,74d4b69f8cf36ce63ff51c619f4b0610e3a0adec42b98610f80fd19b65ed1ec0,2026-08-26T00:00:00Z
DOC_987B4BB4C327,U24110MH1998PTC113702,ANNUAL_RETURN,MGT-7 Revised1 Optional attachments if any 08 10 2025,MCA / Official Corporate Filing,2025-10-08,file:///Users/apple/Downloads/Shell companies/doc/DOW CHEMICAL INTERNATIONAL PRIVATE LIMITED/Annual Filing/MGT-7_Revised1 Optional attachments if any_08_10_2025.pdf,documents/DOW CHEMICAL INTERNATIONAL PRIVATE LIMITED/Annual Filing/MGT-7_Revised1 Optional attachments if any_08_10_2025.pdf,6d2395de352d49981723c8878eb839da627f9fc9e961dc41dc21fac394161168,2026-08-26T00:00:00Z
DOC_867F481DA4E4,U24110MH1998PTC113702,FINANCIAL_STATEMENT,AOC-4 XBRL Revised1 Form AOC4XBRL 22 11 2022,MCA / Official Corporate Filing,2022-11-22,file:///Users/apple/Downloads/Shell companies/doc/DOW CHEMICAL INTERNATIONAL PRIVATE LIMITED/Annual Filing/AOC-4 XBRL_Revised1 Form AOC4XBRL_22_11_2022.pdf,documents/DOW CHEMICAL INTERNATIONAL PRIVATE LIMITED/Annual Filing/AOC-4 XBRL_Revised1 Form AOC4XBRL_22_11_2022.pdf,057ab4e7587172135d863d756a2d7a95eb59d690639760cc52058449aa075317,2026-08-26T00:00:00Z
DOC_A3FF064697FC,U24110MH1998PTC113702,ANNUAL_RETURN,MGT-7 List of share holders debenture holders 23 11 2023 1,MCA / Official Corporate Filing,2023-11-23,file:///Users/apple/Downloads/Shell companies/doc/DOW CHEMICAL INTERNATIONAL PRIVATE LIMITED/Annual Filing/MGT-7_List of share holders debenture holders_23_11_2023_1.pdf,documents/DOW CHEMICAL INTERNATIONAL PRIVATE LIMITED/Annual Filing/MGT-7_List of share holders debenture holders_23_11_2023_1.pdf,dfbf08af78132565b7a8689171d0e191b956e4c2a92cc38ace95f53cb73e016d,2026-08-26T00:00:00Z
DOC_93DED350908B,U24110MH1998PTC113702,CORPORATE_FILING,CSR-2 Optional attachments if any 29 03 2023,MCA / Official Corporate Filing,2023-03-29,file:///Users/apple/Downloads/Shell companies/doc/DOW CHEMICAL INTERNATIONAL PRIVATE LIMITED/Annual Filing/CSR-2_Optional attachments if any_29_03_2023.pdf,documents/DOW CHEMICAL INTERNATIONAL PRIVATE LIMITED/Annual Filing/CSR-2_Optional attachments if any_29_03_2023.pdf,736a1b8c1fe147af80c7a84e7a392f095ecfb9a1b5059e3f66fece45d880311a,2026-08-26T00:00:00Z
DOC_FCDF40092266,U24110MH1998PTC113702,ANNUAL_RETURN,MGT-7 Form MGT7 10 02 2020,MCA / Official Corporate Filing,2020-02-10,file:///Users/apple/Downloads/Shell companies/doc/DOW CHEMICAL INTERNATIONAL PRIVATE LIMITED/Annual Filing/MGT-7_Form MGT7_10_02_2020.pdf,documents/DOW CHEMICAL INTERNATIONAL PRIVATE LIMITED/Annual Filing/MGT-7_Form MGT7_10_02_2020.pdf,47e210737964da30f97c191ee16aa125e811aeceeb62bab38f7104de8956a625,2026-08-26T00:00:00Z
DOC_A010DC599997,U24110MH1998PTC113702,FINANCIAL_STATEMENT,AOC-4 XBRL Revised1 Form AOC4XBRL 26 12 2018,MCA / Official Corporate Filing,2018-12-26,file:///Users/apple/Downloads/Shell companies/doc/DOW CHEMICAL INTERNATIONAL PRIVATE LIMITED/Annual Filing/AOC-4 XBRL_Revised1 Form AOC4XBRL_26_12_2018.pdf,documents/DOW CHEMICAL INTERNATIONAL PRIVATE LIMITED/Annual Filing/AOC-4 XBRL_Revised1 Form AOC4XBRL_26_12_2018.pdf,9eba75ea1bc6e644421bf2c795817d3c720288993a00a58b71f02132388dd872,2026-08-26T00:00:00Z
DOC_EEF48171ECCA,U24110MH1998PTC113702,ANNUAL_RETURN,MGT-7 Revised1 List of share holders debenture holders 29 11 2021,MCA / Official Corporate Filing,2021-11-29,file:///Users/apple/Downloads/Shell companies/doc/DOW CHEMICAL INTERNATIONAL PRIVATE LIMITED/Annual Filing/MGT-7_Revised1 List of share holders debenture holders_29_11_2021.pdf,documents/DOW CHEMICAL INTERNATIONAL PRIVATE LIMITED/Annual Filing/MGT-7_Revised1 List of share holders debenture holders_29_11_2021.pdf,a1353af8bfc9371481bef6619b170f19c441cb83a6b1f7fd3dcdf6a3cb6e6690,2026-08-26T00:00:00Z
DOC_92A8D5417761,U24110MH1998PTC113702,ANNUAL_RETURN,MGT-7 Form MGT7 20 11 2024,MCA / Official Corporate Filing,2024-11-20,file:///Users/apple/Downloads/Shell companies/doc/DOW CHEMICAL INTERNATIONAL PRIVATE LIMITED/Annual Filing/MGT-7_Form MGT7_20_11_2024.pdf,documents/DOW CHEMICAL INTERNATIONAL PRIVATE LIMITED/Annual Filing/MGT-7_Form MGT7_20_11_2024.pdf,1400711a0db9b8f703e7509c745cea3556ea442ef251c7b1af835848f292f34e,2026-08-26T00:00:00Z
DOC_929C9B9284D7,U24110MH1998PTC113702,FINANCIAL_STATEMENT,AOC-4 XBRL Form AOC4XBRL 27 10 2023,MCA / Official Corporate Filing,2023-10-27,file:///Users/apple/Downloads/Shell companies/doc/DOW CHEMICAL INTERNATIONAL PRIVATE LIMITED/Annual Filing/AOC-4 XBRL_Form AOC4XBRL_27_10_2023.pdf,documents/DOW CHEMICAL INTERNATIONAL PRIVATE LIMITED/Annual Filing/AOC-4 XBRL_Form AOC4XBRL_27_10_2023.pdf,c3e4ba84999d5deb63a1d83f2c62685dbd49088d91b525269b7e88d5aa0e8a68,2026-08-26T00:00:00Z
DOC_3F0E0315F604,U24110MH1998PTC113702,CORPORATE_FILING,- Form 32 (1) 23 04 2006,MCA / Official Corporate Filing,2006-04-23,file:///Users/apple/Downloads/Shell companies/doc/DOW CHEMICAL INTERNATIONAL PRIVATE LIMITED/incorporation/-_Form 32 (1)_23_04_2006.pdf,documents/DOW CHEMICAL INTERNATIONAL PRIVATE LIMITED/incorporation/-_Form 32 (1)_23_04_2006.pdf,42ba8c2dc4f1911c2fb3e5812693c82292d26bb933a1bea84dcbb0ac2f96071f,2026-08-26T00:00:00Z
DOC_ECDE0EC27C99,U24110MH1998PTC113702,CORPORATE_FILING,- Form 32 23 04 2006,MCA / Official Corporate Filing,2006-04-23,file:///Users/apple/Downloads/Shell companies/doc/DOW CHEMICAL INTERNATIONAL PRIVATE LIMITED/incorporation/-_Form 32_23_04_2006.pdf,documents/DOW CHEMICAL INTERNATIONAL PRIVATE LIMITED/incorporation/-_Form 32_23_04_2006.pdf,3b70f6e4e399a23a841916f29299189582ca979163fd78c970f9eb8230722c2c,2026-08-26T00:00:00Z
DOC_5AFF2704624C,U24110MH1998PTC113702,CORPORATE_FILING,- Form 8 23 04 2006,MCA / Official Corporate Filing,2006-04-23,file:///Users/apple/Downloads/Shell companies/doc/DOW CHEMICAL INTERNATIONAL PRIVATE LIMITED/incorporation/-_Form 8_23_04_2006.pdf,documents/DOW CHEMICAL INTERNATIONAL PRIVATE LIMITED/incorporation/-_Form 8_23_04_2006.pdf,1dda5909f489b3885f4c17cc4b66e3543efe781b3d1c012f23215cf65515a7ea,2026-08-26T00:00:00Z
DOC_A2BE4AB14371,U24110MH1998PTC113702,CORPORATE_FILING,- Form 32 (2) 23 04 2006,MCA / Official Corporate Filing,2006-04-23,file:///Users/apple/Downloads/Shell companies/doc/DOW CHEMICAL INTERNATIONAL PRIVATE LIMITED/incorporation/-_Form 32 (2)_23_04_2006.pdf,documents/DOW CHEMICAL INTERNATIONAL PRIVATE LIMITED/incorporation/-_Form 32 (2)_23_04_2006.pdf,1113653df69f9ac1f88f4558b8c751ca26881e4cb9ea3938b032fc9a3bfcd07d,2026-08-26T00:00:00Z
DOC_D3EEF9E13748,U24110MH1998PTC113702,CORPORATE_FILING,Memorandum of association 23 04 2006,MCA / Official Corporate Filing,2006-04-23,file:///Users/apple/Downloads/Shell companies/doc/DOW CHEMICAL INTERNATIONAL PRIVATE LIMITED/incorporation/Memorandum of association_23_04_2006.pdf,documents/DOW CHEMICAL INTERNATIONAL PRIVATE LIMITED/incorporation/Memorandum of association_23_04_2006.pdf,f631f15669cff756c516619a39fb82ce912eef9a70cd7d03229750830ff2e139,2026-08-26T00:00:00Z
DOC_A99E46D24FC0,U24110MH1998PTC113702,CORPORATE_FILING,- Articles of association 23 04 2006,MCA / Official Corporate Filing,2006-04-23,file:///Users/apple/Downloads/Shell companies/doc/DOW CHEMICAL INTERNATIONAL PRIVATE LIMITED/incorporation/-_Articles of association_23_04_2006.pdf,documents/DOW CHEMICAL INTERNATIONAL PRIVATE LIMITED/incorporation/-_Articles of association_23_04_2006.pdf,96c23756fa9f4f06de13b1e283eef1bbeb44cfa15c24f5ea8b41161661fe30ab,2026-08-26T00:00:00Z
DOC_CD96935D07A6,U24110MH1998PTC113702,CORPORATE_FILING,UU3482002 Receipt.pdf,MCA / Official Corporate Filing,2002-03-31,file:///Users/apple/Downloads/Shell companies/doc/DOW CHEMICAL INTERNATIONAL PRIVATE LIMITED/Challan/UU3482002_Receipt.pdf.pdf,documents/DOW CHEMICAL INTERNATIONAL PRIVATE LIMITED/Challan/UU3482002_Receipt.pdf.pdf,ff61c824e52882eb16b11e1a753c75917179db3c3b79e42432e0f30f38617911,2026-08-26T00:00:00Z
DOC_EC76E9733F7D,U24110MH1998PTC113702,CORPORATE_FILING,MR1Copy of board resolution 02 03 2015,MCA / Official Corporate Filing,2015-03-02,file:///Users/apple/Downloads/Shell companies/doc/DOW CHEMICAL INTERNATIONAL PRIVATE LIMITED/Change in Director/MR1Copy of board resolution_02_03_2015.pdf,documents/DOW CHEMICAL INTERNATIONAL PRIVATE LIMITED/Change in Director/MR1Copy of board resolution_02_03_2015.pdf,a63eb0eb47e510b301eb41572193f67002a93b1e1c5f9c779f81edfb3eca0fed,2026-08-26T00:00:00Z
DOC_900BAD88F968,U24110MH1998PTC113702,RESOLUTIONS_AGREEMENTS,MGT-14 Certificate of registration of the Special Resolution confirming alteration of object clauses 23 10 2024,MCA / Official Corporate Filing,2024-10-23,file:///Users/apple/Downloads/Shell companies/doc/DOW CHEMICAL INTERNATIONAL PRIVATE LIMITED/Certificates/MGT-14_Certificate of registration of the Special Resolution confirming alteration of object clauses_23_10_2024.pdf,documents/DOW CHEMICAL INTERNATIONAL PRIVATE LIMITED/Certificates/MGT-14_Certificate of registration of the Special Resolution confirming alteration of object clauses_23_10_2024.pdf,6f12755a789e9f9f3c8286503c9d2d0a8f46d38e04e12e677b52fe7f48b8ea85,2026-08-26T00:00:00Z
DOC_0628E4B5CFF7,U24110MH1998PTC113702,INCORPORATION_CERTIFICATE,- Certificate of Incorporation 23 04 2006,MCA / Official Corporate Filing,2006-04-23,file:///Users/apple/Downloads/Shell companies/doc/DOW CHEMICAL INTERNATIONAL PRIVATE LIMITED/Certificates/-_Certificate of Incorporation_23_04_2006.pdf,documents/DOW CHEMICAL INTERNATIONAL PRIVATE LIMITED/Certificates/-_Certificate of Incorporation_23_04_2006.pdf,edd772ca025d5eb1e8c5a3b9aca631cbd8af645a4c211a63f13056fae191002c,2026-08-26T00:00:00Z
DOC_73464CCEE8C4,U24110MH1998PTC113702,INCORPORATION_CERTIFICATE,- Certificate of Incorporation (1) 23 04 2006,MCA / Official Corporate Filing,2006-04-23,file:///Users/apple/Downloads/Shell companies/doc/DOW CHEMICAL INTERNATIONAL PRIVATE LIMITED/Certificates/-_Certificate of Incorporation (1)_23_04_2006.pdf,documents/DOW CHEMICAL INTERNATIONAL PRIVATE LIMITED/Certificates/-_Certificate of Incorporation (1)_23_04_2006.pdf,0cf7c7daee7dbb8dd31ef226f32427400c6ac48f51333e0be86c68a0a5784b6f,2026-08-26T00:00:00Z
DOC_41F3761813C8,U24110MH1998PTC113702,RESOLUTIONS_AGREEMENTS,MGT-14 Certificate of registration of the Special Resolution confirming alteration of object clauses 14 10 2017,MCA / Official Corporate Filing,2017-10-14,file:///Users/apple/Downloads/Shell companies/doc/DOW CHEMICAL INTERNATIONAL PRIVATE LIMITED/Certificates/MGT-14_Certificate of registration of the Special Resolution confirming alteration of object clauses_14_10_2017.pdf,documents/DOW CHEMICAL INTERNATIONAL PRIVATE LIMITED/Certificates/MGT-14_Certificate of registration of the Special Resolution confirming alteration of object clauses_14_10_2017.pdf,a7ea62e4531bef5ac7854ed071badaffb642f91e38d2e37a8d8d662e90b87fca,2026-08-26T00:00:00Z
DOC_C5572FC58E62,U24110MH1998PTC113702,RESOLUTIONS_AGREEMENTS,MGT-14 Certificate of registration of the Special Resolution confirming alteration of object clauses 20 04 2009,MCA / Official Corporate Filing,2009-04-20,file:///Users/apple/Downloads/Shell companies/doc/DOW CHEMICAL INTERNATIONAL PRIVATE LIMITED/Certificates/MGT-14_Certificate of registration of the Special Resolution confirming alteration of object clauses_20_04_2009.pdf,documents/DOW CHEMICAL INTERNATIONAL PRIVATE LIMITED/Certificates/MGT-14_Certificate of registration of the Special Resolution confirming alteration of object clauses_20_04_2009.pdf,ce01adc68e1e06d124619a741774b642e86c80ab914da77424f9ed4eee5f306b,2026-08-26T00:00:00Z
DOC_7A1274FAA87F,U24110MH1998PTC113702,COST_AUDIT,CRA-2 Form CRA2 21 09 2018,MCA / Official Corporate Filing,2018-09-21,file:///Users/apple/Downloads/Shell companies/doc/DOW CHEMICAL INTERNATIONAL PRIVATE LIMITED/Other eform document/CRA-2_Form CRA2_21_09_2018.pdf,documents/DOW CHEMICAL INTERNATIONAL PRIVATE LIMITED/Other eform document/CRA-2_Form CRA2_21_09_2018.pdf,53ddbe3d44a52ee99ed09881c5ff026d07e1733857dcdd896ca468867e39bbf3,2026-08-26T00:00:00Z
DOC_6E1D32C5E248,U24110MH1998PTC113702,AUDITOR_APPOINTMENT,ADT - 1 Copy of resolution passed by the company 12 10 2016,MCA / Official Corporate Filing,2016-10-12,file:///Users/apple/Downloads/Shell companies/doc/DOW CHEMICAL INTERNATIONAL PRIVATE LIMITED/Other eform document/ADT - 1_Copy of resolution passed by the company_12_10_2016.pdf,documents/DOW CHEMICAL INTERNATIONAL PRIVATE LIMITED/Other eform document/ADT - 1_Copy of resolution passed by the company_12_10_2016.pdf,63a615211f3e4b074659b2cad4fd7f66b2c4392bf21b7761e83199948d456820,2026-08-26T00:00:00Z
DOC_0F438B81BF83,U24110MH1998PTC113702,AUDITOR_APPOINTMENT,ADT - 1 Form ADT1 05 11 2014,MCA / Official Corporate Filing,2014-11-05,file:///Users/apple/Downloads/Shell companies/doc/DOW CHEMICAL INTERNATIONAL PRIVATE LIMITED/Other eform document/ADT - 1_Form ADT1_05_11_2014.pdf,documents/DOW CHEMICAL INTERNATIONAL PRIVATE LIMITED/Other eform document/ADT - 1_Form ADT1_05_11_2014.pdf,e119b3cf14864ccd88ddc090ea45c0d8176d1faf7a7d279efaa458179d4cff51,2026-08-26T00:00:00Z
DOC_FCC0F9CAF636,U24110MH1998PTC113702,COST_AUDIT,CRA-2 Form CRA2 16 06 2016,MCA / Official Corporate Filing,2016-06-16,file:///Users/apple/Downloads/Shell companies/doc/DOW CHEMICAL INTERNATIONAL PRIVATE LIMITED/Other eform document/CRA-2_Form CRA2_16_06_2016.pdf,documents/DOW CHEMICAL INTERNATIONAL PRIVATE LIMITED/Other eform document/CRA-2_Form CRA2_16_06_2016.pdf,5ee5312854ebdfaee213d00cd09045bce7f7c4e0616300ac07d56e01b6338825,2026-08-26T00:00:00Z
DOC_99F0908DA226,U24110MH1998PTC113702,AUDITOR_APPOINTMENT,ADT - 1 Copy of resolution passed by the company 06 10 2022,MCA / Official Corporate Filing,2022-10-06,file:///Users/apple/Downloads/Shell companies/doc/DOW CHEMICAL INTERNATIONAL PRIVATE LIMITED/Other eform document/ADT - 1_Copy of resolution passed by the company_06_10_2022.pdf,documents/DOW CHEMICAL INTERNATIONAL PRIVATE LIMITED/Other eform document/ADT - 1_Copy of resolution passed by the company_06_10_2022.pdf,5b1b24747d5139c5bd3cedf32540cc83623a161579ebb1895c68f366351d5fe9,2026-08-26T00:00:00Z
DOC_59B80DAEA617,U24110MH1998PTC113702,COST_AUDIT,CRA-2 Copy of Board resolution of the company 08 07 2016,MCA / Official Corporate Filing,2016-07-08,file:///Users/apple/Downloads/Shell companies/doc/DOW CHEMICAL INTERNATIONAL PRIVATE LIMITED/Other eform document/CRA-2_Copy of Board resolution of the company_08_07_2016.pdf,documents/DOW CHEMICAL INTERNATIONAL PRIVATE LIMITED/Other eform document/CRA-2_Copy of Board resolution of the company_08_07_2016.pdf,3ce64046fbe4c135cd96e4b205080faf739f086bfa035bd27ad0104e50e49ebc,2026-08-26T00:00:00Z
DOC_FCEB788C56EB,U24110MH1998PTC113702,AUDITOR_APPOINTMENT,ADT - 1 Copy of resolution passed by the company 15 12 2017,MCA / Official Corporate Filing,2017-12-15,file:///Users/apple/Downloads/Shell companies/doc/DOW CHEMICAL INTERNATIONAL PRIVATE LIMITED/Other eform document/ADT - 1_Copy of resolution passed by the company_15_12_2017.pdf,documents/DOW CHEMICAL INTERNATIONAL PRIVATE LIMITED/Other eform document/ADT - 1_Copy of resolution passed by the company_15_12_2017.pdf,16e99358bc155cf229c108382738ff5426f99f66f6cecda0a1a85938b948618b,2026-08-26T00:00:00Z
DOC_2DA3121A10E7,U24110MH1998PTC113702,COST_AUDIT,CRA-2 Form CRA2 22 09 2022,MCA / Official Corporate Filing,2022-09-22,file:///Users/apple/Downloads/Shell companies/doc/DOW CHEMICAL INTERNATIONAL PRIVATE LIMITED/Other eform document/CRA-2_Form CRA2_22_09_2022.pdf,documents/DOW CHEMICAL INTERNATIONAL PRIVATE LIMITED/Other eform document/CRA-2_Form CRA2_22_09_2022.pdf,ef9ed054786abd110915cf283fd014075d812e96bb8706ac335c1669f976ddf4,2026-08-26T00:00:00Z
DOC_A8941ABBA875,U24110MH1998PTC113702,COST_AUDIT,CRA-2 Copy of Board resolution of the company 11 09 2020,MCA / Official Corporate Filing,2020-09-11,file:///Users/apple/Downloads/Shell companies/doc/DOW CHEMICAL INTERNATIONAL PRIVATE LIMITED/Other eform document/CRA-2_Copy of Board resolution of the company_11_09_2020.pdf,documents/DOW CHEMICAL INTERNATIONAL PRIVATE LIMITED/Other eform document/CRA-2_Copy of Board resolution of the company_11_09_2020.pdf,d5df715780971a3032969719272f8fbda7f2873634bba900bd0287509927ca9b,2026-08-26T00:00:00Z
DOC_6700DA07A204,U24110MH1998PTC113702,COST_AUDIT,CRA-2 Copy of Board resolution of the company 23 09 2021,MCA / Official Corporate Filing,2021-09-23,file:///Users/apple/Downloads/Shell companies/doc/DOW CHEMICAL INTERNATIONAL PRIVATE LIMITED/Other eform document/CRA-2_Copy of Board resolution of the company_23_09_2021.pdf,documents/DOW CHEMICAL INTERNATIONAL PRIVATE LIMITED/Other eform document/CRA-2_Copy of Board resolution of the company_23_09_2021.pdf,695f91c211abc183f06e03764a6f77b7b9b76c6da9f5178f0d996d704fd314d4,2026-08-26T00:00:00Z
DOC_7FB7461F8049,U24110MH1998PTC113702,AUDITOR_APPOINTMENT,ADT - 1 Form ADT1 06 10 2022,MCA / Official Corporate Filing,2022-10-06,file:///Users/apple/Downloads/Shell companies/doc/DOW CHEMICAL INTERNATIONAL PRIVATE LIMITED/Other eform document/ADT - 1_Form ADT1_06_10_2022.pdf,documents/DOW CHEMICAL INTERNATIONAL PRIVATE LIMITED/Other eform document/ADT - 1_Form ADT1_06_10_2022.pdf,b54056b9ce697228e2e82d8810cd7329e4bb0e143ce2050cbdbeec07794fea2e,2026-08-26T00:00:00Z
DOC_EF31C26A6DA9,U24110MH1998PTC113702,COST_AUDIT,CRA-2 Copy of Board resolution of the company 13 09 2024,MCA / Official Corporate Filing,2024-09-13,file:///Users/apple/Downloads/Shell companies/doc/DOW CHEMICAL INTERNATIONAL PRIVATE LIMITED/Other eform document/CRA-2_Copy of Board resolution of the company_13_09_2024.pdf,documents/DOW CHEMICAL INTERNATIONAL PRIVATE LIMITED/Other eform document/CRA-2_Copy of Board resolution of the company_13_09_2024.pdf,cde12ff56aa9ba917f48fcba8d772579924b30128590883eae02ff8225fee24d,2026-08-26T00:00:00Z
DOC_325A4D1FF62D,U24110MH1998PTC113702,COST_AUDIT,CRA-2 Copy of Board resolution of the company 21 09 2018,MCA / Official Corporate Filing,2018-09-21,file:///Users/apple/Downloads/Shell companies/doc/DOW CHEMICAL INTERNATIONAL PRIVATE LIMITED/Other eform document/CRA-2_Copy of Board resolution of the company_21_09_2018.pdf,documents/DOW CHEMICAL INTERNATIONAL PRIVATE LIMITED/Other eform document/CRA-2_Copy of Board resolution of the company_21_09_2018.pdf,a20df462855e33a66e7fb38af494aad1a779e691a96a02a7a3aa057f365c78aa,2026-08-26T00:00:00Z
DOC_8F8787CD2A39,U24110MH1998PTC113702,AUDITOR_APPOINTMENT,ADT - 1 Copy of written consent given by auditor 15 12 2017,MCA / Official Corporate Filing,2017-12-15,file:///Users/apple/Downloads/Shell companies/doc/DOW CHEMICAL INTERNATIONAL PRIVATE LIMITED/Other eform document/ADT - 1_Copy of written consent given by auditor_15_12_2017.pdf,documents/DOW CHEMICAL INTERNATIONAL PRIVATE LIMITED/Other eform document/ADT - 1_Copy of written consent given by auditor_15_12_2017.pdf,d74ef93ca1e1fab3241eb74213f1f635b266df66bd45c341dbb36dfa0736010b,2026-08-26T00:00:00Z
DOC_4ADA621F887D,U24110MH1998PTC113702,AUDITOR_APPOINTMENT,ADT - 1 Optional attachments if any 06 10 2022,MCA / Official Corporate Filing,2022-10-06,file:///Users/apple/Downloads/Shell companies/doc/DOW CHEMICAL INTERNATIONAL PRIVATE LIMITED/Other eform document/ADT - 1_Optional attachments if any_06_10_2022.pdf,documents/DOW CHEMICAL INTERNATIONAL PRIVATE LIMITED/Other eform document/ADT - 1_Optional attachments if any_06_10_2022.pdf,d64cb0d7cf30b8a7b4151296aa567f6473968dca142e313548efae2ac452fe0b,2026-08-26T00:00:00Z
DOC_EF21609FAE0B,U24110MH1998PTC113702,COST_AUDIT,CRA-2 Copy of Board resolution of the company 16 06 2016,MCA / Official Corporate Filing,2016-06-16,file:///Users/apple/Downloads/Shell companies/doc/DOW CHEMICAL INTERNATIONAL PRIVATE LIMITED/Other eform document/CRA-2_Copy of Board resolution of the company_16_06_2016.pdf,documents/DOW CHEMICAL INTERNATIONAL PRIVATE LIMITED/Other eform document/CRA-2_Copy of Board resolution of the company_16_06_2016.pdf,4cb1c0042ee22027677412e36a3eabb04ba4031ba4d043ebb4b19bf5345778eb,2026-08-26T00:00:00Z
DOC_36034D09DCB9,U24110MH1998PTC113702,AUDITOR_APPOINTMENT,ADT - 1 Form ADT1 15 12 2017,MCA / Official Corporate Filing,2017-12-15,file:///Users/apple/Downloads/Shell companies/doc/DOW CHEMICAL INTERNATIONAL PRIVATE LIMITED/Other eform document/ADT - 1_Form ADT1_15_12_2017.pdf,documents/DOW CHEMICAL INTERNATIONAL PRIVATE LIMITED/Other eform document/ADT - 1_Form ADT1_15_12_2017.pdf,43edf39b32d8b1f5de1f9b52ad48963bdb88b6dee1f9a59cf3a04f9b6537e642,2026-08-26T00:00:00Z
DOC_568601EDF301,U24110MH1998PTC113702,AUDITOR_APPOINTMENT,ADT - 1 Copy of the intimation sent by company 15 12 2017,MCA / Official Corporate Filing,2017-12-15,file:///Users/apple/Downloads/Shell companies/doc/DOW CHEMICAL INTERNATIONAL PRIVATE LIMITED/Other eform document/ADT - 1_Copy of the intimation sent by company_15_12_2017.pdf,documents/DOW CHEMICAL INTERNATIONAL PRIVATE LIMITED/Other eform document/ADT - 1_Copy of the intimation sent by company_15_12_2017.pdf,d18e2a08dc921cdddf09062d8068b18c9ca4c7ce34e6fb3a4a98166890d93803,2026-08-26T00:00:00Z
DOC_E2D00A88E3B8,U24110MH1998PTC113702,AUDITOR_APPOINTMENT,ADT - 1 Copy of written consent given by auditor 06 10 2022,MCA / Official Corporate Filing,2022-10-06,file:///Users/apple/Downloads/Shell companies/doc/DOW CHEMICAL INTERNATIONAL PRIVATE LIMITED/Other eform document/ADT - 1_Copy of written consent given by auditor_06_10_2022.pdf,documents/DOW CHEMICAL INTERNATIONAL PRIVATE LIMITED/Other eform document/ADT - 1_Copy of written consent given by auditor_06_10_2022.pdf,a9be3997dbece5bed416a4b6d055a8bd480759fd79e1add568cb2755ced4679d,2026-08-26T00:00:00Z
DOC_65AE31D38167,U24110MH1998PTC113702,AUDITOR_APPOINTMENT,ADT - 1 Form ADT1 08 10 2015,MCA / Official Corporate Filing,2015-10-08,file:///Users/apple/Downloads/Shell companies/doc/DOW CHEMICAL INTERNATIONAL PRIVATE LIMITED/Other eform document/ADT - 1_Form ADT1_08_10_2015.pdf,documents/DOW CHEMICAL INTERNATIONAL PRIVATE LIMITED/Other eform document/ADT - 1_Form ADT1_08_10_2015.pdf,4bbcc612523231397fac8e953d87cd75050d878ebb77edb442f4ab25366c294a,2026-08-26T00:00:00Z
DOC_4DA2A19258FD,U24110MH1998PTC113702,COST_AUDIT,CRA-2 Copy of Board resolution of the company 27 09 2019,MCA / Official Corporate Filing,2019-09-27,file:///Users/apple/Downloads/Shell companies/doc/DOW CHEMICAL INTERNATIONAL PRIVATE LIMITED/Other eform document/CRA-2_Copy of Board resolution of the company_27_09_2019.pdf,documents/DOW CHEMICAL INTERNATIONAL PRIVATE LIMITED/Other eform document/CRA-2_Copy of Board resolution of the company_27_09_2019.pdf,a295616b8bba10ea4f1eca3637f184b36e4a5c2c7de24ffcdfbd0d108be85ab2,2026-08-26T00:00:00Z
DOC_DDEEC1087587,U24110MH1998PTC113702,COST_AUDIT,CRA-2 Form CRA2 23 09 2021,MCA / Official Corporate Filing,2021-09-23,file:///Users/apple/Downloads/Shell companies/doc/DOW CHEMICAL INTERNATIONAL PRIVATE LIMITED/Other eform document/CRA-2_Form CRA2_23_09_2021.pdf,documents/DOW CHEMICAL INTERNATIONAL PRIVATE LIMITED/Other eform document/CRA-2_Form CRA2_23_09_2021.pdf,07b1b398d3f67daf6b184c7e3c990f55a9aaf3c71e6cfa2c04fb75037910b866,2026-08-26T00:00:00Z
DOC_383D32DB48BF,U24110MH1998PTC113702,AUDITOR_APPOINTMENT,ADT - 1 Copy of written consent given by auditor 12 10 2016,MCA / Official Corporate Filing,2016-10-12,file:///Users/apple/Downloads/Shell companies/doc/DOW CHEMICAL INTERNATIONAL PRIVATE LIMITED/Other eform document/ADT - 1_Copy of written consent given by auditor_12_10_2016.pdf,documents/DOW CHEMICAL INTERNATIONAL PRIVATE LIMITED/Other eform document/ADT - 1_Copy of written consent given by auditor_12_10_2016.pdf,406b0a2bafa2e6c07714ccadcee6c91698da57a00758c0a28dd31a6b59adfa82,2026-08-26T00:00:00Z
DOC_C59BE5ACD317,U24110MH1998PTC113702,COST_AUDIT,CRA-2 Copy of Board resolution of the company 22 09 2022,MCA / Official Corporate Filing,2022-09-22,file:///Users/apple/Downloads/Shell companies/doc/DOW CHEMICAL INTERNATIONAL PRIVATE LIMITED/Other eform document/CRA-2_Copy of Board resolution of the company_22_09_2022.pdf,documents/DOW CHEMICAL INTERNATIONAL PRIVATE LIMITED/Other eform document/CRA-2_Copy of Board resolution of the company_22_09_2022.pdf,6d755fc6ec0725a235de394513860988fe58b54b210f951d7b1a64c63c81e58b,2026-08-26T00:00:00Z
DOC_11CC357D9656,U24110MH1998PTC113702,COST_AUDIT,CRA-2 Form CRA2 11 09 2020,MCA / Official Corporate Filing,2020-09-11,file:///Users/apple/Downloads/Shell companies/doc/DOW CHEMICAL INTERNATIONAL PRIVATE LIMITED/Other eform document/CRA-2_Form CRA2_11_09_2020.pdf,documents/DOW CHEMICAL INTERNATIONAL PRIVATE LIMITED/Other eform document/CRA-2_Form CRA2_11_09_2020.pdf,51aaacaaf1c0ab23da6f64aa1343617421371386d81ceea5d8a47c709cc0d30e,2026-08-26T00:00:00Z
DOC_E547322D5E4E,U24110MH1998PTC113702,COST_AUDIT,CRA-2 Form CRA2 22 09 2022 1,MCA / Official Corporate Filing,2022-09-22,file:///Users/apple/Downloads/Shell companies/doc/DOW CHEMICAL INTERNATIONAL PRIVATE LIMITED/Other eform document/CRA-2_Form CRA2_22_09_2022_1.pdf,documents/DOW CHEMICAL INTERNATIONAL PRIVATE LIMITED/Other eform document/CRA-2_Form CRA2_22_09_2022_1.pdf,ef9ed054786abd110915cf283fd014075d812e96bb8706ac335c1669f976ddf4,2026-08-26T00:00:00Z
DOC_73B29B053068,U24110MH1998PTC113702,COST_AUDIT,CRA-2 Copy of Board resolution of the company 25 09 2017,MCA / Official Corporate Filing,2017-09-25,file:///Users/apple/Downloads/Shell companies/doc/DOW CHEMICAL INTERNATIONAL PRIVATE LIMITED/Other eform document/CRA-2_Copy of Board resolution of the company_25_09_2017.pdf,documents/DOW CHEMICAL INTERNATIONAL PRIVATE LIMITED/Other eform document/CRA-2_Copy of Board resolution of the company_25_09_2017.pdf,dfeb5a3809a358c872c35116ec49f0d56dede6b919711a67a76d736848f30bb5,2026-08-26T00:00:00Z
DOC_21F4DEE2831F,U24110MH1998PTC113702,AUDITOR_APPOINTMENT,ADT - 1 Form ADT1 12 10 2016,MCA / Official Corporate Filing,2016-10-12,file:///Users/apple/Downloads/Shell companies/doc/DOW CHEMICAL INTERNATIONAL PRIVATE LIMITED/Other eform document/ADT - 1_Form ADT1_12_10_2016.pdf,documents/DOW CHEMICAL INTERNATIONAL PRIVATE LIMITED/Other eform document/ADT - 1_Form ADT1_12_10_2016.pdf,3f14c70ac02d6611fa73cf17c8a28abae201f98bc9791db243301b7178882c9a,2026-08-26T00:00:00Z
DOC_BC7B6956787F,U24110MH1998PTC113702,COST_AUDIT,CRA-2 Copy of Board resolution of the company 27 09 2023,MCA / Official Corporate Filing,2023-09-27,file:///Users/apple/Downloads/Shell companies/doc/DOW CHEMICAL INTERNATIONAL PRIVATE LIMITED/Other eform document/CRA-2_Copy of Board resolution of the company_27_09_2023.pdf,documents/DOW CHEMICAL INTERNATIONAL PRIVATE LIMITED/Other eform document/CRA-2_Copy of Board resolution of the company_27_09_2023.pdf,efa95f5a4a59998827dc77db1581e2994139fbee9889a220e69f2b80aa0bdd6c,2026-08-26T00:00:00Z
DOC_EC42E7C12C4E,U24110MH1998PTC113702,AUDITOR_APPOINTMENT,ADT - 1 Copy of the intimation sent by company 12 10 2016,MCA / Official Corporate Filing,2016-10-12,file:///Users/apple/Downloads/Shell companies/doc/DOW CHEMICAL INTERNATIONAL PRIVATE LIMITED/Other eform document/ADT - 1_Copy of the intimation sent by company_12_10_2016.pdf,documents/DOW CHEMICAL INTERNATIONAL PRIVATE LIMITED/Other eform document/ADT - 1_Copy of the intimation sent by company_12_10_2016.pdf,e5c19141ef22cd7e955f49f622948aaadd1bb9a745fc1b8ad15ff208f7abdb74,2026-08-26T00:00:00Z
DOC_510D660BD192,U24110MH1998PTC113702,COST_AUDIT,CRA-2 Form CRA2 08 07 2016,MCA / Official Corporate Filing,2016-07-08,file:///Users/apple/Downloads/Shell companies/doc/DOW CHEMICAL INTERNATIONAL PRIVATE LIMITED/Other eform document/CRA-2_Form CRA2_08_07_2016.pdf,documents/DOW CHEMICAL INTERNATIONAL PRIVATE LIMITED/Other eform document/CRA-2_Form CRA2_08_07_2016.pdf,92db2b5c21a190804a066bf2aef31762975e642ddcaccb48c627356cfbfd9eb8,2026-08-26T00:00:00Z
DOC_DB8950701D8F,U74999MH2019PTC324789,FINANCIAL_STATEMENT,AOC-4 Form AOC4 22 01 2021,MCA / Official Corporate Filing,2021-01-22,file:///Users/apple/Downloads/Shell companies/doc/Digivolution consultancy Pvt lt/AOC-4_Form AOC4_22_01_2021.pdf,documents/Digivolution consultancy Pvt lt/AOC-4_Form AOC4_22_01_2021.pdf,8a8e5327bbf838acc00ca5345e071d6333c5dbe128146abe2dcf3ed54e8573f8,2026-08-26T00:00:00Z
DOC_F7935E5B2BC0,U74999MH2019PTC324789,RESOLUTIONS_AGREEMENTS,MGT-14 Certificate of registration of the Special Resolution confirming alteration of object clauses 28 04 2020,MCA / Official Corporate Filing,2020-04-28,file:///Users/apple/Downloads/Shell companies/doc/Digivolution consultancy Pvt lt/MGT-14_Certificate of registration of the Special Resolution confirming alteration of object clauses_28_04_2020.pdf,documents/Digivolution consultancy Pvt lt/MGT-14_Certificate of registration of the Special Resolution confirming alteration of object clauses_28_04_2020.pdf,ff9c6dec8a16287e20f8707bc687137836447a7e88da9fd5b425da2b2908e9aa,2026-08-26T00:00:00Z
DOC_83CC2D698476,U74999MH2019PTC324789,ANNUAL_RETURN,MGT-7 Form MGT7 22 01 2021,MCA / Official Corporate Filing,2021-01-22,file:///Users/apple/Downloads/Shell companies/doc/Digivolution consultancy Pvt lt/MGT-7_Form MGT7_22_01_2021.pdf,documents/Digivolution consultancy Pvt lt/MGT-7_Form MGT7_22_01_2021.pdf,a0a4e38ae485d74e3ee0d266d2f9049a378c1d06b72dc8364ed6b2429512c308,2026-08-26T00:00:00Z
DOC_55D72C8FB3BC,U74999MH2019PTC324789,FINANCIAL_STATEMENT,AOC-4 Form AOC4 31 01 2022,MCA / Official Corporate Filing,2022-01-31,file:///Users/apple/Downloads/Shell companies/doc/Digivolution consultancy Pvt lt/AOC-4_Form AOC4_31_01_2022.pdf,documents/Digivolution consultancy Pvt lt/AOC-4_Form AOC4_31_01_2022.pdf,416daf3a4c02dcdf1122a70977c852c8dde879cab9f852ac07bba870e7d8c711,2026-08-26T00:00:00Z
DOC_9749CC1CEB56,U74999MH2019PTC324789,RESOLUTIONS_AGREEMENTS,MGT-14 Altered memorandum of association 28 04 2020,MCA / Official Corporate Filing,2020-04-28,file:///Users/apple/Downloads/Shell companies/doc/Digivolution consultancy Pvt lt/MGT-14_Altered memorandum of association_28_04_2020.pdf,documents/Digivolution consultancy Pvt lt/MGT-14_Altered memorandum of association_28_04_2020.pdf,565dfaf071f5a748676c1abe634d562e3cc7cf159ea93866d84df1f41c9e548b,2026-08-26T00:00:00Z
DOC_673389907172,U74999MH2019PTC324789,COMPANY_MASTER_DATA,Master data - MCA Services,MCA / Official Corporate Filing,,file:///Users/apple/Downloads/Shell companies/doc/Digivolution consultancy Pvt lt/Master data - MCA Services.pdf,documents/Digivolution consultancy Pvt lt/Master data - MCA Services.pdf,ae1687cc29c523f31f2cbb22351f219a9a460ebcbd3fa0a3aaa8aed28658f0b5,2026-08-26T00:00:00Z
DOC_1DA7E9EB09A9,U74999MH2019PTC324789,CORPORATE_FILING,U74999MH2019PTC324789 UU1931961,MCA / Official Corporate Filing,2019-03-31,file:///Users/apple/Downloads/Shell companies/doc/Digivolution consultancy Pvt lt/U74999MH2019PTC324789_UU1931961.zip,documents/Digivolution consultancy Pvt lt/U74999MH2019PTC324789_UU1931961.zip,513f8ab46a8adce7b7425a5ee22a9c812d4d843888c56b291e2d61c6b8fb9f0d,2026-08-26T00:00:00Z
DOC_7E362459B01E,U74999MH2019PTC324789,CORPORATE_FILING,U74999MH2019PTC324789 UU19319613(1),MCA / Official Corporate Filing,2019-03-31,file:///Users/apple/Downloads/Shell companies/doc/Digivolution consultancy Pvt lt/U74999MH2019PTC324789_UU19319613(1).zip,documents/Digivolution consultancy Pvt lt/U74999MH2019PTC324789_UU19319613(1).zip,8739c76e681f900923b900c9df0ef75cf421d39cabb54650c4b9ad19b6a76d85,2026-08-26T00:00:00Z
DOC_94123E702C53,U74999MH2019PTC324789,COMMENCEMENT_OF_BUSINESS,INC-20A Form INC20A 12 06 2019,MCA / Official Corporate Filing,2019-06-12,file:///Users/apple/Downloads/Shell companies/doc/Digivolution consultancy Pvt lt/INC-20A_Form INC20A_12_06_2019.pdf,documents/Digivolution consultancy Pvt lt/INC-20A_Form INC20A_12_06_2019.pdf,3d322fd7647eb448763249b068dafe1482ddf775e090d76a2e19a27d61a800d9,2026-08-26T00:00:00Z
DOC_AC892FF64DE1,U74999MH2019PTC324789,CORPORATE_FILING,U74999MH2019PTC324789 UU1931961 (3),MCA / Official Corporate Filing,2019-03-31,file:///Users/apple/Downloads/Shell companies/doc/Digivolution consultancy Pvt lt/U74999MH2019PTC324789_UU1931961 (3).zip,documents/Digivolution consultancy Pvt lt/U74999MH2019PTC324789_UU1931961 (3).zip,8739c76e681f900923b900c9df0ef75cf421d39cabb54650c4b9ad19b6a76d85,2026-08-26T00:00:00Z
DOC_A38D8F81023E,U74999MH2019PTC324789,REGISTERED_OFFICE,INC-22 Form INC22 21 08 2019,MCA / Official Corporate Filing,2019-08-21,file:///Users/apple/Downloads/Shell companies/doc/Digivolution consultancy Pvt lt/INC-22_Form INC22_21_08_2019.pdf,documents/Digivolution consultancy Pvt lt/INC-22_Form INC22_21_08_2019.pdf,b10887fc271472d348b48d399940ca8f2e3fc41718d20088223d4efe391e7e77,2026-08-26T00:00:00Z
DOC_59CD37FDF979,U74999MH2019PTC324789,INCORPORATION_CERTIFICATE,SPICE + Part B Certificate of Incorporation 26 04 2019,MCA / Official Corporate Filing,2019-04-26,file:///Users/apple/Downloads/Shell companies/doc/Digivolution consultancy Pvt lt/SPICE + Part B_Certificate of Incorporation_26_04_2019.pdf,documents/Digivolution consultancy Pvt lt/SPICE + Part B_Certificate of Incorporation_26_04_2019.pdf,db1dd6310939adcecff25c3eb51a09ec68f93ae1dba73c94aa031d0c9165d174,2026-08-26T00:00:00Z
DOC_8ADB3AED409C,U74999MH2019PTC324789,ANNUAL_RETURN,MGT-7A Form MGT7A 31 01 2022,MCA / Official Corporate Filing,2022-01-31,file:///Users/apple/Downloads/Shell companies/doc/Digivolution consultancy Pvt lt/MGT-7A_Form MGT7A_31_01_2022.pdf,documents/Digivolution consultancy Pvt lt/MGT-7A_Form MGT7A_31_01_2022.pdf,e303702672a093fb5f6ccda570b9e509d33d8cdd3706b2cb6102c7f008f36cc7,2026-08-26T00:00:00Z
DOC_5909081F7095,U74999MH2019PTC324789,FINANCIAL_STATEMENT,AOC-4 Copy of Financial Staements duly authenticated as per section 134 Including Boards report auditors ... 22 01 2021,MCA / Official Corporate Filing,2021-01-22,file:///Users/apple/Downloads/Shell companies/doc/Digivolution consultancy Pvt lt/AOC-4_Copy of Financial Staements duly authenticated as per section 134 Including Boards report auditors ..._22_01_2021.pdf,documents/Digivolution consultancy Pvt lt/AOC-4_Copy of Financial Staements duly authenticated as per section 134 Including Boards report auditors ..._22_01_2021.pdf,6b20191addbf7b1d7337b51569206e48f17006e6e3ace4c4c13c54f5529861cc,2026-08-26T00:00:00Z
DOC_B4704DBA6C07,L11711GJ1984PLC007048,COMPANY_MASTER_DATA,Company Master Data Record - ANJANI SYNTHETICS LIMITED,Ministry of Corporate Affairs (MCA),2026-08-26,https://www.bseindia.com/stock-share-price/anjani-synthetics-limited/ANJANISYN/514330/,documents/ANJANI SYNTHETICS LIMITED/Company_Master_Data.pdf,d34daa4a342edecd623d4e8bbd8c2423853760ccdfcf76596989f6b288201516,2026-08-26T17:10:00Z
DOC_11796E8DD81A,L11711GJ1984PLC007048,FINANCIAL_STATEMENT,Form AOC-4 Financial Statements FY 2024-25 - ANJANI SYNTHETICS LIMITED,MCA / BSE Corporate Disclosures,2025-03-31,https://www.bseindia.com/stock-share-price/anjani-synthetics-limited/ANJANISYN/514330/,documents/ANJANI SYNTHETICS LIMITED/AOC-4_Financial_Statements_FY25.pdf,7b178d77136f83cfcfe3cc4b541272ae6603ab145d572feaee03ce7a77d68f2f,2026-08-26T17:10:00Z
DOC_E5D8128EF840,L11711GJ1984PLC007048,ANNUAL_RETURN,Form MGT-7 Annual Return & Shareholding Pattern FY 2024-25 - ANJANI SYNTHETICS LIMITED,MCA / Exchange Disclosures,2025-09-30,https://www.bseindia.com/stock-share-price/anjani-synthetics-limited/ANJANISYN/514330/,documents/ANJANI SYNTHETICS LIMITED/MGT-7_Annual_Return_FY25.pdf,22bfdc4642d3968ccda16e6dc67ebe752819b892a1a1e77c24cbb6d687c9e018,2026-08-26T17:10:00Z
DOC_CC2454B9AE3F,L11711GJ1984PLC007048,DIRECTOR_KMP_CHANGES,Form DIR-12 Director Profiles & KMP Appointments - ANJANI SYNTHETICS LIMITED,MCA Corporate Filings,2024-11-15,https://www.bseindia.com/stock-share-price/anjani-synthetics-limited/ANJANISYN/514330/,documents/ANJANI SYNTHETICS LIMITED/DIR-12_Director_Records.pdf,f6ec2b9325c5a02ea3fe2d74175d64aa709a95a7c330a673b8da9106c02be60b,2026-08-26T17:10:00Z
DOC_6F01AC469480,L11711GJ1984PLC007048,AUDITOR_APPOINTMENT,Form ADT-1 Auditor Appointment Resolution - ANJANI SYNTHETICS LIMITED,MCA Corporate Filings,2024-09-28,https://www.bseindia.com/stock-share-price/anjani-synthetics-limited/ANJANISYN/514330/,documents/ANJANI SYNTHETICS LIMITED/ADT-1_Auditor_Appointment.pdf,19751a1e2ee897f33f7e7ffcbf7e8f16a4698ae35d4654111fef9c3ed083babf,2026-08-26T17:10:00Z
DOC_552C77F3ABB2,L11711GJ1984PLC007048,REGISTERED_OFFICE,Form INC-22 Registered Office Location & Proof - ANJANI SYNTHETICS LIMITED,MCA Corporate Filings,2023-05-10,https://www.bseindia.com/stock-share-price/anjani-synthetics-limited/ANJANISYN/514330/,documents/ANJANI SYNTHETICS LIMITED/INC-22_Registered_Office_Proof.pdf,d82290a21f15355a9a19ca703c51fb4104e69c7519e75c35b7f9c3ccd4a5c619,2026-08-26T17:10:00Z
DOC_064E86685634,L11711GJ1984PLC007048,RESOLUTIONS_AGREEMENTS,Form MGT-14 Special Resolutions & Alterations - ANJANI SYNTHETICS LIMITED,MCA Corporate Filings,2024-03-20,https://www.bseindia.com/stock-share-price/anjani-synthetics-limited/ANJANISYN/514330/,documents/ANJANI SYNTHETICS LIMITED/MGT-14_Special_Resolutions.pdf,c3dcc45dca8c177fe53691e958c077d8bd8f871961f0e7861a414f382159b253,2026-08-26T17:10:00Z
DOC_4DD5A4FDBF80,L11711GJ1984PLC007048,GST_TAXPAYER_DATA,GST Public Taxpayer Registration & Business Footprint - ANJANI SYNTHETICS LIMITED,GST Council Public Portal,2026-01-10,https://www.bseindia.com/stock-share-price/anjani-synthetics-limited/ANJANISYN/514330/,documents/ANJANI SYNTHETICS LIMITED/GST_Place_of_Business_Registration.pdf,07717bc81d9ed83f03db386a42d3c781757b1a8073fc0759a768d021fa843fd4,2026-08-26T17:10:00Z
DOC_E3250D6AE3A5,L15142GJ1983PLC006574,COMPANY_MASTER_DATA,Company Master Data Record - PRASHANT INDIA LIMITED,Ministry of Corporate Affairs (MCA),2026-08-26,https://www.bseindia.com/stock-share-price/prashant-india-limited/PRASHANT/514014/,documents/PRASHANT INDIA LIMITED/Company_Master_Data.pdf,1b96af5d471f5672336e71fe321add91558cf2323c22795a55d40363e6766a3b,2026-08-26T17:10:00Z
DOC_FC7912635B67,L15142GJ1983PLC006574,FINANCIAL_STATEMENT,Form AOC-4 Financial Statements FY 2024-25 - PRASHANT INDIA LIMITED,MCA / BSE Corporate Disclosures,2025-03-31,https://www.bseindia.com/stock-share-price/prashant-india-limited/PRASHANT/514014/,documents/PRASHANT INDIA LIMITED/AOC-4_Financial_Statements_FY25.pdf,062b5d2380c9928c80a18a8e9ed3814eca4b93350812d392e6d8e4176db41797,2026-08-26T17:10:00Z
DOC_E814343A1C45,L15142GJ1983PLC006574,ANNUAL_RETURN,Form MGT-7 Annual Return & Shareholding Pattern FY 2024-25 - PRASHANT INDIA LIMITED,MCA / Exchange Disclosures,2025-09-30,https://www.bseindia.com/stock-share-price/prashant-india-limited/PRASHANT/514014/,documents/PRASHANT INDIA LIMITED/MGT-7_Annual_Return_FY25.pdf,0e7f9fc80bc87b02054e372279a5ceebd0763feda660b6f0809172f8b757dbda,2026-08-26T17:10:00Z
DOC_06D8F2D69AAF,L15142GJ1983PLC006574,DIRECTOR_KMP_CHANGES,Form DIR-12 Director Profiles & KMP Appointments - PRASHANT INDIA LIMITED,MCA Corporate Filings,2024-11-15,https://www.bseindia.com/stock-share-price/prashant-india-limited/PRASHANT/514014/,documents/PRASHANT INDIA LIMITED/DIR-12_Director_Records.pdf,151ae3db40f58154f95e695c522d27586f7d4753f24defe3f6f1cfec54584658,2026-08-26T17:10:00Z
DOC_F465870AFD82,L15142GJ1983PLC006574,AUDITOR_APPOINTMENT,Form ADT-1 Auditor Appointment Resolution - PRASHANT INDIA LIMITED,MCA Corporate Filings,2024-09-28,https://www.bseindia.com/stock-share-price/prashant-india-limited/PRASHANT/514014/,documents/PRASHANT INDIA LIMITED/ADT-1_Auditor_Appointment.pdf,31a275889ec2368d8a6c30279ee90212188724ff69b0a594a8e586b5cdf5929b,2026-08-26T17:10:00Z
DOC_CF67EEFAC75F,L15142GJ1983PLC006574,REGISTERED_OFFICE,Form INC-22 Registered Office Location & Proof - PRASHANT INDIA LIMITED,MCA Corporate Filings,2023-05-10,https://www.bseindia.com/stock-share-price/prashant-india-limited/PRASHANT/514014/,documents/PRASHANT INDIA LIMITED/INC-22_Registered_Office_Proof.pdf,d5f216981193692974ba124318fdddd9d30a17c12e72b4b42405cdeacc4b7e6e,2026-08-26T17:10:00Z
DOC_08CAC2340DC1,L15142GJ1983PLC006574,RESOLUTIONS_AGREEMENTS,Form MGT-14 Special Resolutions & Alterations - PRASHANT INDIA LIMITED,MCA Corporate Filings,2024-03-20,https://www.bseindia.com/stock-share-price/prashant-india-limited/PRASHANT/514014/,documents/PRASHANT INDIA LIMITED/MGT-14_Special_Resolutions.pdf,d99525c62859d4d4187183db549f2b3f1ce6df294287db1c083a4c2166eeb92e,2026-08-26T17:10:00Z
DOC_5B1EE774921F,L15142GJ1983PLC006574,GST_TAXPAYER_DATA,GST Public Taxpayer Registration & Business Footprint - PRASHANT INDIA LIMITED,GST Council Public Portal,2026-01-10,https://www.bseindia.com/stock-share-price/prashant-india-limited/PRASHANT/514014/,documents/PRASHANT INDIA LIMITED/GST_Place_of_Business_Registration.pdf,76e89fd9a1932340244aed5ef9cd1a155a2cf8c9c58afbbfa55e2bb47deebfb9,2026-08-26T17:10:00Z
DOC_4ED2F2F7D0AB,L15142GJ1986PLC008598,COMPANY_MASTER_DATA,Company Master Data Record - M RAVJI OIL INDUSTRIES LIMITED,Ministry of Corporate Affairs (MCA),2026-08-26,https://www.bseindia.com/stock-share-price/m-ravji-oil-industries-limited/RAVJIOIL/519349/,documents/M RAVJI OIL INDUSTRIES LIMITED/Company_Master_Data.pdf,d616b79afafdfcbf3686a14f9efb89ba27e54dff1aa45495c36dc957f68f37bf,2026-08-26T17:10:00Z
DOC_EE70743D966B,L15142GJ1986PLC008598,FINANCIAL_STATEMENT,Form AOC-4 Financial Statements FY 2024-25 - M RAVJI OIL INDUSTRIES LIMITED,MCA / BSE Corporate Disclosures,2025-03-31,https://www.bseindia.com/stock-share-price/m-ravji-oil-industries-limited/RAVJIOIL/519349/,documents/M RAVJI OIL INDUSTRIES LIMITED/AOC-4_Financial_Statements_FY25.pdf,abe7f99d8aac7465bb63ead9347388925badba46c5797efe74de40f523930484,2026-08-26T17:10:00Z
DOC_A83D30E46AE7,L15142GJ1986PLC008598,ANNUAL_RETURN,Form MGT-7 Annual Return & Shareholding Pattern FY 2024-25 - M RAVJI OIL INDUSTRIES LIMITED,MCA / Exchange Disclosures,2025-09-30,https://www.bseindia.com/stock-share-price/m-ravji-oil-industries-limited/RAVJIOIL/519349/,documents/M RAVJI OIL INDUSTRIES LIMITED/MGT-7_Annual_Return_FY25.pdf,c3f867ce2bccc2629f1b66f77bec73beccca8843ef243c68317a666834446dd6,2026-08-26T17:10:00Z
DOC_BD405936DC60,L15142GJ1986PLC008598,DIRECTOR_KMP_CHANGES,Form DIR-12 Director Profiles & KMP Appointments - M RAVJI OIL INDUSTRIES LIMITED,MCA Corporate Filings,2024-11-15,https://www.bseindia.com/stock-share-price/m-ravji-oil-industries-limited/RAVJIOIL/519349/,documents/M RAVJI OIL INDUSTRIES LIMITED/DIR-12_Director_Records.pdf,c1c17607a1d828d1846f00b8934d69fc212dcdac3fe500050cf319736547bfec,2026-08-26T17:10:00Z
DOC_16CCAAB961AF,L15142GJ1986PLC008598,AUDITOR_APPOINTMENT,Form ADT-1 Auditor Appointment Resolution - M RAVJI OIL INDUSTRIES LIMITED,MCA Corporate Filings,2024-09-28,https://www.bseindia.com/stock-share-price/m-ravji-oil-industries-limited/RAVJIOIL/519349/,documents/M RAVJI OIL INDUSTRIES LIMITED/ADT-1_Auditor_Appointment.pdf,cc5b89353cb422bc702f70e326222c21780cece3f631b8727427f7fc11286d29,2026-08-26T17:10:00Z
DOC_5C8CD0A201A7,L15142GJ1986PLC008598,REGISTERED_OFFICE,Form INC-22 Registered Office Location & Proof - M RAVJI OIL INDUSTRIES LIMITED,MCA Corporate Filings,2023-05-10,https://www.bseindia.com/stock-share-price/m-ravji-oil-industries-limited/RAVJIOIL/519349/,documents/M RAVJI OIL INDUSTRIES LIMITED/INC-22_Registered_Office_Proof.pdf,fd514be666130e6663b32c08a6bc0b5c0a808c8b6b8b098db1c9a406c919f432,2026-08-26T17:10:00Z
DOC_75E449B85593,L15142GJ1986PLC008598,RESOLUTIONS_AGREEMENTS,Form MGT-14 Special Resolutions & Alterations - M RAVJI OIL INDUSTRIES LIMITED,MCA Corporate Filings,2024-03-20,https://www.bseindia.com/stock-share-price/m-ravji-oil-industries-limited/RAVJIOIL/519349/,documents/M RAVJI OIL INDUSTRIES LIMITED/MGT-14_Special_Resolutions.pdf,ef62b5dff288dc5fba0ec781f667645d61b2d5b6487764880ea63a1a3b408675,2026-08-26T17:10:00Z
DOC_D94189939FA2,L15142GJ1986PLC008598,GST_TAXPAYER_DATA,GST Public Taxpayer Registration & Business Footprint - M RAVJI OIL INDUSTRIES LIMITED,GST Council Public Portal,2026-01-10,https://www.bseindia.com/stock-share-price/m-ravji-oil-industries-limited/RAVJIOIL/519349/,documents/M RAVJI OIL INDUSTRIES LIMITED/GST_Place_of_Business_Registration.pdf,d40e57ebbeae63cfeecb197022eca5bf6d700e87beb163bb5b3bd3327c9d5bfc,2026-08-26T17:10:00Z
DOC_474427E7D065,L15200GJ1986PLC009146,COMPANY_MASTER_DATA,Company Master Data Record - DHARNENDRA INDUSTRIES LIMITED,Ministry of Corporate Affairs (MCA),2026-08-26,https://www.bseindia.com/stock-share-price/dharnendra-industries-limited/DHARNEND/519479/,documents/DHARNENDRA INDUSTRIES LIMITED/Company_Master_Data.pdf,7dc97aaeab57763d5120a11ff2a6d07c43df36be3b94a1275e86b758dd9f2d42,2026-08-26T17:10:00Z
DOC_F81471C25FAB,L15200GJ1986PLC009146,FINANCIAL_STATEMENT,Form AOC-4 Financial Statements FY 2024-25 - DHARNENDRA INDUSTRIES LIMITED,MCA / BSE Corporate Disclosures,2025-03-31,https://www.bseindia.com/stock-share-price/dharnendra-industries-limited/DHARNEND/519479/,documents/DHARNENDRA INDUSTRIES LIMITED/AOC-4_Financial_Statements_FY25.pdf,59ca597a84e448f928a5ecd908e8fd8dfec6d40fe9e56a51c3e3750bff20293d,2026-08-26T17:10:00Z
DOC_D4242E24B5D7,L15200GJ1986PLC009146,ANNUAL_RETURN,Form MGT-7 Annual Return & Shareholding Pattern FY 2024-25 - DHARNENDRA INDUSTRIES LIMITED,MCA / Exchange Disclosures,2025-09-30,https://www.bseindia.com/stock-share-price/dharnendra-industries-limited/DHARNEND/519479/,documents/DHARNENDRA INDUSTRIES LIMITED/MGT-7_Annual_Return_FY25.pdf,b3167bdf4f09e6ebbc0dfdbfc9555d3a0cf983bf4152c3a4a10dee611a4f971e,2026-08-26T17:10:00Z
DOC_B3AF6D2739AD,L15200GJ1986PLC009146,DIRECTOR_KMP_CHANGES,Form DIR-12 Director Profiles & KMP Appointments - DHARNENDRA INDUSTRIES LIMITED,MCA Corporate Filings,2024-11-15,https://www.bseindia.com/stock-share-price/dharnendra-industries-limited/DHARNEND/519479/,documents/DHARNENDRA INDUSTRIES LIMITED/DIR-12_Director_Records.pdf,d6df66a29b0beae3ba9eace861eb79020d3e0c4812a6a3feb307a3f60d29f09c,2026-08-26T17:10:00Z
DOC_9DF6D76FE39C,L15200GJ1986PLC009146,AUDITOR_APPOINTMENT,Form ADT-1 Auditor Appointment Resolution - DHARNENDRA INDUSTRIES LIMITED,MCA Corporate Filings,2024-09-28,https://www.bseindia.com/stock-share-price/dharnendra-industries-limited/DHARNEND/519479/,documents/DHARNENDRA INDUSTRIES LIMITED/ADT-1_Auditor_Appointment.pdf,d5ad4019eb4b341578c5f44456327745d9088ebf707b237aca04a39cc16791e6,2026-08-26T17:10:00Z
DOC_35CE08E68D30,L15200GJ1986PLC009146,REGISTERED_OFFICE,Form INC-22 Registered Office Location & Proof - DHARNENDRA INDUSTRIES LIMITED,MCA Corporate Filings,2023-05-10,https://www.bseindia.com/stock-share-price/dharnendra-industries-limited/DHARNEND/519479/,documents/DHARNENDRA INDUSTRIES LIMITED/INC-22_Registered_Office_Proof.pdf,dce1595cab0edf34d59ff709a3410573022cd4e7870f98b2d6a86f60d4148edd,2026-08-26T17:10:00Z
DOC_8AA0E198CC8D,L15200GJ1986PLC009146,RESOLUTIONS_AGREEMENTS,Form MGT-14 Special Resolutions & Alterations - DHARNENDRA INDUSTRIES LIMITED,MCA Corporate Filings,2024-03-20,https://www.bseindia.com/stock-share-price/dharnendra-industries-limited/DHARNEND/519479/,documents/DHARNENDRA INDUSTRIES LIMITED/MGT-14_Special_Resolutions.pdf,3ae96cf39124bce6649787d9e2d2595e0d46e8e15fc93aab6d0f74d308c04480,2026-08-26T17:10:00Z
DOC_C36CAD80B40C,L15200GJ1986PLC009146,GST_TAXPAYER_DATA,GST Public Taxpayer Registration & Business Footprint - DHARNENDRA INDUSTRIES LIMITED,GST Council Public Portal,2026-01-10,https://www.bseindia.com/stock-share-price/dharnendra-industries-limited/DHARNEND/519479/,documents/DHARNENDRA INDUSTRIES LIMITED/GST_Place_of_Business_Registration.pdf,fb9f1fa910d21c695c3ee6c4fdf92bbf8cc01005b396af08cc97374798cfc65f,2026-08-26T17:10:00Z
DOC_60D46022F75C,L15400GJ1985PLC007773,COMPANY_MASTER_DATA,Company Master Data Record - RAJHANS FOOD LIMITED,Ministry of Corporate Affairs (MCA),2026-08-26,https://www.bseindia.com/stock-share-price/rajhans-food-limited/RAJHANS/519280/,documents/RAJHANS FOOD LIMITED/Company_Master_Data.pdf,160ee9c37420a26dd4d88b60918f39b52ff9a5cfa8eed76fad1dd21ef23d0259,2026-08-26T17:10:00Z
DOC_A5BFD9153D73,L15400GJ1985PLC007773,FINANCIAL_STATEMENT,Form AOC-4 Financial Statements FY 2024-25 - RAJHANS FOOD LIMITED,MCA / BSE Corporate Disclosures,2025-03-31,https://www.bseindia.com/stock-share-price/rajhans-food-limited/RAJHANS/519280/,documents/RAJHANS FOOD LIMITED/AOC-4_Financial_Statements_FY25.pdf,7502b6da318feecc7dd312044c3fcbc71b4e41b5fc08a7efd4ec49b0b5e3b1a4,2026-08-26T17:10:00Z
DOC_D9C3CB775528,L15400GJ1985PLC007773,ANNUAL_RETURN,Form MGT-7 Annual Return & Shareholding Pattern FY 2024-25 - RAJHANS FOOD LIMITED,MCA / Exchange Disclosures,2025-09-30,https://www.bseindia.com/stock-share-price/rajhans-food-limited/RAJHANS/519280/,documents/RAJHANS FOOD LIMITED/MGT-7_Annual_Return_FY25.pdf,151c0d6a3f363cfd8faca5b84f13067df9768913ac5848fae8209cc3907fb45e,2026-08-26T17:10:00Z
DOC_0A1EA7D54C04,L15400GJ1985PLC007773,DIRECTOR_KMP_CHANGES,Form DIR-12 Director Profiles & KMP Appointments - RAJHANS FOOD LIMITED,MCA Corporate Filings,2024-11-15,https://www.bseindia.com/stock-share-price/rajhans-food-limited/RAJHANS/519280/,documents/RAJHANS FOOD LIMITED/DIR-12_Director_Records.pdf,0d1b3e8388f1602976338084b46956d1fe4984fb19102ada32ca18d8f8dad30e,2026-08-26T17:10:00Z
DOC_75F5E891656A,L15400GJ1985PLC007773,AUDITOR_APPOINTMENT,Form ADT-1 Auditor Appointment Resolution - RAJHANS FOOD LIMITED,MCA Corporate Filings,2024-09-28,https://www.bseindia.com/stock-share-price/rajhans-food-limited/RAJHANS/519280/,documents/RAJHANS FOOD LIMITED/ADT-1_Auditor_Appointment.pdf,d4102d603cc53a826d7b9c07e40d62f71caa3e67dc262a68ea4ec6837031d0f6,2026-08-26T17:10:00Z
DOC_A42A0F405000,L15400GJ1985PLC007773,REGISTERED_OFFICE,Form INC-22 Registered Office Location & Proof - RAJHANS FOOD LIMITED,MCA Corporate Filings,2023-05-10,https://www.bseindia.com/stock-share-price/rajhans-food-limited/RAJHANS/519280/,documents/RAJHANS FOOD LIMITED/INC-22_Registered_Office_Proof.pdf,2dfd6e15d5adb5dc543dfb13e7f7e3103c006281fe053581221a9b522e6127ae,2026-08-26T17:10:00Z
DOC_3BDA27056F50,L15400GJ1985PLC007773,RESOLUTIONS_AGREEMENTS,Form MGT-14 Special Resolutions & Alterations - RAJHANS FOOD LIMITED,MCA Corporate Filings,2024-03-20,https://www.bseindia.com/stock-share-price/rajhans-food-limited/RAJHANS/519280/,documents/RAJHANS FOOD LIMITED/MGT-14_Special_Resolutions.pdf,5699754fab38e2f4da0d2bdad3c57e42a3a773d8191ff09731deba5213d128c3,2026-08-26T17:10:00Z
DOC_81A6921D5585,L15400GJ1985PLC007773,GST_TAXPAYER_DATA,GST Public Taxpayer Registration & Business Footprint - RAJHANS FOOD LIMITED,GST Council Public Portal,2026-01-10,https://www.bseindia.com/stock-share-price/rajhans-food-limited/RAJHANS/519280/,documents/RAJHANS FOOD LIMITED/GST_Place_of_Business_Registration.pdf,39e3b9afe094094baab454fcc86472fdb5b34f7882e0738e41cbf8fefade3c21,2026-08-26T17:10:00Z
DOC_13523AA9F6E0,L15419GJ1982PLC005071,COMPANY_MASTER_DATA,Company Master Data Record - SHAH FOODS LIMITED,Ministry of Corporate Affairs (MCA),2026-08-26,https://www.bseindia.com/stock-share-price/shah-foods-limited/SHAHFOOD/519031/,documents/SHAH FOODS LIMITED/Company_Master_Data.pdf,9e6662bc0db47122d318c858074165905c111877ef8bd52ac54787d7fe9432ec,2026-08-26T17:10:00Z
DOC_145AAA52B75E,L15419GJ1982PLC005071,FINANCIAL_STATEMENT,Form AOC-4 Financial Statements FY 2024-25 - SHAH FOODS LIMITED,MCA / BSE Corporate Disclosures,2025-03-31,https://www.bseindia.com/stock-share-price/shah-foods-limited/SHAHFOOD/519031/,documents/SHAH FOODS LIMITED/AOC-4_Financial_Statements_FY25.pdf,75a85cc2ea456176b36e54373fe54693a00092634a6d4d3b3181a847cef55add,2026-08-26T17:10:00Z
DOC_05E66D79379E,L15419GJ1982PLC005071,ANNUAL_RETURN,Form MGT-7 Annual Return & Shareholding Pattern FY 2024-25 - SHAH FOODS LIMITED,MCA / Exchange Disclosures,2025-09-30,https://www.bseindia.com/stock-share-price/shah-foods-limited/SHAHFOOD/519031/,documents/SHAH FOODS LIMITED/MGT-7_Annual_Return_FY25.pdf,299d93d3359362dc6e938ef3dfdb8aba38dd5655700b0209163fa75f078edd69,2026-08-26T17:10:00Z
DOC_D4F2703907FE,L15419GJ1982PLC005071,DIRECTOR_KMP_CHANGES,Form DIR-12 Director Profiles & KMP Appointments - SHAH FOODS LIMITED,MCA Corporate Filings,2024-11-15,https://www.bseindia.com/stock-share-price/shah-foods-limited/SHAHFOOD/519031/,documents/SHAH FOODS LIMITED/DIR-12_Director_Records.pdf,c3f57cde7a4b904c415a25131038da98384a7696981770ab201400ccaff004b4,2026-08-26T17:10:00Z
DOC_E4889C9BDE68,L15419GJ1982PLC005071,AUDITOR_APPOINTMENT,Form ADT-1 Auditor Appointment Resolution - SHAH FOODS LIMITED,MCA Corporate Filings,2024-09-28,https://www.bseindia.com/stock-share-price/shah-foods-limited/SHAHFOOD/519031/,documents/SHAH FOODS LIMITED/ADT-1_Auditor_Appointment.pdf,e049d8d441d28d4e924237d4abaa8240a943b439f17ffe4343ef0a6017e671b6,2026-08-26T17:10:00Z
DOC_6BD9549A91E5,L15419GJ1982PLC005071,REGISTERED_OFFICE,Form INC-22 Registered Office Location & Proof - SHAH FOODS LIMITED,MCA Corporate Filings,2023-05-10,https://www.bseindia.com/stock-share-price/shah-foods-limited/SHAHFOOD/519031/,documents/SHAH FOODS LIMITED/INC-22_Registered_Office_Proof.pdf,2d0ad8b276961cd1f472f30efaa8cd07ab1726b03404bfefd582a96476d0f23b,2026-08-26T17:10:00Z
DOC_F803A55F34C3,L15419GJ1982PLC005071,RESOLUTIONS_AGREEMENTS,Form MGT-14 Special Resolutions & Alterations - SHAH FOODS LIMITED,MCA Corporate Filings,2024-03-20,https://www.bseindia.com/stock-share-price/shah-foods-limited/SHAHFOOD/519031/,documents/SHAH FOODS LIMITED/MGT-14_Special_Resolutions.pdf,03b0ebc279b858d358de41745f6d3a426126f4215e229ac4d07c6e25bd14cdbe,2026-08-26T17:10:00Z
DOC_69EA99DE2160,L15419GJ1982PLC005071,GST_TAXPAYER_DATA,GST Public Taxpayer Registration & Business Footprint - SHAH FOODS LIMITED,GST Council Public Portal,2026-01-10,https://www.bseindia.com/stock-share-price/shah-foods-limited/SHAHFOOD/519031/,documents/SHAH FOODS LIMITED/GST_Place_of_Business_Registration.pdf,d9a0ff20cf95a9f5fd0a3ef1c8983895b6a5bc744630e32864c8d26218fb96d1,2026-08-26T17:10:00Z
DOC_C90FC767B174,L17100GJ1983PLC028990,COMPANY_MASTER_DATA,Company Master Data Record - AARNAV FASHIONS LIMITED,Ministry of Corporate Affairs (MCA),2026-08-26,https://www.bseindia.com/stock-share-price/aarnav-fashions-limited/AARNAV/539513/,documents/AARNAV FASHIONS LIMITED/Company_Master_Data.pdf,91b47b30b90edaf6370d1391df0560a141f7f5969b97ee82f3bdaa5bcf3af042,2026-08-26T17:10:00Z
DOC_A1B38E597107,L17100GJ1983PLC028990,FINANCIAL_STATEMENT,Form AOC-4 Financial Statements FY 2024-25 - AARNAV FASHIONS LIMITED,MCA / BSE Corporate Disclosures,2025-03-31,https://www.bseindia.com/stock-share-price/aarnav-fashions-limited/AARNAV/539513/,documents/AARNAV FASHIONS LIMITED/AOC-4_Financial_Statements_FY25.pdf,ef20a814ea26b02e74bf6cc0fe7f39ea3ecbf507cb6dc87e649051064364adb8,2026-08-26T17:10:00Z
DOC_071E335CAE00,L17100GJ1983PLC028990,ANNUAL_RETURN,Form MGT-7 Annual Return & Shareholding Pattern FY 2024-25 - AARNAV FASHIONS LIMITED,MCA / Exchange Disclosures,2025-09-30,https://www.bseindia.com/stock-share-price/aarnav-fashions-limited/AARNAV/539513/,documents/AARNAV FASHIONS LIMITED/MGT-7_Annual_Return_FY25.pdf,6c462fda3fe739a4bb3d05d3cd068431dda245bd1c8ed681eab380d18c9f3a0d,2026-08-26T17:10:00Z
DOC_A8A02CB191EC,L17100GJ1983PLC028990,DIRECTOR_KMP_CHANGES,Form DIR-12 Director Profiles & KMP Appointments - AARNAV FASHIONS LIMITED,MCA Corporate Filings,2024-11-15,https://www.bseindia.com/stock-share-price/aarnav-fashions-limited/AARNAV/539513/,documents/AARNAV FASHIONS LIMITED/DIR-12_Director_Records.pdf,b286a37c60dbf5eb33ea57fb38bd000186ffbb0471663aaac2845c9856334dd8,2026-08-26T17:10:00Z
DOC_0CAACBEED45B,L17100GJ1983PLC028990,AUDITOR_APPOINTMENT,Form ADT-1 Auditor Appointment Resolution - AARNAV FASHIONS LIMITED,MCA Corporate Filings,2024-09-28,https://www.bseindia.com/stock-share-price/aarnav-fashions-limited/AARNAV/539513/,documents/AARNAV FASHIONS LIMITED/ADT-1_Auditor_Appointment.pdf,b0b60442642e78747fd7a33c5885f46c4cea3cc3e3271238390917d86192ac2e,2026-08-26T17:10:00Z
DOC_FE9FD9714D20,L17100GJ1983PLC028990,REGISTERED_OFFICE,Form INC-22 Registered Office Location & Proof - AARNAV FASHIONS LIMITED,MCA Corporate Filings,2023-05-10,https://www.bseindia.com/stock-share-price/aarnav-fashions-limited/AARNAV/539513/,documents/AARNAV FASHIONS LIMITED/INC-22_Registered_Office_Proof.pdf,c87524f1d3cec9f99ce6da87031ddc38110167c8f09ef385a0dbd43aa41c4a81,2026-08-26T17:10:00Z
DOC_6DD2604E219B,L17100GJ1983PLC028990,RESOLUTIONS_AGREEMENTS,Form MGT-14 Special Resolutions & Alterations - AARNAV FASHIONS LIMITED,MCA Corporate Filings,2024-03-20,https://www.bseindia.com/stock-share-price/aarnav-fashions-limited/AARNAV/539513/,documents/AARNAV FASHIONS LIMITED/MGT-14_Special_Resolutions.pdf,7e3daf7f4bbb799493a7144fcf06e40561262ce66b42ab2be4b3a6c426bf9b04,2026-08-26T17:10:00Z
DOC_BB9F67E4A8DB,L17100GJ1983PLC028990,GST_TAXPAYER_DATA,GST Public Taxpayer Registration & Business Footprint - AARNAV FASHIONS LIMITED,GST Council Public Portal,2026-01-10,https://www.bseindia.com/stock-share-price/aarnav-fashions-limited/AARNAV/539513/,documents/AARNAV FASHIONS LIMITED/GST_Place_of_Business_Registration.pdf,b7f66baabfe8a36722695789a0eea72fa64d9a3d7c34994b1ce5f8acad9f8493,2026-08-26T17:10:00Z
DOC_32C2AB261C9E,L17110GJ1982PLC004960,COMPANY_MASTER_DATA,Company Master Data Record - GSL (INDIA) LIMITED,Ministry of Corporate Affairs (MCA),2026-08-26,https://www.bseindia.com/stock-share-price/gsl-(india)-limited/GSL/503903/,documents/GSL (INDIA) LIMITED/Company_Master_Data.pdf,c66ad1da2c4b018dee7e970a0f29158228b018ff8201531f28d05b7c2284041d,2026-08-26T17:10:00Z
DOC_A25CA54C1DC1,L17110GJ1982PLC004960,FINANCIAL_STATEMENT,Form AOC-4 Financial Statements FY 2024-25 - GSL (INDIA) LIMITED,MCA / BSE Corporate Disclosures,2025-03-31,https://www.bseindia.com/stock-share-price/gsl-(india)-limited/GSL/503903/,documents/GSL (INDIA) LIMITED/AOC-4_Financial_Statements_FY25.pdf,14305ac929e6236416f6a7966f70e469afdf68fe60ab488d9461115ddc8662ca,2026-08-26T17:10:00Z
DOC_D23F7290CEDD,L17110GJ1982PLC004960,ANNUAL_RETURN,Form MGT-7 Annual Return & Shareholding Pattern FY 2024-25 - GSL (INDIA) LIMITED,MCA / Exchange Disclosures,2025-09-30,https://www.bseindia.com/stock-share-price/gsl-(india)-limited/GSL/503903/,documents/GSL (INDIA) LIMITED/MGT-7_Annual_Return_FY25.pdf,4dc28b1be1359b9f1c063e74fe5e547e3512157a28c3f4622f069193fc49ef34,2026-08-26T17:10:00Z
DOC_825D62C43C65,L17110GJ1982PLC004960,DIRECTOR_KMP_CHANGES,Form DIR-12 Director Profiles & KMP Appointments - GSL (INDIA) LIMITED,MCA Corporate Filings,2024-11-15,https://www.bseindia.com/stock-share-price/gsl-(india)-limited/GSL/503903/,documents/GSL (INDIA) LIMITED/DIR-12_Director_Records.pdf,e70ff90c8ba9f12adf3f7f592dfa6fdea7fedee722c58cb56959f52155e69380,2026-08-26T17:10:00Z
DOC_B3BD87178E6E,L17110GJ1982PLC004960,AUDITOR_APPOINTMENT,Form ADT-1 Auditor Appointment Resolution - GSL (INDIA) LIMITED,MCA Corporate Filings,2024-09-28,https://www.bseindia.com/stock-share-price/gsl-(india)-limited/GSL/503903/,documents/GSL (INDIA) LIMITED/ADT-1_Auditor_Appointment.pdf,66f02e8b7f947e117f5b9f8996ec1008b55065362dc94223da572a577bf61440,2026-08-26T17:10:00Z
DOC_F3BF5801A44F,L17110GJ1982PLC004960,REGISTERED_OFFICE,Form INC-22 Registered Office Location & Proof - GSL (INDIA) LIMITED,MCA Corporate Filings,2023-05-10,https://www.bseindia.com/stock-share-price/gsl-(india)-limited/GSL/503903/,documents/GSL (INDIA) LIMITED/INC-22_Registered_Office_Proof.pdf,bc8cd47bd2157c95580edeb88a6326000fbf28d855ffe96974085cfa3929d2d7,2026-08-26T17:10:00Z
DOC_4A41467DB84C,L17110GJ1982PLC004960,RESOLUTIONS_AGREEMENTS,Form MGT-14 Special Resolutions & Alterations - GSL (INDIA) LIMITED,MCA Corporate Filings,2024-03-20,https://www.bseindia.com/stock-share-price/gsl-(india)-limited/GSL/503903/,documents/GSL (INDIA) LIMITED/MGT-14_Special_Resolutions.pdf,d9343113dd6ccba5ba2c57ca0cdd1745ad4f00bccb239424fe721805214780bb,2026-08-26T17:10:00Z
DOC_0B17064A0AF0,L17110GJ1982PLC004960,GST_TAXPAYER_DATA,GST Public Taxpayer Registration & Business Footprint - GSL (INDIA) LIMITED,GST Council Public Portal,2026-01-10,https://www.bseindia.com/stock-share-price/gsl-(india)-limited/GSL/503903/,documents/GSL (INDIA) LIMITED/GST_Place_of_Business_Registration.pdf,3f60365edad0d6c9e7e098f1382455e63cbf3d7710b7b12168e9fd3f75feff5f,2026-08-26T17:10:00Z
DOC_547320DA2B27,L17110GJ1983PLC006309,COMPANY_MASTER_DATA,Company Master Data Record - SANRHEA TECHNICAL TEXTILES LIMITED,Ministry of Corporate Affairs (MCA),2026-08-26,https://www.bseindia.com/stock-share-price/sanrhea-technical-textiles-limited/SANRHEA/530073/,documents/SANRHEA TECHNICAL TEXTILES LIMITED/Company_Master_Data.pdf,a837a771bd2e0785439bf21eaa60db29c7427681eaf6a470a1bea97e372609c7,2026-08-26T17:10:00Z
DOC_53B8BA852937,L17110GJ1983PLC006309,FINANCIAL_STATEMENT,Form AOC-4 Financial Statements FY 2024-25 - SANRHEA TECHNICAL TEXTILES LIMITED,MCA / BSE Corporate Disclosures,2025-03-31,https://www.bseindia.com/stock-share-price/sanrhea-technical-textiles-limited/SANRHEA/530073/,documents/SANRHEA TECHNICAL TEXTILES LIMITED/AOC-4_Financial_Statements_FY25.pdf,a44006758b7dc2779466865bc46d584267e3941065be0d97c76cec0a1403feda,2026-08-26T17:10:00Z
DOC_568916F8C23D,L17110GJ1983PLC006309,ANNUAL_RETURN,Form MGT-7 Annual Return & Shareholding Pattern FY 2024-25 - SANRHEA TECHNICAL TEXTILES LIMITED,MCA / Exchange Disclosures,2025-09-30,https://www.bseindia.com/stock-share-price/sanrhea-technical-textiles-limited/SANRHEA/530073/,documents/SANRHEA TECHNICAL TEXTILES LIMITED/MGT-7_Annual_Return_FY25.pdf,4b5a7f8c580c4aced97a2a79bc2900c58afb6f4457331d5e1b13b3f86dcc48aa,2026-08-26T17:10:00Z
DOC_29135BCD9BBF,L17110GJ1983PLC006309,DIRECTOR_KMP_CHANGES,Form DIR-12 Director Profiles & KMP Appointments - SANRHEA TECHNICAL TEXTILES LIMITED,MCA Corporate Filings,2024-11-15,https://www.bseindia.com/stock-share-price/sanrhea-technical-textiles-limited/SANRHEA/530073/,documents/SANRHEA TECHNICAL TEXTILES LIMITED/DIR-12_Director_Records.pdf,adb62e746a694fcba587ae99da6d7209fd0e9124f6e6de821171b9155eb44bd5,2026-08-26T17:10:00Z
DOC_BC71C270E1BF,L17110GJ1983PLC006309,AUDITOR_APPOINTMENT,Form ADT-1 Auditor Appointment Resolution - SANRHEA TECHNICAL TEXTILES LIMITED,MCA Corporate Filings,2024-09-28,https://www.bseindia.com/stock-share-price/sanrhea-technical-textiles-limited/SANRHEA/530073/,documents/SANRHEA TECHNICAL TEXTILES LIMITED/ADT-1_Auditor_Appointment.pdf,edbbe9d62528158d42d35012334a5bc56e116177bf555c3fe9afc857c0dbfbe8,2026-08-26T17:10:00Z
DOC_B13DA63697A3,L17110GJ1983PLC006309,REGISTERED_OFFICE,Form INC-22 Registered Office Location & Proof - SANRHEA TECHNICAL TEXTILES LIMITED,MCA Corporate Filings,2023-05-10,https://www.bseindia.com/stock-share-price/sanrhea-technical-textiles-limited/SANRHEA/530073/,documents/SANRHEA TECHNICAL TEXTILES LIMITED/INC-22_Registered_Office_Proof.pdf,74b0570c79722732951039ad4111a3f89c9b66898a3f95c2d0d120bf60493a57,2026-08-26T17:10:00Z
DOC_910A39525962,L17110GJ1983PLC006309,RESOLUTIONS_AGREEMENTS,Form MGT-14 Special Resolutions & Alterations - SANRHEA TECHNICAL TEXTILES LIMITED,MCA Corporate Filings,2024-03-20,https://www.bseindia.com/stock-share-price/sanrhea-technical-textiles-limited/SANRHEA/530073/,documents/SANRHEA TECHNICAL TEXTILES LIMITED/MGT-14_Special_Resolutions.pdf,f9c8cb0715bde03985f03697856f31ec00926dfb319497c7feeef42aa276c0c5,2026-08-26T17:10:00Z
DOC_FC74F6B22316,L17110GJ1983PLC006309,GST_TAXPAYER_DATA,GST Public Taxpayer Registration & Business Footprint - SANRHEA TECHNICAL TEXTILES LIMITED,GST Council Public Portal,2026-01-10,https://www.bseindia.com/stock-share-price/sanrhea-technical-textiles-limited/SANRHEA/530073/,documents/SANRHEA TECHNICAL TEXTILES LIMITED/GST_Place_of_Business_Registration.pdf,516d67fc86544b7018451480f16b15d757cb55725466c3c4c4ca1ccbb4e8d35b,2026-08-26T17:10:00Z
DOC_F69AAD142946,L17110GJ1983PLC006462,COMPANY_MASTER_DATA,Company Master Data Record - JAYATMA INDUSTRIES LIMITED,Ministry of Corporate Affairs (MCA),2026-08-26,https://www.bseindia.com/stock-share-price/jayatma-industries-limited/JAYATMA/521131/,documents/JAYATMA INDUSTRIES LIMITED/Company_Master_Data.pdf,60551b19ebec4da509715c92cff4ace6b114780d82437f0e22df9230e92eec99,2026-08-26T17:10:00Z
DOC_AF979CDEEF36,L17110GJ1983PLC006462,FINANCIAL_STATEMENT,Form AOC-4 Financial Statements FY 2024-25 - JAYATMA INDUSTRIES LIMITED,MCA / BSE Corporate Disclosures,2025-03-31,https://www.bseindia.com/stock-share-price/jayatma-industries-limited/JAYATMA/521131/,documents/JAYATMA INDUSTRIES LIMITED/AOC-4_Financial_Statements_FY25.pdf,7fc9b219fae15d46330a3c50ad2441058ab74112d44273725370e6db6758a4bb,2026-08-26T17:10:00Z
DOC_0E5211ACF8E6,L17110GJ1983PLC006462,ANNUAL_RETURN,Form MGT-7 Annual Return & Shareholding Pattern FY 2024-25 - JAYATMA INDUSTRIES LIMITED,MCA / Exchange Disclosures,2025-09-30,https://www.bseindia.com/stock-share-price/jayatma-industries-limited/JAYATMA/521131/,documents/JAYATMA INDUSTRIES LIMITED/MGT-7_Annual_Return_FY25.pdf,b5d9ab627d1e2628ef7a8fb344c0e1fc59ca8d1d90d70158700194e3557cc537,2026-08-26T17:10:00Z
DOC_5BE83D73B521,L17110GJ1983PLC006462,DIRECTOR_KMP_CHANGES,Form DIR-12 Director Profiles & KMP Appointments - JAYATMA INDUSTRIES LIMITED,MCA Corporate Filings,2024-11-15,https://www.bseindia.com/stock-share-price/jayatma-industries-limited/JAYATMA/521131/,documents/JAYATMA INDUSTRIES LIMITED/DIR-12_Director_Records.pdf,67ef56ff8b44933a33ab1fe0f8b6b2506f523e0124cb2da8c072a2bac113033b,2026-08-26T17:10:00Z
DOC_32ADF55D557A,L17110GJ1983PLC006462,AUDITOR_APPOINTMENT,Form ADT-1 Auditor Appointment Resolution - JAYATMA INDUSTRIES LIMITED,MCA Corporate Filings,2024-09-28,https://www.bseindia.com/stock-share-price/jayatma-industries-limited/JAYATMA/521131/,documents/JAYATMA INDUSTRIES LIMITED/ADT-1_Auditor_Appointment.pdf,2dc2c51443091f1d2bac513f316f2629654b0efd08f0f458a04984fa9b8c879b,2026-08-26T17:10:00Z
DOC_8662E8D167B2,L17110GJ1983PLC006462,REGISTERED_OFFICE,Form INC-22 Registered Office Location & Proof - JAYATMA INDUSTRIES LIMITED,MCA Corporate Filings,2023-05-10,https://www.bseindia.com/stock-share-price/jayatma-industries-limited/JAYATMA/521131/,documents/JAYATMA INDUSTRIES LIMITED/INC-22_Registered_Office_Proof.pdf,6bade64a1955430411b1462674c41bc9f35139cc70bf1e6d55232abab885bbac,2026-08-26T17:10:00Z
DOC_F211F48DF436,L17110GJ1983PLC006462,RESOLUTIONS_AGREEMENTS,Form MGT-14 Special Resolutions & Alterations - JAYATMA INDUSTRIES LIMITED,MCA Corporate Filings,2024-03-20,https://www.bseindia.com/stock-share-price/jayatma-industries-limited/JAYATMA/521131/,documents/JAYATMA INDUSTRIES LIMITED/MGT-14_Special_Resolutions.pdf,a2ec356689b19c9e4e359bba7bb44032436fb47b86a0cbe54405f665fcf60052,2026-08-26T17:10:00Z
DOC_B1ED295963DC,L17110GJ1983PLC006462,GST_TAXPAYER_DATA,GST Public Taxpayer Registration & Business Footprint - JAYATMA INDUSTRIES LIMITED,GST Council Public Portal,2026-01-10,https://www.bseindia.com/stock-share-price/jayatma-industries-limited/JAYATMA/521131/,documents/JAYATMA INDUSTRIES LIMITED/GST_Place_of_Business_Registration.pdf,0f78be690566e4f401d37fb46a09115ef80fcfa68ed8c059753ce42f93712aac,2026-08-26T17:10:00Z
DOC_1389DCF6928C,L17110GJ1984PLC007124,COMPANY_MASTER_DATA,Company Master Data Record - GUJARAT RAFFIA INDUSTRIES LIMITED,Ministry of Corporate Affairs (MCA),2026-08-26,https://www.bseindia.com/stock-share-price/gujarat-raffia-industries-limited/GUJRAFIA/523836/,documents/GUJARAT RAFFIA INDUSTRIES LIMITED/Company_Master_Data.pdf,37cf339448f941b1ad1feb06d1785896d1b969f1dd917fd2f6d6625a55da5c68,2026-08-26T17:10:00Z
DOC_4CB9047BD61B,L17110GJ1984PLC007124,FINANCIAL_STATEMENT,Form AOC-4 Financial Statements FY 2024-25 - GUJARAT RAFFIA INDUSTRIES LIMITED,MCA / BSE Corporate Disclosures,2025-03-31,https://www.bseindia.com/stock-share-price/gujarat-raffia-industries-limited/GUJRAFIA/523836/,documents/GUJARAT RAFFIA INDUSTRIES LIMITED/AOC-4_Financial_Statements_FY25.pdf,2554da3fbdaf20e538916221d04f1983e6b0a104673d1a9952b0450ca78efcf4,2026-08-26T17:10:00Z
DOC_93B51A32DEB3,L17110GJ1984PLC007124,ANNUAL_RETURN,Form MGT-7 Annual Return & Shareholding Pattern FY 2024-25 - GUJARAT RAFFIA INDUSTRIES LIMITED,MCA / Exchange Disclosures,2025-09-30,https://www.bseindia.com/stock-share-price/gujarat-raffia-industries-limited/GUJRAFIA/523836/,documents/GUJARAT RAFFIA INDUSTRIES LIMITED/MGT-7_Annual_Return_FY25.pdf,a13991e33ff826ce667576546a97be829adc0fed2d1b5aae3026f5d0982db355,2026-08-26T17:10:00Z
DOC_6D31DDAE9842,L17110GJ1984PLC007124,DIRECTOR_KMP_CHANGES,Form DIR-12 Director Profiles & KMP Appointments - GUJARAT RAFFIA INDUSTRIES LIMITED,MCA Corporate Filings,2024-11-15,https://www.bseindia.com/stock-share-price/gujarat-raffia-industries-limited/GUJRAFIA/523836/,documents/GUJARAT RAFFIA INDUSTRIES LIMITED/DIR-12_Director_Records.pdf,beb1caf84bb0129ee0d7953d99ca5c9460c2bf49874c2772b5c0d49a13be8bad,2026-08-26T17:10:00Z
DOC_F1DD42BFD1FA,L17110GJ1984PLC007124,AUDITOR_APPOINTMENT,Form ADT-1 Auditor Appointment Resolution - GUJARAT RAFFIA INDUSTRIES LIMITED,MCA Corporate Filings,2024-09-28,https://www.bseindia.com/stock-share-price/gujarat-raffia-industries-limited/GUJRAFIA/523836/,documents/GUJARAT RAFFIA INDUSTRIES LIMITED/ADT-1_Auditor_Appointment.pdf,3665967311b01d719b130ec0fb41d19fb53981611ea0b6533250e99abe850fa9,2026-08-26T17:10:00Z
DOC_EBF35C45C5DF,L17110GJ1984PLC007124,REGISTERED_OFFICE,Form INC-22 Registered Office Location & Proof - GUJARAT RAFFIA INDUSTRIES LIMITED,MCA Corporate Filings,2023-05-10,https://www.bseindia.com/stock-share-price/gujarat-raffia-industries-limited/GUJRAFIA/523836/,documents/GUJARAT RAFFIA INDUSTRIES LIMITED/INC-22_Registered_Office_Proof.pdf,0c6a1e777f505322f3af9b64d130648887b944841ac1fdf463e8fb0538e10a0b,2026-08-26T17:10:00Z
DOC_E3512D97D197,L17110GJ1984PLC007124,RESOLUTIONS_AGREEMENTS,Form MGT-14 Special Resolutions & Alterations - GUJARAT RAFFIA INDUSTRIES LIMITED,MCA Corporate Filings,2024-03-20,https://www.bseindia.com/stock-share-price/gujarat-raffia-industries-limited/GUJRAFIA/523836/,documents/GUJARAT RAFFIA INDUSTRIES LIMITED/MGT-14_Special_Resolutions.pdf,6ff306cf9625228454770639727236540525dc92614523b2bab6756e2e2caa30,2026-08-26T17:10:00Z
DOC_B270930A4428,L17110GJ1984PLC007124,GST_TAXPAYER_DATA,GST Public Taxpayer Registration & Business Footprint - GUJARAT RAFFIA INDUSTRIES LIMITED,GST Council Public Portal,2026-01-10,https://www.bseindia.com/stock-share-price/gujarat-raffia-industries-limited/GUJRAFIA/523836/,documents/GUJARAT RAFFIA INDUSTRIES LIMITED/GST_Place_of_Business_Registration.pdf,780c46fdf23bb943dbdc46e30c8b0436b217acd8b1f61ada4ea23474455888e7,2026-08-26T17:10:00Z
DOC_AC70C053910E,L17110GJ1984PLC007266,COMPANY_MASTER_DATA,Company Master Data Record - GUJARAT FILAMENTS LIMITED,Ministry of Corporate Affairs (MCA),2026-08-26,https://www.bseindia.com/stock-share-price/gujarat-filaments-limited/GUJFILA/514138/,documents/GUJARAT FILAMENTS LIMITED/Company_Master_Data.pdf,163c57d15ac723bd23828f2e2d2a4a2ff06e3f4d918f5a047a1e9f89020b5f59,2026-08-26T17:10:00Z
DOC_9E2A279A8FAB,L17110GJ1984PLC007266,FINANCIAL_STATEMENT,Form AOC-4 Financial Statements FY 2024-25 - GUJARAT FILAMENTS LIMITED,MCA / BSE Corporate Disclosures,2025-03-31,https://www.bseindia.com/stock-share-price/gujarat-filaments-limited/GUJFILA/514138/,documents/GUJARAT FILAMENTS LIMITED/AOC-4_Financial_Statements_FY25.pdf,e88473f701b98a3240183cff44a5b59953b56be0bda681a3da31f7caf3613349,2026-08-26T17:10:00Z
DOC_6217BB261C12,L17110GJ1984PLC007266,ANNUAL_RETURN,Form MGT-7 Annual Return & Shareholding Pattern FY 2024-25 - GUJARAT FILAMENTS LIMITED,MCA / Exchange Disclosures,2025-09-30,https://www.bseindia.com/stock-share-price/gujarat-filaments-limited/GUJFILA/514138/,documents/GUJARAT FILAMENTS LIMITED/MGT-7_Annual_Return_FY25.pdf,4c530a2d076fabdcb8410cd87f8095359b7ca65cc0a90fd5a877ce05626cefa8,2026-08-26T17:10:00Z
DOC_79F5B54DD290,L17110GJ1984PLC007266,DIRECTOR_KMP_CHANGES,Form DIR-12 Director Profiles & KMP Appointments - GUJARAT FILAMENTS LIMITED,MCA Corporate Filings,2024-11-15,https://www.bseindia.com/stock-share-price/gujarat-filaments-limited/GUJFILA/514138/,documents/GUJARAT FILAMENTS LIMITED/DIR-12_Director_Records.pdf,790d3d34084101439f48edf845ea8b0ab79294062636feabcfd1ace9d1439c9a,2026-08-26T17:10:00Z
DOC_1413355FA01E,L17110GJ1984PLC007266,AUDITOR_APPOINTMENT,Form ADT-1 Auditor Appointment Resolution - GUJARAT FILAMENTS LIMITED,MCA Corporate Filings,2024-09-28,https://www.bseindia.com/stock-share-price/gujarat-filaments-limited/GUJFILA/514138/,documents/GUJARAT FILAMENTS LIMITED/ADT-1_Auditor_Appointment.pdf,65f70e496a2ddc1a4a1afe815940aa4be3a7834f195cf2bc00e97b8ce8b8b08a,2026-08-26T17:10:00Z
DOC_005E273EA34F,L17110GJ1984PLC007266,REGISTERED_OFFICE,Form INC-22 Registered Office Location & Proof - GUJARAT FILAMENTS LIMITED,MCA Corporate Filings,2023-05-10,https://www.bseindia.com/stock-share-price/gujarat-filaments-limited/GUJFILA/514138/,documents/GUJARAT FILAMENTS LIMITED/INC-22_Registered_Office_Proof.pdf,8ab5ac16d49c8c44661bb942785cabb5d88f4804c5dc23ad6250cb5a0ad80a15,2026-08-26T17:10:00Z
DOC_D2BDB4AFE16C,L17110GJ1984PLC007266,RESOLUTIONS_AGREEMENTS,Form MGT-14 Special Resolutions & Alterations - GUJARAT FILAMENTS LIMITED,MCA Corporate Filings,2024-03-20,https://www.bseindia.com/stock-share-price/gujarat-filaments-limited/GUJFILA/514138/,documents/GUJARAT FILAMENTS LIMITED/MGT-14_Special_Resolutions.pdf,ffe6f0b2e22caf3546ca6e119839be985979901185445d4d77d2ef478563a698,2026-08-26T17:10:00Z
DOC_8CC30C98C582,L17110GJ1984PLC007266,GST_TAXPAYER_DATA,GST Public Taxpayer Registration & Business Footprint - GUJARAT FILAMENTS LIMITED,GST Council Public Portal,2026-01-10,https://www.bseindia.com/stock-share-price/gujarat-filaments-limited/GUJFILA/514138/,documents/GUJARAT FILAMENTS LIMITED/GST_Place_of_Business_Registration.pdf,7319aa10f7a3822576d9d6a784208fe0af2c4b6a144f450465d154093b6eea99,2026-08-26T17:10:00Z
DOC_6123FB77D897,L17110GJ1985PLC007799,COMPANY_MASTER_DATA,Company Master Data Record - ADITYA POLYMERS LIMITED,Ministry of Corporate Affairs (MCA),2026-08-26,https://www.bseindia.com/stock-share-price/aditya-polymers-limited/ADITYAPOLY/514332/,documents/ADITYA POLYMERS LIMITED/Company_Master_Data.pdf,b57a400848b3a566e4ac963a34562085f91ae6f6f2ed85869007f6e3d6f6716e,2026-08-26T17:10:00Z
DOC_9B532B7A7D8C,L17110GJ1985PLC007799,FINANCIAL_STATEMENT,Form AOC-4 Financial Statements FY 2024-25 - ADITYA POLYMERS LIMITED,MCA / BSE Corporate Disclosures,2025-03-31,https://www.bseindia.com/stock-share-price/aditya-polymers-limited/ADITYAPOLY/514332/,documents/ADITYA POLYMERS LIMITED/AOC-4_Financial_Statements_FY25.pdf,e58bb801004d3e89235a1be56b2ed922120fa5dbb928cd25d0e37bb0dc7a9452,2026-08-26T17:10:00Z
DOC_289E5ED59BD3,L17110GJ1985PLC007799,ANNUAL_RETURN,Form MGT-7 Annual Return & Shareholding Pattern FY 2024-25 - ADITYA POLYMERS LIMITED,MCA / Exchange Disclosures,2025-09-30,https://www.bseindia.com/stock-share-price/aditya-polymers-limited/ADITYAPOLY/514332/,documents/ADITYA POLYMERS LIMITED/MGT-7_Annual_Return_FY25.pdf,d1e8fd63cb5c33ea21f335f9b7ff3876d6cf2e96578c8a869689cea42ac318fe,2026-08-26T17:10:00Z
DOC_49C9CF8E6357,L17110GJ1985PLC007799,DIRECTOR_KMP_CHANGES,Form DIR-12 Director Profiles & KMP Appointments - ADITYA POLYMERS LIMITED,MCA Corporate Filings,2024-11-15,https://www.bseindia.com/stock-share-price/aditya-polymers-limited/ADITYAPOLY/514332/,documents/ADITYA POLYMERS LIMITED/DIR-12_Director_Records.pdf,b5615fb1d0b7ac582c5b15a40a866738e053481958e6e7e88ab44db175112b5b,2026-08-26T17:10:00Z
DOC_1D2212C5AA68,L17110GJ1985PLC007799,AUDITOR_APPOINTMENT,Form ADT-1 Auditor Appointment Resolution - ADITYA POLYMERS LIMITED,MCA Corporate Filings,2024-09-28,https://www.bseindia.com/stock-share-price/aditya-polymers-limited/ADITYAPOLY/514332/,documents/ADITYA POLYMERS LIMITED/ADT-1_Auditor_Appointment.pdf,b08afbf234f87e81549cc57da492d06745302a8adee5e4b9ff2a52ff8c0a6127,2026-08-26T17:10:00Z
DOC_7A344F63215D,L17110GJ1985PLC007799,REGISTERED_OFFICE,Form INC-22 Registered Office Location & Proof - ADITYA POLYMERS LIMITED,MCA Corporate Filings,2023-05-10,https://www.bseindia.com/stock-share-price/aditya-polymers-limited/ADITYAPOLY/514332/,documents/ADITYA POLYMERS LIMITED/INC-22_Registered_Office_Proof.pdf,ac920c4a1988a792f2b1567d68c3235a16764204d98e82654fdd7961a0e0a092,2026-08-26T17:10:00Z
DOC_182447CED789,L17110GJ1985PLC007799,RESOLUTIONS_AGREEMENTS,Form MGT-14 Special Resolutions & Alterations - ADITYA POLYMERS LIMITED,MCA Corporate Filings,2024-03-20,https://www.bseindia.com/stock-share-price/aditya-polymers-limited/ADITYAPOLY/514332/,documents/ADITYA POLYMERS LIMITED/MGT-14_Special_Resolutions.pdf,73169a9217cc90b4ff637d59c3084bcd4b634924147de49e9c889b6399db7ebc,2026-08-26T17:10:00Z
DOC_813DE93FEE31,L17110GJ1985PLC007799,GST_TAXPAYER_DATA,GST Public Taxpayer Registration & Business Footprint - ADITYA POLYMERS LIMITED,GST Council Public Portal,2026-01-10,https://www.bseindia.com/stock-share-price/aditya-polymers-limited/ADITYAPOLY/514332/,documents/ADITYA POLYMERS LIMITED/GST_Place_of_Business_Registration.pdf,e87d1cfa5ba0a8aa20a97be9ea41bdcb1737505f938686ee990236e2d952d7dd,2026-08-26T17:10:00Z
DOC_A709ACC338DA,L17110GJ1985PLC007948,COMPANY_MASTER_DATA,Company Master Data Record - DHANENDRA OVERSAS LIMITED,Ministry of Corporate Affairs (MCA),2026-08-26,https://www.bseindia.com/stock-share-price/dhanendra-oversas-limited/DHANENDRA/521151/,documents/DHANENDRA OVERSAS LIMITED/Company_Master_Data.pdf,db4fcd63ba3bb5ad6543de883c661f1607a6dcec17dcd3842b59093946e7bb37,2026-08-26T17:10:00Z
DOC_04A17E539BB5,L17110GJ1985PLC007948,FINANCIAL_STATEMENT,Form AOC-4 Financial Statements FY 2024-25 - DHANENDRA OVERSAS LIMITED,MCA / BSE Corporate Disclosures,2025-03-31,https://www.bseindia.com/stock-share-price/dhanendra-oversas-limited/DHANENDRA/521151/,documents/DHANENDRA OVERSAS LIMITED/AOC-4_Financial_Statements_FY25.pdf,e3dba0baf7205a6e8a6bcd86881402ec8c30b5603324ae9a69d93b4fd86a9f9c,2026-08-26T17:10:00Z
DOC_6112C1BC8715,L17110GJ1985PLC007948,ANNUAL_RETURN,Form MGT-7 Annual Return & Shareholding Pattern FY 2024-25 - DHANENDRA OVERSAS LIMITED,MCA / Exchange Disclosures,2025-09-30,https://www.bseindia.com/stock-share-price/dhanendra-oversas-limited/DHANENDRA/521151/,documents/DHANENDRA OVERSAS LIMITED/MGT-7_Annual_Return_FY25.pdf,9d48da9656144c2e707afffa7d8442df327735aa9b8237ed7a881e7270ff4245,2026-08-26T17:10:00Z
DOC_B8FF5D0786D9,L17110GJ1985PLC007948,DIRECTOR_KMP_CHANGES,Form DIR-12 Director Profiles & KMP Appointments - DHANENDRA OVERSAS LIMITED,MCA Corporate Filings,2024-11-15,https://www.bseindia.com/stock-share-price/dhanendra-oversas-limited/DHANENDRA/521151/,documents/DHANENDRA OVERSAS LIMITED/DIR-12_Director_Records.pdf,cbb0a3c2493485ce876e12ea0837fcf86c02ed7d1bc15fd2b69f4734d358e55e,2026-08-26T17:10:00Z
DOC_4C6B400D4761,L17110GJ1985PLC007948,AUDITOR_APPOINTMENT,Form ADT-1 Auditor Appointment Resolution - DHANENDRA OVERSAS LIMITED,MCA Corporate Filings,2024-09-28,https://www.bseindia.com/stock-share-price/dhanendra-oversas-limited/DHANENDRA/521151/,documents/DHANENDRA OVERSAS LIMITED/ADT-1_Auditor_Appointment.pdf,bec5392813a290e5c976bb235e500d0d2d672a26f30b6455a505a4ef73b8e6d4,2026-08-26T17:10:00Z
DOC_C48419B5BE17,L17110GJ1985PLC007948,REGISTERED_OFFICE,Form INC-22 Registered Office Location & Proof - DHANENDRA OVERSAS LIMITED,MCA Corporate Filings,2023-05-10,https://www.bseindia.com/stock-share-price/dhanendra-oversas-limited/DHANENDRA/521151/,documents/DHANENDRA OVERSAS LIMITED/INC-22_Registered_Office_Proof.pdf,407050e81c457d53527735a4df729f1239082cdcd66ed5263ca53c58de7f7ad5,2026-08-26T17:10:00Z
DOC_FA3C2636D0A8,L17110GJ1985PLC007948,RESOLUTIONS_AGREEMENTS,Form MGT-14 Special Resolutions & Alterations - DHANENDRA OVERSAS LIMITED,MCA Corporate Filings,2024-03-20,https://www.bseindia.com/stock-share-price/dhanendra-oversas-limited/DHANENDRA/521151/,documents/DHANENDRA OVERSAS LIMITED/MGT-14_Special_Resolutions.pdf,de45f9e1f289b55e4ea76a9c7e5510597d239882f7cd75d49d523e7d29d7890f,2026-08-26T17:10:00Z
DOC_D1440D89ECA3,L17110GJ1985PLC007948,GST_TAXPAYER_DATA,GST Public Taxpayer Registration & Business Footprint - DHANENDRA OVERSAS LIMITED,GST Council Public Portal,2026-01-10,https://www.bseindia.com/stock-share-price/dhanendra-oversas-limited/DHANENDRA/521151/,documents/DHANENDRA OVERSAS LIMITED/GST_Place_of_Business_Registration.pdf,71457fd8b9e4aeb9e319740f50e4f2e810436afcf3c8ea75c66c471f2183504e,2026-08-26T17:10:00Z
DOC_C91EC4E79494,L17110GJ1985PLC008206,COMPANY_MASTER_DATA,Company Master Data Record - VISHAL FABRICS LIMITED,Ministry of Corporate Affairs (MCA),2026-08-26,https://www.bseindia.com/stock-share-price/vishal-fabrics-limited/VISHAL/538598/,documents/VISHAL FABRICS LIMITED/Company_Master_Data.pdf,74421c3e13aea8337b3c97df12ca2fbe5afdc80db70715642e985a6babd9cbd9,2026-08-26T17:10:00Z
DOC_CA381000B5A9,L17110GJ1985PLC008206,FINANCIAL_STATEMENT,Form AOC-4 Financial Statements FY 2024-25 - VISHAL FABRICS LIMITED,MCA / BSE Corporate Disclosures,2025-03-31,https://www.bseindia.com/stock-share-price/vishal-fabrics-limited/VISHAL/538598/,documents/VISHAL FABRICS LIMITED/AOC-4_Financial_Statements_FY25.pdf,118bbc2be5def7245b9e32ab31f55b7c5178970819065a3dae4fc7675f3e8167,2026-08-26T17:10:00Z
DOC_64787BDCBECD,L17110GJ1985PLC008206,ANNUAL_RETURN,Form MGT-7 Annual Return & Shareholding Pattern FY 2024-25 - VISHAL FABRICS LIMITED,MCA / Exchange Disclosures,2025-09-30,https://www.bseindia.com/stock-share-price/vishal-fabrics-limited/VISHAL/538598/,documents/VISHAL FABRICS LIMITED/MGT-7_Annual_Return_FY25.pdf,652bbef45a906380e309dd496911443a6ae8f06f52f66b18f642bc65d01f2df2,2026-08-26T17:10:00Z
DOC_2500B9AF39C8,L17110GJ1985PLC008206,DIRECTOR_KMP_CHANGES,Form DIR-12 Director Profiles & KMP Appointments - VISHAL FABRICS LIMITED,MCA Corporate Filings,2024-11-15,https://www.bseindia.com/stock-share-price/vishal-fabrics-limited/VISHAL/538598/,documents/VISHAL FABRICS LIMITED/DIR-12_Director_Records.pdf,be04a410e51953e536736a024104bd219a9b012aba442b180b0ae61bff383bc7,2026-08-26T17:10:00Z
DOC_54FB2DA0EDC3,L17110GJ1985PLC008206,AUDITOR_APPOINTMENT,Form ADT-1 Auditor Appointment Resolution - VISHAL FABRICS LIMITED,MCA Corporate Filings,2024-09-28,https://www.bseindia.com/stock-share-price/vishal-fabrics-limited/VISHAL/538598/,documents/VISHAL FABRICS LIMITED/ADT-1_Auditor_Appointment.pdf,741a5d3c28da72cbbacc02d7ecb901b78691597a9e71ad06a2c55e4f4747cd0a,2026-08-26T17:10:00Z
DOC_7BFB813BF8F5,L17110GJ1985PLC008206,REGISTERED_OFFICE,Form INC-22 Registered Office Location & Proof - VISHAL FABRICS LIMITED,MCA Corporate Filings,2023-05-10,https://www.bseindia.com/stock-share-price/vishal-fabrics-limited/VISHAL/538598/,documents/VISHAL FABRICS LIMITED/INC-22_Registered_Office_Proof.pdf,b7315b49b8b56896871954116dc47fc20c9376cc4ce424b4f64d10be3f64a116,2026-08-26T17:10:00Z
DOC_0E641D271435,L17110GJ1985PLC008206,RESOLUTIONS_AGREEMENTS,Form MGT-14 Special Resolutions & Alterations - VISHAL FABRICS LIMITED,MCA Corporate Filings,2024-03-20,https://www.bseindia.com/stock-share-price/vishal-fabrics-limited/VISHAL/538598/,documents/VISHAL FABRICS LIMITED/MGT-14_Special_Resolutions.pdf,58f71c168a87a796eaacfcac7a54b5f6e6305bedca2820fa2cc0d0ff4c911a04,2026-08-26T17:10:00Z
DOC_B3CDDE4A2E67,L17110GJ1985PLC008206,GST_TAXPAYER_DATA,GST Public Taxpayer Registration & Business Footprint - VISHAL FABRICS LIMITED,GST Council Public Portal,2026-01-10,https://www.bseindia.com/stock-share-price/vishal-fabrics-limited/VISHAL/538598/,documents/VISHAL FABRICS LIMITED/GST_Place_of_Business_Registration.pdf,be51bd324e3f17046c3e3230848ef3a0d0735207c1c577869fb644996d678ac9,2026-08-26T17:10:00Z
DOC_CB08EDD7FCA2,L17110GJ1985PLC033271,COMPANY_MASTER_DATA,Company Master Data Record - WELSPUN INDIA LIMITED,Ministry of Corporate Affairs (MCA),2026-08-26,https://www.bseindia.com/stock-share-price/welspun-india-limited/WELSPUNIND/514162/,documents/WELSPUN INDIA LIMITED/Company_Master_Data.pdf,988a07c7110c6cf1482a496b35784cb5501b558f3c83ff5b19ae74f1cdd33044,2026-08-26T17:10:00Z
DOC_27F94E56B281,L17110GJ1985PLC033271,FINANCIAL_STATEMENT,Form AOC-4 Financial Statements FY 2024-25 - WELSPUN INDIA LIMITED,MCA / BSE Corporate Disclosures,2025-03-31,https://www.bseindia.com/stock-share-price/welspun-india-limited/WELSPUNIND/514162/,documents/WELSPUN INDIA LIMITED/AOC-4_Financial_Statements_FY25.pdf,87d4dca6e708beb1882ebc3729468fba4452b52255a7dde7857e5fe713b549e6,2026-08-26T17:10:00Z
DOC_532509ADEC31,L17110GJ1985PLC033271,ANNUAL_RETURN,Form MGT-7 Annual Return & Shareholding Pattern FY 2024-25 - WELSPUN INDIA LIMITED,MCA / Exchange Disclosures,2025-09-30,https://www.bseindia.com/stock-share-price/welspun-india-limited/WELSPUNIND/514162/,documents/WELSPUN INDIA LIMITED/MGT-7_Annual_Return_FY25.pdf,2df20f3c040985f8a8df90fb2a01af5a6c180a65d3cb0efdadd6b8f48e884625,2026-08-26T17:10:00Z
DOC_860151881E10,L17110GJ1985PLC033271,DIRECTOR_KMP_CHANGES,Form DIR-12 Director Profiles & KMP Appointments - WELSPUN INDIA LIMITED,MCA Corporate Filings,2024-11-15,https://www.bseindia.com/stock-share-price/welspun-india-limited/WELSPUNIND/514162/,documents/WELSPUN INDIA LIMITED/DIR-12_Director_Records.pdf,92b21b5cb56dd57d6f1a6e631ee4382b0d7a20c0cb25c3e4f87f23753790c27d,2026-08-26T17:10:00Z
DOC_02FE8732FD37,L17110GJ1985PLC033271,AUDITOR_APPOINTMENT,Form ADT-1 Auditor Appointment Resolution - WELSPUN INDIA LIMITED,MCA Corporate Filings,2024-09-28,https://www.bseindia.com/stock-share-price/welspun-india-limited/WELSPUNIND/514162/,documents/WELSPUN INDIA LIMITED/ADT-1_Auditor_Appointment.pdf,a7375b7bd8cb6194ce12a0571dd4d835e9aff4baa6806866bf5b2ba4369ad1ee,2026-08-26T17:10:00Z
DOC_BC5579D6C5CB,L17110GJ1985PLC033271,REGISTERED_OFFICE,Form INC-22 Registered Office Location & Proof - WELSPUN INDIA LIMITED,MCA Corporate Filings,2023-05-10,https://www.bseindia.com/stock-share-price/welspun-india-limited/WELSPUNIND/514162/,documents/WELSPUN INDIA LIMITED/INC-22_Registered_Office_Proof.pdf,5af94e643cdb81cd9e439990a3a5ab9314cb5d2ade6bc4d6d0fd84023ab1d784,2026-08-26T17:10:00Z
DOC_1DA9E86F7CCB,L17110GJ1985PLC033271,RESOLUTIONS_AGREEMENTS,Form MGT-14 Special Resolutions & Alterations - WELSPUN INDIA LIMITED,MCA Corporate Filings,2024-03-20,https://www.bseindia.com/stock-share-price/welspun-india-limited/WELSPUNIND/514162/,documents/WELSPUN INDIA LIMITED/MGT-14_Special_Resolutions.pdf,be46e388ceedfd15ac19fada0cc29665b268d31039563e69180575edc6cc9dba,2026-08-26T17:10:00Z
DOC_B247A23F5189,L17110GJ1985PLC033271,GST_TAXPAYER_DATA,GST Public Taxpayer Registration & Business Footprint - WELSPUN INDIA LIMITED,GST Council Public Portal,2026-01-10,https://www.bseindia.com/stock-share-price/welspun-india-limited/WELSPUNIND/514162/,documents/WELSPUN INDIA LIMITED/GST_Place_of_Business_Registration.pdf,9a8132006e5555ecb841a97f90f48332847a6ae115dc35b13f75e6b24acdb16a,2026-08-26T17:10:00Z
DOC_BF73ED75AE8D,L17110GJ1986PLC008886,COMPANY_MASTER_DATA,Company Master Data Record - ARVIND PRODUCTS LIMITED,Ministry of Corporate Affairs (MCA),2026-08-26,https://www.bseindia.com/stock-share-price/arvind-products-limited/ARVINDPROD/532297/,documents/ARVIND PRODUCTS LIMITED/Company_Master_Data.pdf,51b0494dd800e31b96f6139852c39abeb9e25a647341e365f34d4237fe72d252,2026-08-26T17:10:00Z
DOC_B34A6ED8581C,L17110GJ1986PLC008886,FINANCIAL_STATEMENT,Form AOC-4 Financial Statements FY 2024-25 - ARVIND PRODUCTS LIMITED,MCA / BSE Corporate Disclosures,2025-03-31,https://www.bseindia.com/stock-share-price/arvind-products-limited/ARVINDPROD/532297/,documents/ARVIND PRODUCTS LIMITED/AOC-4_Financial_Statements_FY25.pdf,e6ebb51c9eb80a07f2c1432eb66fb7ee345a1629f97ba6565f41b262449bddb9,2026-08-26T17:10:00Z
DOC_8584A4F4CE7F,L17110GJ1986PLC008886,ANNUAL_RETURN,Form MGT-7 Annual Return & Shareholding Pattern FY 2024-25 - ARVIND PRODUCTS LIMITED,MCA / Exchange Disclosures,2025-09-30,https://www.bseindia.com/stock-share-price/arvind-products-limited/ARVINDPROD/532297/,documents/ARVIND PRODUCTS LIMITED/MGT-7_Annual_Return_FY25.pdf,caf4e412303d53713efa5b7163f417f46d34c06a75bf6a21a8c259d27ef69781,2026-08-26T17:10:00Z
DOC_43BDEC8D78DC,L17110GJ1986PLC008886,DIRECTOR_KMP_CHANGES,Form DIR-12 Director Profiles & KMP Appointments - ARVIND PRODUCTS LIMITED,MCA Corporate Filings,2024-11-15,https://www.bseindia.com/stock-share-price/arvind-products-limited/ARVINDPROD/532297/,documents/ARVIND PRODUCTS LIMITED/DIR-12_Director_Records.pdf,e21837c13e769f2aeec12d99b74945f91737f7c266405e7168b07a9a364fcdba,2026-08-26T17:10:00Z
DOC_B0CDCD4FAD81,L17110GJ1986PLC008886,AUDITOR_APPOINTMENT,Form ADT-1 Auditor Appointment Resolution - ARVIND PRODUCTS LIMITED,MCA Corporate Filings,2024-09-28,https://www.bseindia.com/stock-share-price/arvind-products-limited/ARVINDPROD/532297/,documents/ARVIND PRODUCTS LIMITED/ADT-1_Auditor_Appointment.pdf,d0ed9b387406f6e06d5db23d2bc6c0abb4fdac10c00dfcd67b1542762782ce15,2026-08-26T17:10:00Z
DOC_2E9CFDDA4576,L17110GJ1986PLC008886,REGISTERED_OFFICE,Form INC-22 Registered Office Location & Proof - ARVIND PRODUCTS LIMITED,MCA Corporate Filings,2023-05-10,https://www.bseindia.com/stock-share-price/arvind-products-limited/ARVINDPROD/532297/,documents/ARVIND PRODUCTS LIMITED/INC-22_Registered_Office_Proof.pdf,3bbaec6eab43c7152af5d18ad1a069a684df9bd0cdeaf651f678c6098d047865,2026-08-26T17:10:00Z
DOC_E7F57F8D59D7,L17110GJ1986PLC008886,RESOLUTIONS_AGREEMENTS,Form MGT-14 Special Resolutions & Alterations - ARVIND PRODUCTS LIMITED,MCA Corporate Filings,2024-03-20,https://www.bseindia.com/stock-share-price/arvind-products-limited/ARVINDPROD/532297/,documents/ARVIND PRODUCTS LIMITED/MGT-14_Special_Resolutions.pdf,287398f1a084a26c03968e1bd7bdd52a416bc7cb7c5718acc31e04f9ee21edc3,2026-08-26T17:10:00Z
DOC_C6BC68190ACA,L17110GJ1986PLC008886,GST_TAXPAYER_DATA,GST Public Taxpayer Registration & Business Footprint - ARVIND PRODUCTS LIMITED,GST Council Public Portal,2026-01-10,https://www.bseindia.com/stock-share-price/arvind-products-limited/ARVINDPROD/532297/,documents/ARVIND PRODUCTS LIMITED/GST_Place_of_Business_Registration.pdf,ef740ac285723b763fc5fdb24ebe8698fbbfb568be38a6d5121ab2130fe12dfd,2026-08-26T17:10:00Z
DOC_DDAC7FA01E7F,L17110GJ1986PLC008942,COMPANY_MASTER_DATA,Company Master Data Record - JINDAL WORLDWIDE LIMITED,Ministry of Corporate Affairs (MCA),2026-08-26,https://www.bseindia.com/stock-share-price/jindal-worldwide-limited/JINDALWORLD/531543/,documents/JINDAL WORLDWIDE LIMITED/Company_Master_Data.pdf,afe9fcdee9ace211b6bbbb9603747bfb811c5f7c0cc40c42a470bf527549d4ff,2026-08-26T17:10:00Z
DOC_E3BFAED480F9,L17110GJ1986PLC008942,FINANCIAL_STATEMENT,Form AOC-4 Financial Statements FY 2024-25 - JINDAL WORLDWIDE LIMITED,MCA / BSE Corporate Disclosures,2025-03-31,https://www.bseindia.com/stock-share-price/jindal-worldwide-limited/JINDALWORLD/531543/,documents/JINDAL WORLDWIDE LIMITED/AOC-4_Financial_Statements_FY25.pdf,f897c823eb8b8422a8058a84435cb3747a2127c39d357d0ef5af0268fff8ae0c,2026-08-26T17:10:00Z
DOC_156A7C4FC97E,L17110GJ1986PLC008942,ANNUAL_RETURN,Form MGT-7 Annual Return & Shareholding Pattern FY 2024-25 - JINDAL WORLDWIDE LIMITED,MCA / Exchange Disclosures,2025-09-30,https://www.bseindia.com/stock-share-price/jindal-worldwide-limited/JINDALWORLD/531543/,documents/JINDAL WORLDWIDE LIMITED/MGT-7_Annual_Return_FY25.pdf,61f7ffc1568db68e49fa56b4360aa664485c2948356a831f977bbfa71a50c7fd,2026-08-26T17:10:00Z
DOC_57F79A7BB25F,L17110GJ1986PLC008942,DIRECTOR_KMP_CHANGES,Form DIR-12 Director Profiles & KMP Appointments - JINDAL WORLDWIDE LIMITED,MCA Corporate Filings,2024-11-15,https://www.bseindia.com/stock-share-price/jindal-worldwide-limited/JINDALWORLD/531543/,documents/JINDAL WORLDWIDE LIMITED/DIR-12_Director_Records.pdf,567f0705553033dbc05adf0ca70a46a16a71b42498cfe4b865c0cbf53c8ed99f,2026-08-26T17:10:00Z
DOC_C877A986B15E,L17110GJ1986PLC008942,AUDITOR_APPOINTMENT,Form ADT-1 Auditor Appointment Resolution - JINDAL WORLDWIDE LIMITED,MCA Corporate Filings,2024-09-28,https://www.bseindia.com/stock-share-price/jindal-worldwide-limited/JINDALWORLD/531543/,documents/JINDAL WORLDWIDE LIMITED/ADT-1_Auditor_Appointment.pdf,48b0793914b8bb3ff16eb1d170496a392e1d8314fb46ed0bb9ebb8df92e0c2bd,2026-08-26T17:10:00Z
DOC_1ED602D7253A,L17110GJ1986PLC008942,REGISTERED_OFFICE,Form INC-22 Registered Office Location & Proof - JINDAL WORLDWIDE LIMITED,MCA Corporate Filings,2023-05-10,https://www.bseindia.com/stock-share-price/jindal-worldwide-limited/JINDALWORLD/531543/,documents/JINDAL WORLDWIDE LIMITED/INC-22_Registered_Office_Proof.pdf,dc06661e3a0a7b4871d165cec2c58936aa4ada05d9ec8679babc28a5b238271c,2026-08-26T17:10:00Z
DOC_215367349BE7,L17110GJ1986PLC008942,RESOLUTIONS_AGREEMENTS,Form MGT-14 Special Resolutions & Alterations - JINDAL WORLDWIDE LIMITED,MCA Corporate Filings,2024-03-20,https://www.bseindia.com/stock-share-price/jindal-worldwide-limited/JINDALWORLD/531543/,documents/JINDAL WORLDWIDE LIMITED/MGT-14_Special_Resolutions.pdf,3fa32402a2d9cd7bc10e290b0fe0190561d11c50290ec0fd8ee7183a933ae4a1,2026-08-26T17:10:00Z
DOC_2C8B4A13E9E4,L17110GJ1986PLC008942,GST_TAXPAYER_DATA,GST Public Taxpayer Registration & Business Footprint - JINDAL WORLDWIDE LIMITED,GST Council Public Portal,2026-01-10,https://www.bseindia.com/stock-share-price/jindal-worldwide-limited/JINDALWORLD/531543/,documents/JINDAL WORLDWIDE LIMITED/GST_Place_of_Business_Registration.pdf,8a33570e50aa5cea195c82dfb918ccdd02751881ccbaa09d9150845ebf55819a,2026-08-26T17:10:00Z
DOC_961B2CE76389,L17110GJ1986PLC009099,COMPANY_MASTER_DATA,Company Master Data Record - KIRAN SYNTEX LIMITED,Ministry of Corporate Affairs (MCA),2026-08-26,https://www.bseindia.com/stock-share-price/kiran-syntex-limited/KIRANSY/530443/,documents/KIRAN SYNTEX LIMITED/Company_Master_Data.pdf,411fd5e25d855d9c704206b6dcf05dc4a1a5d2ee9726035bb124f7a2bb79ee89,2026-08-26T17:10:00Z
DOC_C15B746EE321,L17110GJ1986PLC009099,FINANCIAL_STATEMENT,Form AOC-4 Financial Statements FY 2024-25 - KIRAN SYNTEX LIMITED,MCA / BSE Corporate Disclosures,2025-03-31,https://www.bseindia.com/stock-share-price/kiran-syntex-limited/KIRANSY/530443/,documents/KIRAN SYNTEX LIMITED/AOC-4_Financial_Statements_FY25.pdf,c42f048d9d3663f6ad109f53e2d3cb8c0ea99ac45c49db4244ed68d8b7dce800,2026-08-26T17:10:00Z
DOC_C9AF77252BE8,L17110GJ1986PLC009099,ANNUAL_RETURN,Form MGT-7 Annual Return & Shareholding Pattern FY 2024-25 - KIRAN SYNTEX LIMITED,MCA / Exchange Disclosures,2025-09-30,https://www.bseindia.com/stock-share-price/kiran-syntex-limited/KIRANSY/530443/,documents/KIRAN SYNTEX LIMITED/MGT-7_Annual_Return_FY25.pdf,7230517ec07dd7292e4342cfafdd05d94506fd0d35fddc618fb4a980faa4b836,2026-08-26T17:10:00Z
DOC_0C8F698C10BF,L17110GJ1986PLC009099,DIRECTOR_KMP_CHANGES,Form DIR-12 Director Profiles & KMP Appointments - KIRAN SYNTEX LIMITED,MCA Corporate Filings,2024-11-15,https://www.bseindia.com/stock-share-price/kiran-syntex-limited/KIRANSY/530443/,documents/KIRAN SYNTEX LIMITED/DIR-12_Director_Records.pdf,8fb52f2a01d83f35accd0869d8466c2cc5677cdcbe89326fb9a79de96017df0c,2026-08-26T17:10:00Z
DOC_C3CD77CE31BA,L17110GJ1986PLC009099,AUDITOR_APPOINTMENT,Form ADT-1 Auditor Appointment Resolution - KIRAN SYNTEX LIMITED,MCA Corporate Filings,2024-09-28,https://www.bseindia.com/stock-share-price/kiran-syntex-limited/KIRANSY/530443/,documents/KIRAN SYNTEX LIMITED/ADT-1_Auditor_Appointment.pdf,1acf5067172829ab8adbe3aff0f1cd499a192bd9ee25c49d670bfb7b6e4ffba2,2026-08-26T17:10:00Z
DOC_65F62A8D3E38,L17110GJ1986PLC009099,REGISTERED_OFFICE,Form INC-22 Registered Office Location & Proof - KIRAN SYNTEX LIMITED,MCA Corporate Filings,2023-05-10,https://www.bseindia.com/stock-share-price/kiran-syntex-limited/KIRANSY/530443/,documents/KIRAN SYNTEX LIMITED/INC-22_Registered_Office_Proof.pdf,a52d613e38972598d3232770e21ab657ea93eb8782d05ac7d01979fae58b8aba,2026-08-26T17:10:00Z
DOC_59C2F63D33B4,L17110GJ1986PLC009099,RESOLUTIONS_AGREEMENTS,Form MGT-14 Special Resolutions & Alterations - KIRAN SYNTEX LIMITED,MCA Corporate Filings,2024-03-20,https://www.bseindia.com/stock-share-price/kiran-syntex-limited/KIRANSY/530443/,documents/KIRAN SYNTEX LIMITED/MGT-14_Special_Resolutions.pdf,3ebd3eac6ec6d7cd20cbdf189ea22b357836d0d5f043ab282202a9c7c92d2252,2026-08-26T17:10:00Z
DOC_FF10FFA2C430,L17110GJ1986PLC009099,GST_TAXPAYER_DATA,GST Public Taxpayer Registration & Business Footprint - KIRAN SYNTEX LIMITED,GST Council Public Portal,2026-01-10,https://www.bseindia.com/stock-share-price/kiran-syntex-limited/KIRANSY/530443/,documents/KIRAN SYNTEX LIMITED/GST_Place_of_Business_Registration.pdf,863ce022e822ac89575ac3d6e6331da245001c7672be76c3377d6ddd741a319e,2026-08-26T17:10:00Z
DOC_0D32B70EB24C,L17111GJ1984PLC045995,COMPANY_MASTER_DATA,Company Master Data Record - NAKODA LIMITED,Ministry of Corporate Affairs (MCA),2026-08-26,https://www.mca.gov.in/mcafast/companyMasterData.do?cin=L17111GJ1984PLC045995,documents/NAKODA LIMITED/Company_Master_Data.pdf,afa9eb0d9fd71b3504faf67b9278270fefa2690cc72ad121b3f172a1bb7fec04,2026-08-26T17:30:00Z
DOC_77B67CD5FA0E,L17111GJ1984PLC045995,FINANCIAL_STATEMENT,Form AOC-4 Financial Statements FY 2024-25 - NAKODA LIMITED,MCA Corporate Filings,2025-03-31,https://www.mca.gov.in/mcafast/companyMasterData.do?cin=L17111GJ1984PLC045995,documents/NAKODA LIMITED/AOC-4_Financial_Statements_FY25.pdf,16ea943fc85a84a39d15a94c3a496d701f21d5db9af12ed8beb365d9ce369767,2026-08-26T17:30:00Z
DOC_C48A0DE0035D,L17111GJ1984PLC045995,ANNUAL_RETURN,Form MGT-7 Annual Return FY 2024-25 - NAKODA LIMITED,MCA Corporate Filings,2025-09-30,https://www.mca.gov.in/mcafast/companyMasterData.do?cin=L17111GJ1984PLC045995,documents/NAKODA LIMITED/MGT-7_Annual_Return_FY25.pdf,bfcefb0df29a27105697ac9d96396b7cf45e7e000dfde59517e708d90381060a,2026-08-26T17:30:00Z
DOC_C44D76DDEA8D,L17111GJ1984PLC045995,DIRECTOR_KMP_CHANGES,Form DIR-12 Director Particulars & KMP - NAKODA LIMITED,MCA Corporate Filings,2024-10-12,https://www.mca.gov.in/mcafast/companyMasterData.do?cin=L17111GJ1984PLC045995,documents/NAKODA LIMITED/DIR-12_Director_Records.pdf,0179f3973d628c00a35be63fcbe34706495f3bb87b09db72e52ad64fb36a6402,2026-08-26T17:30:00Z
DOC_881B644CC650,L17111GJ1984PLC045995,AUDITOR_APPOINTMENT,Form ADT-1 Auditor Appointment Resolution - NAKODA LIMITED,MCA Corporate Filings,2024-09-25,https://www.mca.gov.in/mcafast/companyMasterData.do?cin=L17111GJ1984PLC045995,documents/NAKODA LIMITED/ADT-1_Auditor_Appointment.pdf,fb6be74e438341836a9028be24f7a25eebe64c720afcd8af44e8685247c4e407,2026-08-26T17:30:00Z
DOC_EB7BEB6814D1,L17111GJ1984PLC045995,REGISTERED_OFFICE,Form INC-22 Registered Office Proof - NAKODA LIMITED,MCA Corporate Filings,2023-04-18,https://www.mca.gov.in/mcafast/companyMasterData.do?cin=L17111GJ1984PLC045995,documents/NAKODA LIMITED/INC-22_Registered_Office_Proof.pdf,c98c258db628e8360ae33b1a17998204c0dd78ae324666e02e6b436a75846481,2026-08-26T17:30:00Z
DOC_45678098D5B6,L17111GJ1984PLC045995,RESOLUTIONS_AGREEMENTS,Form MGT-14 Special Resolutions - NAKODA LIMITED,MCA Corporate Filings,2024-02-14,https://www.mca.gov.in/mcafast/companyMasterData.do?cin=L17111GJ1984PLC045995,documents/NAKODA LIMITED/MGT-14_Special_Resolutions.pdf,b52defcf566f21b78f624f078313c5fb89160a216ed77bd2a6d39ce85788e46d,2026-08-26T17:30:00Z
DOC_1F01761D7D24,L17111GJ1984PLC045995,GST_TAXPAYER_DATA,GST Public Taxpayer Registration - NAKODA LIMITED,GST Council Public Portal,2026-01-15,https://www.mca.gov.in/mcafast/companyMasterData.do?cin=L17111GJ1984PLC045995,documents/NAKODA LIMITED/GST_Place_of_Business_Registration.pdf,5299a49148880f9e9273d8667b73f4b5d21dbca7bd96d6f63ad435e4049655ac,2026-08-26T17:30:00Z
DOC_FC01B82E5434,L17111GJ1986PLC048202,COMPANY_MASTER_DATA,Company Master Data Record - RECRON SYNTHETICS LIMITED.,Ministry of Corporate Affairs (MCA),2026-08-26,https://www.mca.gov.in/mcafast/companyMasterData.do?cin=L17111GJ1986PLC048202,documents/RECRON SYNTHETICS LIMITED./Company_Master_Data.pdf,56cbc683658e27b34a6cdb2df69b01a98f18e4ef8c93ddd8beecbdb1caa931cf,2026-08-26T17:30:00Z
DOC_7E9E17495393,L17111GJ1986PLC048202,FINANCIAL_STATEMENT,Form AOC-4 Financial Statements FY 2024-25 - RECRON SYNTHETICS LIMITED.,MCA Corporate Filings,2025-03-31,https://www.mca.gov.in/mcafast/companyMasterData.do?cin=L17111GJ1986PLC048202,documents/RECRON SYNTHETICS LIMITED./AOC-4_Financial_Statements_FY25.pdf,c43ceff3b97a9350b9b39aaac366f6b2eb86aaca5254e01935c365b2fd8aa201,2026-08-26T17:30:00Z
DOC_507C2E57A69D,L17111GJ1986PLC048202,ANNUAL_RETURN,Form MGT-7 Annual Return FY 2024-25 - RECRON SYNTHETICS LIMITED.,MCA Corporate Filings,2025-09-30,https://www.mca.gov.in/mcafast/companyMasterData.do?cin=L17111GJ1986PLC048202,documents/RECRON SYNTHETICS LIMITED./MGT-7_Annual_Return_FY25.pdf,736be8fa055b106d687067f0c38ff0d0f5a9382087aecd4996c79b861261e501,2026-08-26T17:30:00Z
DOC_38F8BACF8A9E,L17111GJ1986PLC048202,DIRECTOR_KMP_CHANGES,Form DIR-12 Director Particulars & KMP - RECRON SYNTHETICS LIMITED.,MCA Corporate Filings,2024-10-12,https://www.mca.gov.in/mcafast/companyMasterData.do?cin=L17111GJ1986PLC048202,documents/RECRON SYNTHETICS LIMITED./DIR-12_Director_Records.pdf,ad3346f25c71a5fba095ac321a20188092e1d4fd4a95cb42db51f0122ecb0e82,2026-08-26T17:30:00Z
DOC_A041A5EE1BC5,L17111GJ1986PLC048202,AUDITOR_APPOINTMENT,Form ADT-1 Auditor Appointment Resolution - RECRON SYNTHETICS LIMITED.,MCA Corporate Filings,2024-09-25,https://www.mca.gov.in/mcafast/companyMasterData.do?cin=L17111GJ1986PLC048202,documents/RECRON SYNTHETICS LIMITED./ADT-1_Auditor_Appointment.pdf,9cc46699f9549e6fc8cbb3011b9c7af6d8af595faa1d823ffe6cf6c1ba2ef876,2026-08-26T17:30:00Z
DOC_814A2E92CEAA,L17111GJ1986PLC048202,REGISTERED_OFFICE,Form INC-22 Registered Office Proof - RECRON SYNTHETICS LIMITED.,MCA Corporate Filings,2023-04-18,https://www.mca.gov.in/mcafast/companyMasterData.do?cin=L17111GJ1986PLC048202,documents/RECRON SYNTHETICS LIMITED./INC-22_Registered_Office_Proof.pdf,833c5620727aaffb2d5ba96452828291cc05b1b06579df117fae245999b05dfe,2026-08-26T17:30:00Z
DOC_9F656C24E7EC,L17111GJ1986PLC048202,RESOLUTIONS_AGREEMENTS,Form MGT-14 Special Resolutions - RECRON SYNTHETICS LIMITED.,MCA Corporate Filings,2024-02-14,https://www.mca.gov.in/mcafast/companyMasterData.do?cin=L17111GJ1986PLC048202,documents/RECRON SYNTHETICS LIMITED./MGT-14_Special_Resolutions.pdf,30eede2632bae4294a268107ddb8eb9752d0a95c5e13d1aed048333f51aaf054,2026-08-26T17:30:00Z
DOC_EC932C86FE84,L17111GJ1986PLC048202,GST_TAXPAYER_DATA,GST Public Taxpayer Registration - RECRON SYNTHETICS LIMITED.,GST Council Public Portal,2026-01-15,https://www.mca.gov.in/mcafast/companyMasterData.do?cin=L17111GJ1986PLC048202,documents/RECRON SYNTHETICS LIMITED./GST_Place_of_Business_Registration.pdf,26b26ae3e280924d82e3689bb756707d4faefadc32b5a4de5a3ede5de2b87fc9,2026-08-26T17:30:00Z
DOC_4C6463568E11,L17119GJ1982PLC005424,COMPANY_MASTER_DATA,Company Master Data Record - RAGHUVIR SYNTHETICS LIMITED,Ministry of Corporate Affairs (MCA),2026-08-26,https://www.mca.gov.in/mcafast/companyMasterData.do?cin=L17119GJ1982PLC005424,documents/RAGHUVIR SYNTHETICS LIMITED/Company_Master_Data.pdf,c1cbc446daddb6ebeea974bb59253c0078e46974f5e291a0be8c8c35bda8e80e,2026-08-26T17:30:00Z
DOC_68002EC1593B,L17119GJ1982PLC005424,FINANCIAL_STATEMENT,Form AOC-4 Financial Statements FY 2024-25 - RAGHUVIR SYNTHETICS LIMITED,MCA Corporate Filings,2025-03-31,https://www.mca.gov.in/mcafast/companyMasterData.do?cin=L17119GJ1982PLC005424,documents/RAGHUVIR SYNTHETICS LIMITED/AOC-4_Financial_Statements_FY25.pdf,64c0bb3df6c68dc6b7adb659f54d91a2e38b1949d7c8a29fb59728f5a4509b4b,2026-08-26T17:30:00Z
DOC_F7A55F2DE5A4,L17119GJ1982PLC005424,ANNUAL_RETURN,Form MGT-7 Annual Return FY 2024-25 - RAGHUVIR SYNTHETICS LIMITED,MCA Corporate Filings,2025-09-30,https://www.mca.gov.in/mcafast/companyMasterData.do?cin=L17119GJ1982PLC005424,documents/RAGHUVIR SYNTHETICS LIMITED/MGT-7_Annual_Return_FY25.pdf,b9ada47767bcf64d3cfd8e4587bf7ad1562a3cf0cb0b190ea090dd8d812f3c75,2026-08-26T17:30:00Z
DOC_1D0CC3B336F3,L17119GJ1982PLC005424,DIRECTOR_KMP_CHANGES,Form DIR-12 Director Particulars & KMP - RAGHUVIR SYNTHETICS LIMITED,MCA Corporate Filings,2024-10-12,https://www.mca.gov.in/mcafast/companyMasterData.do?cin=L17119GJ1982PLC005424,documents/RAGHUVIR SYNTHETICS LIMITED/DIR-12_Director_Records.pdf,e5b7136d922653205f8c155e0d052c7d8a2370fea752eff23c24335072a99508,2026-08-26T17:30:00Z
DOC_9F6CF8C3C681,L17119GJ1982PLC005424,AUDITOR_APPOINTMENT,Form ADT-1 Auditor Appointment Resolution - RAGHUVIR SYNTHETICS LIMITED,MCA Corporate Filings,2024-09-25,https://www.mca.gov.in/mcafast/companyMasterData.do?cin=L17119GJ1982PLC005424,documents/RAGHUVIR SYNTHETICS LIMITED/ADT-1_Auditor_Appointment.pdf,11f6f1015fe2ca7f811fa65cef599288775ed02354fae03f4cb899a601c42745,2026-08-26T17:30:00Z
DOC_F5D58B103A43,L17119GJ1982PLC005424,REGISTERED_OFFICE,Form INC-22 Registered Office Proof - RAGHUVIR SYNTHETICS LIMITED,MCA Corporate Filings,2023-04-18,https://www.mca.gov.in/mcafast/companyMasterData.do?cin=L17119GJ1982PLC005424,documents/RAGHUVIR SYNTHETICS LIMITED/INC-22_Registered_Office_Proof.pdf,39abbabfcd034483183b4f1cafcf375c81bd343a6dcdc4d342f4bd6ce19cfcc1,2026-08-26T17:30:00Z
DOC_2F9D4CEEAE96,L17119GJ1982PLC005424,RESOLUTIONS_AGREEMENTS,Form MGT-14 Special Resolutions - RAGHUVIR SYNTHETICS LIMITED,MCA Corporate Filings,2024-02-14,https://www.mca.gov.in/mcafast/companyMasterData.do?cin=L17119GJ1982PLC005424,documents/RAGHUVIR SYNTHETICS LIMITED/MGT-14_Special_Resolutions.pdf,c41d515ace667f666184ae0888a456b68ed3238c830668937b4108669402c171,2026-08-26T17:30:00Z
DOC_6B4515CA0F32,L17119GJ1982PLC005424,GST_TAXPAYER_DATA,GST Public Taxpayer Registration - RAGHUVIR SYNTHETICS LIMITED,GST Council Public Portal,2026-01-15,https://www.mca.gov.in/mcafast/companyMasterData.do?cin=L17119GJ1982PLC005424,documents/RAGHUVIR SYNTHETICS LIMITED/GST_Place_of_Business_Registration.pdf,bdfc1f9141f21e4ffc52910c8f1ccd7e988d63bcf66d97230ce3506cc47ead4a,2026-08-26T17:30:00Z
DOC_537DCC670EBF,L17119GJ1982PLC009258,COMPANY_MASTER_DATA,Company Master Data Record - AMBASSADOR INTRA HOLDINGS LIMITED,Ministry of Corporate Affairs (MCA),2026-08-26,https://www.mca.gov.in/mcafast/companyMasterData.do?cin=L17119GJ1982PLC009258,documents/AMBASSADOR INTRA HOLDINGS LIMITED/Company_Master_Data.pdf,d632cba61e9d8ea0b4cbcea3dd7c57f5fb5e01663ed91f90ad04f7132e4c9d8d,2026-08-26T17:30:00Z
DOC_7214057337AD,L17119GJ1982PLC009258,FINANCIAL_STATEMENT,Form AOC-4 Financial Statements FY 2024-25 - AMBASSADOR INTRA HOLDINGS LIMITED,MCA Corporate Filings,2025-03-31,https://www.mca.gov.in/mcafast/companyMasterData.do?cin=L17119GJ1982PLC009258,documents/AMBASSADOR INTRA HOLDINGS LIMITED/AOC-4_Financial_Statements_FY25.pdf,e6f8188e8d8038bfc1f2f02c330fe7420932d54a2d47faede97ef13ad56abda4,2026-08-26T17:30:00Z
DOC_67E6A674950E,L17119GJ1982PLC009258,ANNUAL_RETURN,Form MGT-7 Annual Return FY 2024-25 - AMBASSADOR INTRA HOLDINGS LIMITED,MCA Corporate Filings,2025-09-30,https://www.mca.gov.in/mcafast/companyMasterData.do?cin=L17119GJ1982PLC009258,documents/AMBASSADOR INTRA HOLDINGS LIMITED/MGT-7_Annual_Return_FY25.pdf,8c040dbd93100325254f976144b52bfbb238b356ffffd56dab2c44aac8d032cd,2026-08-26T17:30:00Z
DOC_87561AD3C81C,L17119GJ1982PLC009258,DIRECTOR_KMP_CHANGES,Form DIR-12 Director Particulars & KMP - AMBASSADOR INTRA HOLDINGS LIMITED,MCA Corporate Filings,2024-10-12,https://www.mca.gov.in/mcafast/companyMasterData.do?cin=L17119GJ1982PLC009258,documents/AMBASSADOR INTRA HOLDINGS LIMITED/DIR-12_Director_Records.pdf,53a18349dc138950c01378e8e5511e1538bd5bf71bab1027cd554127ba0b14ad,2026-08-26T17:30:00Z
DOC_C7777AD858FF,L17119GJ1982PLC009258,AUDITOR_APPOINTMENT,Form ADT-1 Auditor Appointment Resolution - AMBASSADOR INTRA HOLDINGS LIMITED,MCA Corporate Filings,2024-09-25,https://www.mca.gov.in/mcafast/companyMasterData.do?cin=L17119GJ1982PLC009258,documents/AMBASSADOR INTRA HOLDINGS LIMITED/ADT-1_Auditor_Appointment.pdf,068437a9c16e3e99added60044034fded3a7bf7fa356a0172d7f716f46864410,2026-08-26T17:30:00Z
DOC_02232FB78DA1,L17119GJ1982PLC009258,REGISTERED_OFFICE,Form INC-22 Registered Office Proof - AMBASSADOR INTRA HOLDINGS LIMITED,MCA Corporate Filings,2023-04-18,https://www.mca.gov.in/mcafast/companyMasterData.do?cin=L17119GJ1982PLC009258,documents/AMBASSADOR INTRA HOLDINGS LIMITED/INC-22_Registered_Office_Proof.pdf,06440c77206191b1852ce36c4c5d7ba4b1badf21efc262cbfacad15ab6a4f9cc,2026-08-26T17:30:00Z
DOC_A1FFF25C1674,L17119GJ1982PLC009258,RESOLUTIONS_AGREEMENTS,Form MGT-14 Special Resolutions - AMBASSADOR INTRA HOLDINGS LIMITED,MCA Corporate Filings,2024-02-14,https://www.mca.gov.in/mcafast/companyMasterData.do?cin=L17119GJ1982PLC009258,documents/AMBASSADOR INTRA HOLDINGS LIMITED/MGT-14_Special_Resolutions.pdf,4ebd1fdae918724c8f0d3ae74c8d625ba17888a4c5f16e50758f8e10816f0d07,2026-08-26T17:30:00Z
DOC_DB71BD185C7D,L17119GJ1982PLC009258,GST_TAXPAYER_DATA,GST Public Taxpayer Registration - AMBASSADOR INTRA HOLDINGS LIMITED,GST Council Public Portal,2026-01-15,https://www.mca.gov.in/mcafast/companyMasterData.do?cin=L17119GJ1982PLC009258,documents/AMBASSADOR INTRA HOLDINGS LIMITED/GST_Place_of_Business_Registration.pdf,5cab522dac1e3058f159cc9606a8848e7650334c0411e2a72d943e0c727d7ffb,2026-08-26T17:30:00Z
DOC_0B2993618318,L17119GJ1986PLC009009,COMPANY_MASTER_DATA,Company Master Data Record - BISIL PLAST LIMITED,Ministry of Corporate Affairs (MCA),2026-08-26,https://www.mca.gov.in/mcafast/companyMasterData.do?cin=L17119GJ1986PLC009009,documents/BISIL PLAST LIMITED/Company_Master_Data.pdf,28679fc468930a34219fc2ce2a5537ea636caa3f001a3d281923a15a10b1f632,2026-08-26T17:30:00Z
DOC_BEC9B47A9F37,L17119GJ1986PLC009009,FINANCIAL_STATEMENT,Form AOC-4 Financial Statements FY 2024-25 - BISIL PLAST LIMITED,MCA Corporate Filings,2025-03-31,https://www.mca.gov.in/mcafast/companyMasterData.do?cin=L17119GJ1986PLC009009,documents/BISIL PLAST LIMITED/AOC-4_Financial_Statements_FY25.pdf,ec70e184f25de82c346b0d568682c9e924db6f83b1caa0d6b5592a26c14c688b,2026-08-26T17:30:00Z
DOC_C5EB7B6C9603,L17119GJ1986PLC009009,ANNUAL_RETURN,Form MGT-7 Annual Return FY 2024-25 - BISIL PLAST LIMITED,MCA Corporate Filings,2025-09-30,https://www.mca.gov.in/mcafast/companyMasterData.do?cin=L17119GJ1986PLC009009,documents/BISIL PLAST LIMITED/MGT-7_Annual_Return_FY25.pdf,d05d8b166f1aaada4a1b185d8520d31c3a034306855abc78cbac3661532530ec,2026-08-26T17:30:00Z
DOC_DB3FD50B671F,L17119GJ1986PLC009009,DIRECTOR_KMP_CHANGES,Form DIR-12 Director Particulars & KMP - BISIL PLAST LIMITED,MCA Corporate Filings,2024-10-12,https://www.mca.gov.in/mcafast/companyMasterData.do?cin=L17119GJ1986PLC009009,documents/BISIL PLAST LIMITED/DIR-12_Director_Records.pdf,67412e7ce3a10d55e2c7a5cf5139356c1d414f5164b8701c4ba70a74363d2ce1,2026-08-26T17:30:00Z
DOC_970C117F613D,L17119GJ1986PLC009009,AUDITOR_APPOINTMENT,Form ADT-1 Auditor Appointment Resolution - BISIL PLAST LIMITED,MCA Corporate Filings,2024-09-25,https://www.mca.gov.in/mcafast/companyMasterData.do?cin=L17119GJ1986PLC009009,documents/BISIL PLAST LIMITED/ADT-1_Auditor_Appointment.pdf,38328bd6f5d9c2f5521e8905b33ff762c82b22130b56df9b93ee9e4733855824,2026-08-26T17:30:00Z
DOC_34E0E7E32E0E,L17119GJ1986PLC009009,REGISTERED_OFFICE,Form INC-22 Registered Office Proof - BISIL PLAST LIMITED,MCA Corporate Filings,2023-04-18,https://www.mca.gov.in/mcafast/companyMasterData.do?cin=L17119GJ1986PLC009009,documents/BISIL PLAST LIMITED/INC-22_Registered_Office_Proof.pdf,836bc69b4bdd2b6ae6d20e5594356e0bb03ab661ce6757dbfddb7c18317e8b1f,2026-08-26T17:30:00Z
DOC_3F73EB0915FD,L17119GJ1986PLC009009,RESOLUTIONS_AGREEMENTS,Form MGT-14 Special Resolutions - BISIL PLAST LIMITED,MCA Corporate Filings,2024-02-14,https://www.mca.gov.in/mcafast/companyMasterData.do?cin=L17119GJ1986PLC009009,documents/BISIL PLAST LIMITED/MGT-14_Special_Resolutions.pdf,3fca366ce81ddaf6fa08bdf06cc292b8de6c3788a46368116eb3148e5f8fbcf6,2026-08-26T17:30:00Z
DOC_B058E413122E,L17119GJ1986PLC009009,GST_TAXPAYER_DATA,GST Public Taxpayer Registration - BISIL PLAST LIMITED,GST Council Public Portal,2026-01-15,https://www.mca.gov.in/mcafast/companyMasterData.do?cin=L17119GJ1986PLC009009,documents/BISIL PLAST LIMITED/GST_Place_of_Business_Registration.pdf,b9ac2398b717457ec566193c608367c1cde4f5392bd551a388dff32a52878859,2026-08-26T17:30:00Z
DOC_390276B01EA4,L17119GJ1986PLC009152,COMPANY_MASTER_DATA,Company Master Data Record - BAHUMA POLYTEX LIMITED,Ministry of Corporate Affairs (MCA),2026-08-26,https://www.mca.gov.in/mcafast/companyMasterData.do?cin=L17119GJ1986PLC009152,documents/BAHUMA POLYTEX LIMITED/Company_Master_Data.pdf,92c8bb54138605223562fdd3c6d689ceef4a338138bd9794699aff52b663fa31,2026-08-26T17:30:00Z
DOC_E24D44D71DD0,L17119GJ1986PLC009152,FINANCIAL_STATEMENT,Form AOC-4 Financial Statements FY 2024-25 - BAHUMA POLYTEX LIMITED,MCA Corporate Filings,2025-03-31,https://www.mca.gov.in/mcafast/companyMasterData.do?cin=L17119GJ1986PLC009152,documents/BAHUMA POLYTEX LIMITED/AOC-4_Financial_Statements_FY25.pdf,ed2349f36ca2cd9ea8d85e2c589909b2d4420e9e432809864a0f39e904ae26f8,2026-08-26T17:30:00Z
DOC_5A9BA064C765,L17119GJ1986PLC009152,ANNUAL_RETURN,Form MGT-7 Annual Return FY 2024-25 - BAHUMA POLYTEX LIMITED,MCA Corporate Filings,2025-09-30,https://www.mca.gov.in/mcafast/companyMasterData.do?cin=L17119GJ1986PLC009152,documents/BAHUMA POLYTEX LIMITED/MGT-7_Annual_Return_FY25.pdf,71212393a22cba44638da25f5efb886ef3909c8e6f424b8f0cd9445eccfd059d,2026-08-26T17:30:00Z
DOC_3CBBCBE6BEC2,L17119GJ1986PLC009152,DIRECTOR_KMP_CHANGES,Form DIR-12 Director Particulars & KMP - BAHUMA POLYTEX LIMITED,MCA Corporate Filings,2024-10-12,https://www.mca.gov.in/mcafast/companyMasterData.do?cin=L17119GJ1986PLC009152,documents/BAHUMA POLYTEX LIMITED/DIR-12_Director_Records.pdf,a41857caab682631d4e142dafb5eeb74aa1fb320fb899f27cd4168a37f61e5c2,2026-08-26T17:30:00Z
DOC_8C81E3B803D9,L17119GJ1986PLC009152,AUDITOR_APPOINTMENT,Form ADT-1 Auditor Appointment Resolution - BAHUMA POLYTEX LIMITED,MCA Corporate Filings,2024-09-25,https://www.mca.gov.in/mcafast/companyMasterData.do?cin=L17119GJ1986PLC009152,documents/BAHUMA POLYTEX LIMITED/ADT-1_Auditor_Appointment.pdf,d6fc59f577d06f1e23ff1a15dae0d9eb939c6f9d9b0cca1a03b73138b778170f,2026-08-26T17:30:00Z
DOC_AB25DE25C13A,L17119GJ1986PLC009152,REGISTERED_OFFICE,Form INC-22 Registered Office Proof - BAHUMA POLYTEX LIMITED,MCA Corporate Filings,2023-04-18,https://www.mca.gov.in/mcafast/companyMasterData.do?cin=L17119GJ1986PLC009152,documents/BAHUMA POLYTEX LIMITED/INC-22_Registered_Office_Proof.pdf,2bb34bb323eb8565de76aa3fe88e277568459d223101fcd75d05131fef864927,2026-08-26T17:30:00Z
DOC_3B656FE76818,L17119GJ1986PLC009152,RESOLUTIONS_AGREEMENTS,Form MGT-14 Special Resolutions - BAHUMA POLYTEX LIMITED,MCA Corporate Filings,2024-02-14,https://www.mca.gov.in/mcafast/companyMasterData.do?cin=L17119GJ1986PLC009152,documents/BAHUMA POLYTEX LIMITED/MGT-14_Special_Resolutions.pdf,9f48a8824706cc4c8db93baa741ada0c3b152318c2ae8816b40327750b437c07,2026-08-26T17:30:00Z
DOC_2BEA902D0F2A,L17119GJ1986PLC009152,GST_TAXPAYER_DATA,GST Public Taxpayer Registration - BAHUMA POLYTEX LIMITED,GST Council Public Portal,2026-01-15,https://www.mca.gov.in/mcafast/companyMasterData.do?cin=L17119GJ1986PLC009152,documents/BAHUMA POLYTEX LIMITED/GST_Place_of_Business_Registration.pdf,1a5ac7ff07a16e0a8eb2bb7890cade8c311351cbc0c612b9c0a7de7cce640842,2026-08-26T17:30:00Z
DOC_B19B3562B6E4,L17239GJ1985PLC007829,COMPANY_MASTER_DATA,Company Master Data Record - SHRI JAGDAMBA POLYMERS LIMITED,Ministry of Corporate Affairs (MCA),2026-08-26,https://www.mca.gov.in/mcafast/companyMasterData.do?cin=L17239GJ1985PLC007829,documents/SHRI JAGDAMBA POLYMERS LIMITED/Company_Master_Data.pdf,1117e52970d26e33062ba968c68a9c997ad2252fd52cb35da99f5bfc3841bc24,2026-08-26T17:30:00Z
DOC_264F071BA84E,L17239GJ1985PLC007829,FINANCIAL_STATEMENT,Form AOC-4 Financial Statements FY 2024-25 - SHRI JAGDAMBA POLYMERS LIMITED,MCA Corporate Filings,2025-03-31,https://www.mca.gov.in/mcafast/companyMasterData.do?cin=L17239GJ1985PLC007829,documents/SHRI JAGDAMBA POLYMERS LIMITED/AOC-4_Financial_Statements_FY25.pdf,66929731a0971545bb59ca10665abc64b19643e3f4eba3c47dffd3018170e9ed,2026-08-26T17:30:00Z
DOC_65134B9D2A35,L17239GJ1985PLC007829,ANNUAL_RETURN,Form MGT-7 Annual Return FY 2024-25 - SHRI JAGDAMBA POLYMERS LIMITED,MCA Corporate Filings,2025-09-30,https://www.mca.gov.in/mcafast/companyMasterData.do?cin=L17239GJ1985PLC007829,documents/SHRI JAGDAMBA POLYMERS LIMITED/MGT-7_Annual_Return_FY25.pdf,31cb62ecca2cef4b5258b2157d0de4023df9e91a4695cf100fdc1b20ad93c119,2026-08-26T17:30:00Z
DOC_F1C6A780DA5D,L17239GJ1985PLC007829,DIRECTOR_KMP_CHANGES,Form DIR-12 Director Particulars & KMP - SHRI JAGDAMBA POLYMERS LIMITED,MCA Corporate Filings,2024-10-12,https://www.mca.gov.in/mcafast/companyMasterData.do?cin=L17239GJ1985PLC007829,documents/SHRI JAGDAMBA POLYMERS LIMITED/DIR-12_Director_Records.pdf,f3687934a003ddedbd4d6c4156f6ba735f7bc325908aa5f37304d8e8e50198d3,2026-08-26T17:30:00Z
DOC_FA7872DE55E2,L17239GJ1985PLC007829,AUDITOR_APPOINTMENT,Form ADT-1 Auditor Appointment Resolution - SHRI JAGDAMBA POLYMERS LIMITED,MCA Corporate Filings,2024-09-25,https://www.mca.gov.in/mcafast/companyMasterData.do?cin=L17239GJ1985PLC007829,documents/SHRI JAGDAMBA POLYMERS LIMITED/ADT-1_Auditor_Appointment.pdf,3c17c2e9fd7d9043b1fb800733ac1720bef207970017b1b0f29421b69cc1a5d1,2026-08-26T17:30:00Z
DOC_0B8E1F8181FA,L17239GJ1985PLC007829,REGISTERED_OFFICE,Form INC-22 Registered Office Proof - SHRI JAGDAMBA POLYMERS LIMITED,MCA Corporate Filings,2023-04-18,https://www.mca.gov.in/mcafast/companyMasterData.do?cin=L17239GJ1985PLC007829,documents/SHRI JAGDAMBA POLYMERS LIMITED/INC-22_Registered_Office_Proof.pdf,82194250a06a1c37b4355b3fd6b76cffffc07732e9fff9721f11e5e6cd7d76c8,2026-08-26T17:30:00Z
DOC_5D7492173D54,L17239GJ1985PLC007829,RESOLUTIONS_AGREEMENTS,Form MGT-14 Special Resolutions - SHRI JAGDAMBA POLYMERS LIMITED,MCA Corporate Filings,2024-02-14,https://www.mca.gov.in/mcafast/companyMasterData.do?cin=L17239GJ1985PLC007829,documents/SHRI JAGDAMBA POLYMERS LIMITED/MGT-14_Special_Resolutions.pdf,904433adc45205472184d60e8e9c4c2cf953a124f591aeef280496fe0b7b0ad2,2026-08-26T17:30:00Z
DOC_AF204D850E44,L17239GJ1985PLC007829,GST_TAXPAYER_DATA,GST Public Taxpayer Registration - SHRI JAGDAMBA POLYMERS LIMITED,GST Council Public Portal,2026-01-15,https://www.mca.gov.in/mcafast/companyMasterData.do?cin=L17239GJ1985PLC007829,documents/SHRI JAGDAMBA POLYMERS LIMITED/GST_Place_of_Business_Registration.pdf,5a696ca16724a6886bab9e11882c21388edaf13740d7a849bb0c82298fb5609d,2026-08-26T17:30:00Z
DOC_FACA3E74457A,L18119GJ1984PLC006922,COMPANY_MASTER_DATA,Company Master Data Record - JINDAL HOTELS LIMITED,Ministry of Corporate Affairs (MCA),2026-08-26,https://www.mca.gov.in/mcafast/companyMasterData.do?cin=L18119GJ1984PLC006922,documents/JINDAL HOTELS LIMITED/Company_Master_Data.pdf,4ccc72a26d2c834f8139b9c8ca25039c3c468a3b6eb3357f9644d937160cd045,2026-08-26T17:30:00Z
DOC_914F2D7D4F0B,L18119GJ1984PLC006922,FINANCIAL_STATEMENT,Form AOC-4 Financial Statements FY 2024-25 - JINDAL HOTELS LIMITED,MCA Corporate Filings,2025-03-31,https://www.mca.gov.in/mcafast/companyMasterData.do?cin=L18119GJ1984PLC006922,documents/JINDAL HOTELS LIMITED/AOC-4_Financial_Statements_FY25.pdf,feea19db6a3f040b7208ae3e0c35203901dceaef81614fe44ea583b9391569a5,2026-08-26T17:30:00Z
DOC_3965D20726FF,L18119GJ1984PLC006922,ANNUAL_RETURN,Form MGT-7 Annual Return FY 2024-25 - JINDAL HOTELS LIMITED,MCA Corporate Filings,2025-09-30,https://www.mca.gov.in/mcafast/companyMasterData.do?cin=L18119GJ1984PLC006922,documents/JINDAL HOTELS LIMITED/MGT-7_Annual_Return_FY25.pdf,0fa941c7a208d50fe73ed0a65df08a6eb286109611eb7ad0b2933e0b32415098,2026-08-26T17:30:00Z
DOC_96E8EC62675E,L18119GJ1984PLC006922,DIRECTOR_KMP_CHANGES,Form DIR-12 Director Particulars & KMP - JINDAL HOTELS LIMITED,MCA Corporate Filings,2024-10-12,https://www.mca.gov.in/mcafast/companyMasterData.do?cin=L18119GJ1984PLC006922,documents/JINDAL HOTELS LIMITED/DIR-12_Director_Records.pdf,a36e88fc5cbe187922fbb5405d3245ba5613a6d26f749075480bc8a801ce656c,2026-08-26T17:30:00Z
DOC_87D38643EAC1,L18119GJ1984PLC006922,AUDITOR_APPOINTMENT,Form ADT-1 Auditor Appointment Resolution - JINDAL HOTELS LIMITED,MCA Corporate Filings,2024-09-25,https://www.mca.gov.in/mcafast/companyMasterData.do?cin=L18119GJ1984PLC006922,documents/JINDAL HOTELS LIMITED/ADT-1_Auditor_Appointment.pdf,b469e5107542d5c33c92f255bd67a051ff10aad935d02b2599338ccfaa4917bc,2026-08-26T17:30:00Z
DOC_F5DAF6A26853,L18119GJ1984PLC006922,REGISTERED_OFFICE,Form INC-22 Registered Office Proof - JINDAL HOTELS LIMITED,MCA Corporate Filings,2023-04-18,https://www.mca.gov.in/mcafast/companyMasterData.do?cin=L18119GJ1984PLC006922,documents/JINDAL HOTELS LIMITED/INC-22_Registered_Office_Proof.pdf,d05bb249a19b438be37d3ec0f46796955547f6955d5fbdbbcb1034316ae4acd5,2026-08-26T17:30:00Z
DOC_1F3042B700E5,L18119GJ1984PLC006922,RESOLUTIONS_AGREEMENTS,Form MGT-14 Special Resolutions - JINDAL HOTELS LIMITED,MCA Corporate Filings,2024-02-14,https://www.mca.gov.in/mcafast/companyMasterData.do?cin=L18119GJ1984PLC006922,documents/JINDAL HOTELS LIMITED/MGT-14_Special_Resolutions.pdf,63a4b7bc7d3059529823c4ffe8bb143442d76795a67bc40b5cbf7b4c125cf956,2026-08-26T17:30:00Z
DOC_F66AB4DA4909,L18119GJ1984PLC006922,GST_TAXPAYER_DATA,GST Public Taxpayer Registration - JINDAL HOTELS LIMITED,GST Council Public Portal,2026-01-15,https://www.mca.gov.in/mcafast/companyMasterData.do?cin=L18119GJ1984PLC006922,documents/JINDAL HOTELS LIMITED/GST_Place_of_Business_Registration.pdf,a6a50d4f530d58d79744b2c0ebe18f31ec55a643cfecf65a09c5ef4dc72b99d5,2026-08-26T17:30:00Z
DOC_08D2B07338E2,L19116GJ1983FLC006516,COMPANY_MASTER_DATA,Company Master Data Record - SOMPLAST LEATHER INDUSTRIES LIMITED,Ministry of Corporate Affairs (MCA),2026-08-26,https://www.mca.gov.in/mcafast/companyMasterData.do?cin=L19116GJ1983FLC006516,documents/SOMPLAST LEATHER INDUSTRIES LIMITED/Company_Master_Data.pdf,c6ea1ed534faf45652bd80727508d499444878bbdd40998fa279eb970bb2c477,2026-08-26T17:30:00Z
DOC_1466A939B565,L19116GJ1983FLC006516,FINANCIAL_STATEMENT,Form AOC-4 Financial Statements FY 2024-25 - SOMPLAST LEATHER INDUSTRIES LIMITED,MCA Corporate Filings,2025-03-31,https://www.mca.gov.in/mcafast/companyMasterData.do?cin=L19116GJ1983FLC006516,documents/SOMPLAST LEATHER INDUSTRIES LIMITED/AOC-4_Financial_Statements_FY25.pdf,e5a3210d20989cc04d917977bff47334566776cd5317ad109ff7d1b8045d658a,2026-08-26T17:30:00Z
DOC_B237A52A0391,L19116GJ1983FLC006516,ANNUAL_RETURN,Form MGT-7 Annual Return FY 2024-25 - SOMPLAST LEATHER INDUSTRIES LIMITED,MCA Corporate Filings,2025-09-30,https://www.mca.gov.in/mcafast/companyMasterData.do?cin=L19116GJ1983FLC006516,documents/SOMPLAST LEATHER INDUSTRIES LIMITED/MGT-7_Annual_Return_FY25.pdf,716f6beaae9ab4ed38104f074be8d7dbfe4f506c6371c278d9bb47f606630623,2026-08-26T17:30:00Z
DOC_20C6C09A076F,L19116GJ1983FLC006516,DIRECTOR_KMP_CHANGES,Form DIR-12 Director Particulars & KMP - SOMPLAST LEATHER INDUSTRIES LIMITED,MCA Corporate Filings,2024-10-12,https://www.mca.gov.in/mcafast/companyMasterData.do?cin=L19116GJ1983FLC006516,documents/SOMPLAST LEATHER INDUSTRIES LIMITED/DIR-12_Director_Records.pdf,f0e7bb43369bc92bbd7fa60172b4f5ea1ce5ca0ccf7252d08ed8128f03639a1c,2026-08-26T17:30:00Z
DOC_EB74B1D58149,L19116GJ1983FLC006516,AUDITOR_APPOINTMENT,Form ADT-1 Auditor Appointment Resolution - SOMPLAST LEATHER INDUSTRIES LIMITED,MCA Corporate Filings,2024-09-25,https://www.mca.gov.in/mcafast/companyMasterData.do?cin=L19116GJ1983FLC006516,documents/SOMPLAST LEATHER INDUSTRIES LIMITED/ADT-1_Auditor_Appointment.pdf,02c78ad17f3e8e33a8ccc8a0254f4e2336eaed70d790f93988c5a6f1de6c59a0,2026-08-26T17:30:00Z
DOC_DE2ECA3B74DD,L19116GJ1983FLC006516,REGISTERED_OFFICE,Form INC-22 Registered Office Proof - SOMPLAST LEATHER INDUSTRIES LIMITED,MCA Corporate Filings,2023-04-18,https://www.mca.gov.in/mcafast/companyMasterData.do?cin=L19116GJ1983FLC006516,documents/SOMPLAST LEATHER INDUSTRIES LIMITED/INC-22_Registered_Office_Proof.pdf,2bd4c7a483ef9ccfe9d2d501886af337da9b7c8cc054d7d0e8d6f2c4a1c674df,2026-08-26T17:30:00Z
DOC_D702B96CF5DA,L19116GJ1983FLC006516,RESOLUTIONS_AGREEMENTS,Form MGT-14 Special Resolutions - SOMPLAST LEATHER INDUSTRIES LIMITED,MCA Corporate Filings,2024-02-14,https://www.mca.gov.in/mcafast/companyMasterData.do?cin=L19116GJ1983FLC006516,documents/SOMPLAST LEATHER INDUSTRIES LIMITED/MGT-14_Special_Resolutions.pdf,83a22b19b520047e4e01dbdb7e79124dc5119a6e151f6811f5c0d836fe1db66f,2026-08-26T17:30:00Z
DOC_2A1403E45D17,L19116GJ1983FLC006516,GST_TAXPAYER_DATA,GST Public Taxpayer Registration - SOMPLAST LEATHER INDUSTRIES LIMITED,GST Council Public Portal,2026-01-15,https://www.mca.gov.in/mcafast/companyMasterData.do?cin=L19116GJ1983FLC006516,documents/SOMPLAST LEATHER INDUSTRIES LIMITED/GST_Place_of_Business_Registration.pdf,3b4d5774dc6fbf32cf93dd4052ec1e9450499aafad78864dd134b50f7765dc13,2026-08-26T17:30:00Z
DOC_B8C8A0F6AAC0,L20299GJ1985PLC008047,COMPANY_MASTER_DATA,Company Master Data Record - MILTON INDUSTRIES LIMITED,Ministry of Corporate Affairs (MCA),2026-08-26,https://www.mca.gov.in/mcafast/companyMasterData.do?cin=L20299GJ1985PLC008047,documents/MILTON INDUSTRIES LIMITED/Company_Master_Data.pdf,0df27d32487a66923abe3bfea396d65fcbdeb28c4eb9b1c2086fdaa65a47f84c,2026-08-26T17:30:00Z
DOC_3DC007AA2D0F,L20299GJ1985PLC008047,FINANCIAL_STATEMENT,Form AOC-4 Financial Statements FY 2024-25 - MILTON INDUSTRIES LIMITED,MCA Corporate Filings,2025-03-31,https://www.mca.gov.in/mcafast/companyMasterData.do?cin=L20299GJ1985PLC008047,documents/MILTON INDUSTRIES LIMITED/AOC-4_Financial_Statements_FY25.pdf,2455ca5baa3adcf84bbea7ca8e89933f7801ba392ac8fb906724fe0002b13b85,2026-08-26T17:30:00Z
DOC_3372D885D971,L20299GJ1985PLC008047,ANNUAL_RETURN,Form MGT-7 Annual Return FY 2024-25 - MILTON INDUSTRIES LIMITED,MCA Corporate Filings,2025-09-30,https://www.mca.gov.in/mcafast/companyMasterData.do?cin=L20299GJ1985PLC008047,documents/MILTON INDUSTRIES LIMITED/MGT-7_Annual_Return_FY25.pdf,eb2910dea227e1113bb34e0de98b4f4ef07dba290a12232e0f3ded90e49a2b1a,2026-08-26T17:30:00Z
DOC_2F9DC20F88A0,L20299GJ1985PLC008047,DIRECTOR_KMP_CHANGES,Form DIR-12 Director Particulars & KMP - MILTON INDUSTRIES LIMITED,MCA Corporate Filings,2024-10-12,https://www.mca.gov.in/mcafast/companyMasterData.do?cin=L20299GJ1985PLC008047,documents/MILTON INDUSTRIES LIMITED/DIR-12_Director_Records.pdf,595f034cdf9155ff8ffe236a170fbaf61b4a023a3d516f50b8cf349b2e7c3fbe,2026-08-26T17:30:00Z
DOC_4D63437E29F0,L20299GJ1985PLC008047,AUDITOR_APPOINTMENT,Form ADT-1 Auditor Appointment Resolution - MILTON INDUSTRIES LIMITED,MCA Corporate Filings,2024-09-25,https://www.mca.gov.in/mcafast/companyMasterData.do?cin=L20299GJ1985PLC008047,documents/MILTON INDUSTRIES LIMITED/ADT-1_Auditor_Appointment.pdf,8d8cf666dba96580737619b9081b7b3114c713f9ae822fd9e82ad6719f85769b,2026-08-26T17:30:00Z
DOC_69923B774EDA,L20299GJ1985PLC008047,REGISTERED_OFFICE,Form INC-22 Registered Office Proof - MILTON INDUSTRIES LIMITED,MCA Corporate Filings,2023-04-18,https://www.mca.gov.in/mcafast/companyMasterData.do?cin=L20299GJ1985PLC008047,documents/MILTON INDUSTRIES LIMITED/INC-22_Registered_Office_Proof.pdf,31846a63d02d13cd09f19e1581023e9ba51ad3e8baabe83d811a9a396abe43ef,2026-08-26T17:30:00Z
DOC_C906F3F24E3E,L20299GJ1985PLC008047,RESOLUTIONS_AGREEMENTS,Form MGT-14 Special Resolutions - MILTON INDUSTRIES LIMITED,MCA Corporate Filings,2024-02-14,https://www.mca.gov.in/mcafast/companyMasterData.do?cin=L20299GJ1985PLC008047,documents/MILTON INDUSTRIES LIMITED/MGT-14_Special_Resolutions.pdf,7a13d2f9b3dc0257b7c959593d97f8df5de9993d8474d3466f2d4feead6b33bf,2026-08-26T17:30:00Z
DOC_E9101BBA1E25,L20299GJ1985PLC008047,GST_TAXPAYER_DATA,GST Public Taxpayer Registration - MILTON INDUSTRIES LIMITED,GST Council Public Portal,2026-01-15,https://www.mca.gov.in/mcafast/companyMasterData.do?cin=L20299GJ1985PLC008047,documents/MILTON INDUSTRIES LIMITED/GST_Place_of_Business_Registration.pdf,9badd551433324bb519d5d0ffec804b94c3074cfe0a8c22db1e899a3f38e4f77,2026-08-26T17:30:00Z
DOC_C9CC5A6BEFD1,L20310GJ1984PLC006994,COMPANY_MASTER_DATA,Company Master Data Record - SARIGAM STEELS LIMITED,Ministry of Corporate Affairs (MCA),2026-08-26,https://www.mca.gov.in/mcafast/companyMasterData.do?cin=L20310GJ1984PLC006994,documents/SARIGAM STEELS LIMITED/Company_Master_Data.pdf,e995e8746b1003e19cd510f6716958ef2ac2a319d6c680c0b3b2f5f260bd65bd,2026-08-26T17:30:00Z
DOC_14F3C47BFF9B,L20310GJ1984PLC006994,FINANCIAL_STATEMENT,Form AOC-4 Financial Statements FY 2024-25 - SARIGAM STEELS LIMITED,MCA Corporate Filings,2025-03-31,https://www.mca.gov.in/mcafast/companyMasterData.do?cin=L20310GJ1984PLC006994,documents/SARIGAM STEELS LIMITED/AOC-4_Financial_Statements_FY25.pdf,f38caf0b8498f1e924d58058b09dc7975bc14f25f7c562298ab03ba2cab0fc94,2026-08-26T17:30:00Z
DOC_09B0ABA2F780,L20310GJ1984PLC006994,ANNUAL_RETURN,Form MGT-7 Annual Return FY 2024-25 - SARIGAM STEELS LIMITED,MCA Corporate Filings,2025-09-30,https://www.mca.gov.in/mcafast/companyMasterData.do?cin=L20310GJ1984PLC006994,documents/SARIGAM STEELS LIMITED/MGT-7_Annual_Return_FY25.pdf,e89c56492739eabf6c68791419a2b17b9ce2a920100fce8b9e827a1795b53ad5,2026-08-26T17:30:00Z
DOC_4B50B28E2467,L20310GJ1984PLC006994,DIRECTOR_KMP_CHANGES,Form DIR-12 Director Particulars & KMP - SARIGAM STEELS LIMITED,MCA Corporate Filings,2024-10-12,https://www.mca.gov.in/mcafast/companyMasterData.do?cin=L20310GJ1984PLC006994,documents/SARIGAM STEELS LIMITED/DIR-12_Director_Records.pdf,0aa38b14f38127ff527c8c63d57ddf915a4a143d8803022025f16fc758cf81e6,2026-08-26T17:30:00Z
DOC_D5E82469E11E,L20310GJ1984PLC006994,AUDITOR_APPOINTMENT,Form ADT-1 Auditor Appointment Resolution - SARIGAM STEELS LIMITED,MCA Corporate Filings,2024-09-25,https://www.mca.gov.in/mcafast/companyMasterData.do?cin=L20310GJ1984PLC006994,documents/SARIGAM STEELS LIMITED/ADT-1_Auditor_Appointment.pdf,380daf0c99c1fcee88f83c79a67a137da3ac2ba1284a28f505c8a46ed05a00e1,2026-08-26T17:30:00Z
DOC_CE9109F3DB7D,L20310GJ1984PLC006994,REGISTERED_OFFICE,Form INC-22 Registered Office Proof - SARIGAM STEELS LIMITED,MCA Corporate Filings,2023-04-18,https://www.mca.gov.in/mcafast/companyMasterData.do?cin=L20310GJ1984PLC006994,documents/SARIGAM STEELS LIMITED/INC-22_Registered_Office_Proof.pdf,dd4803d2f6301f85ac2bf2aa920a5acc64130fea4d54347844b8f4d9016065fb,2026-08-26T17:30:00Z
DOC_6AD21518D7D0,L20310GJ1984PLC006994,RESOLUTIONS_AGREEMENTS,Form MGT-14 Special Resolutions - SARIGAM STEELS LIMITED,MCA Corporate Filings,2024-02-14,https://www.mca.gov.in/mcafast/companyMasterData.do?cin=L20310GJ1984PLC006994,documents/SARIGAM STEELS LIMITED/MGT-14_Special_Resolutions.pdf,f59005f06b621a2e83560054f046238a0cf559cbc6bc4a380b13f4f4b389d606,2026-08-26T17:30:00Z
DOC_0EDAF811AAF9,L20310GJ1984PLC006994,GST_TAXPAYER_DATA,GST Public Taxpayer Registration - SARIGAM STEELS LIMITED,GST Council Public Portal,2026-01-15,https://www.mca.gov.in/mcafast/companyMasterData.do?cin=L20310GJ1984PLC006994,documents/SARIGAM STEELS LIMITED/GST_Place_of_Business_Registration.pdf,4ba071739faf7471be98aa9854cb64d8a5c82f0638c70bb9f1283063537043f7,2026-08-26T17:30:00Z
DOC_BDEC5EF6CC83,L21010GJ1986PLC008772,COMPANY_MASTER_DATA,Company Master Data Record - RAINBOW PAPERS LIMITED,Ministry of Corporate Affairs (MCA),2026-08-26,https://www.mca.gov.in/mcafast/companyMasterData.do?cin=L21010GJ1986PLC008772,documents/RAINBOW PAPERS LIMITED/Company_Master_Data.pdf,cf8f6888a89a8de3c9e6da9e819c744cb25e10a494d4c49d58b93e1dbbeeb3f6,2026-08-26T17:30:00Z
DOC_9AA8D20FFC72,L21010GJ1986PLC008772,FINANCIAL_STATEMENT,Form AOC-4 Financial Statements FY 2024-25 - RAINBOW PAPERS LIMITED,MCA Corporate Filings,2025-03-31,https://www.mca.gov.in/mcafast/companyMasterData.do?cin=L21010GJ1986PLC008772,documents/RAINBOW PAPERS LIMITED/AOC-4_Financial_Statements_FY25.pdf,18c8b65e7653a1bb3abf2e9381d34d97ce52479553de9897ee996e1f110aa583,2026-08-26T17:30:00Z
DOC_25B5CEE04963,L21010GJ1986PLC008772,ANNUAL_RETURN,Form MGT-7 Annual Return FY 2024-25 - RAINBOW PAPERS LIMITED,MCA Corporate Filings,2025-09-30,https://www.mca.gov.in/mcafast/companyMasterData.do?cin=L21010GJ1986PLC008772,documents/RAINBOW PAPERS LIMITED/MGT-7_Annual_Return_FY25.pdf,4c4d10af0e00db910677a3eaeaa7588792ee78a470a350cf9d349ef14c2ac31a,2026-08-26T17:30:00Z
DOC_5121E208394E,L21010GJ1986PLC008772,DIRECTOR_KMP_CHANGES,Form DIR-12 Director Particulars & KMP - RAINBOW PAPERS LIMITED,MCA Corporate Filings,2024-10-12,https://www.mca.gov.in/mcafast/companyMasterData.do?cin=L21010GJ1986PLC008772,documents/RAINBOW PAPERS LIMITED/DIR-12_Director_Records.pdf,c59e5ec6e4c61303bf6d23a55f1237d5b6dbaaa1ff65b42b362adf57929e8953,2026-08-26T17:30:00Z
DOC_C6126C0AA747,L21010GJ1986PLC008772,AUDITOR_APPOINTMENT,Form ADT-1 Auditor Appointment Resolution - RAINBOW PAPERS LIMITED,MCA Corporate Filings,2024-09-25,https://www.mca.gov.in/mcafast/companyMasterData.do?cin=L21010GJ1986PLC008772,documents/RAINBOW PAPERS LIMITED/ADT-1_Auditor_Appointment.pdf,3c8b7632ebbe277005af1732d05f67762fca65fe26391b02304d0ce773214dd8,2026-08-26T17:30:00Z
DOC_3AB5122A509C,L21010GJ1986PLC008772,REGISTERED_OFFICE,Form INC-22 Registered Office Proof - RAINBOW PAPERS LIMITED,MCA Corporate Filings,2023-04-18,https://www.mca.gov.in/mcafast/companyMasterData.do?cin=L21010GJ1986PLC008772,documents/RAINBOW PAPERS LIMITED/INC-22_Registered_Office_Proof.pdf,f9bd04f9ef993e4d13ba6ac6d1a309a46350e00f1464c961ee5121fcf61856ba,2026-08-26T17:30:00Z
DOC_EF3167F6D08F,L21010GJ1986PLC008772,RESOLUTIONS_AGREEMENTS,Form MGT-14 Special Resolutions - RAINBOW PAPERS LIMITED,MCA Corporate Filings,2024-02-14,https://www.mca.gov.in/mcafast/companyMasterData.do?cin=L21010GJ1986PLC008772,documents/RAINBOW PAPERS LIMITED/MGT-14_Special_Resolutions.pdf,b11696af583d5bda6f3c401b8db6206fb44f91220310ea092c6d3c14b98d78d6,2026-08-26T17:30:00Z
DOC_10D89EB9361D,L21010GJ1986PLC008772,GST_TAXPAYER_DATA,GST Public Taxpayer Registration - RAINBOW PAPERS LIMITED,GST Council Public Portal,2026-01-15,https://www.mca.gov.in/mcafast/companyMasterData.do?cin=L21010GJ1986PLC008772,documents/RAINBOW PAPERS LIMITED/GST_Place_of_Business_Registration.pdf,97f4f19d130d460ce0c769bf49041f5137e2c536dd4b8c7b638268c4ebfa0737,2026-08-26T17:30:00Z
DOC_01278CD7E0F0,L23200GJ1985PLC008013,COMPANY_MASTER_DATA,Company Master Data Record - ADVANCE PETROCHEMICALS LIMITED,Ministry of Corporate Affairs (MCA),2026-08-26,https://www.mca.gov.in/mcafast/companyMasterData.do?cin=L23200GJ1985PLC008013,documents/ADVANCE PETROCHEMICALS LIMITED/Company_Master_Data.pdf,fbacf139b1d19818f96aab225490ea1f8121cfa4a557f6470a417a0f9216097f,2026-08-26T17:30:00Z
DOC_1E4E2A6CCAF4,L23200GJ1985PLC008013,FINANCIAL_STATEMENT,Form AOC-4 Financial Statements FY 2024-25 - ADVANCE PETROCHEMICALS LIMITED,MCA Corporate Filings,2025-03-31,https://www.mca.gov.in/mcafast/companyMasterData.do?cin=L23200GJ1985PLC008013,documents/ADVANCE PETROCHEMICALS LIMITED/AOC-4_Financial_Statements_FY25.pdf,cd373ddddaf4296d74bb3404b6d8869c6b221dea040642bb1fa6e382ea41d141,2026-08-26T17:30:00Z
DOC_F10ADD86859F,L23200GJ1985PLC008013,ANNUAL_RETURN,Form MGT-7 Annual Return FY 2024-25 - ADVANCE PETROCHEMICALS LIMITED,MCA Corporate Filings,2025-09-30,https://www.mca.gov.in/mcafast/companyMasterData.do?cin=L23200GJ1985PLC008013,documents/ADVANCE PETROCHEMICALS LIMITED/MGT-7_Annual_Return_FY25.pdf,719b3f3d46cb957feb6baa6111e48695c559f7d3b766c8115ade2e8c8983240b,2026-08-26T17:30:00Z
DOC_775399A03165,L23200GJ1985PLC008013,DIRECTOR_KMP_CHANGES,Form DIR-12 Director Particulars & KMP - ADVANCE PETROCHEMICALS LIMITED,MCA Corporate Filings,2024-10-12,https://www.mca.gov.in/mcafast/companyMasterData.do?cin=L23200GJ1985PLC008013,documents/ADVANCE PETROCHEMICALS LIMITED/DIR-12_Director_Records.pdf,e19fdb23ca69d4d36f22ab3d79dafc9df4d33bd14c72bcf7cf1d527e326e1c86,2026-08-26T17:30:00Z
DOC_EAD4F96C42D8,L23200GJ1985PLC008013,AUDITOR_APPOINTMENT,Form ADT-1 Auditor Appointment Resolution - ADVANCE PETROCHEMICALS LIMITED,MCA Corporate Filings,2024-09-25,https://www.mca.gov.in/mcafast/companyMasterData.do?cin=L23200GJ1985PLC008013,documents/ADVANCE PETROCHEMICALS LIMITED/ADT-1_Auditor_Appointment.pdf,1d41ec3f879af6e353bf0c945e961d108e1804e3c602c8f1bdea82efaf545f17,2026-08-26T17:30:00Z
DOC_A4AC84F190DF,L23200GJ1985PLC008013,REGISTERED_OFFICE,Form INC-22 Registered Office Proof - ADVANCE PETROCHEMICALS LIMITED,MCA Corporate Filings,2023-04-18,https://www.mca.gov.in/mcafast/companyMasterData.do?cin=L23200GJ1985PLC008013,documents/ADVANCE PETROCHEMICALS LIMITED/INC-22_Registered_Office_Proof.pdf,81174b8386e4d8aae4f9874114b984abef5cd935d5a4236d695a670bd5805652,2026-08-26T17:30:00Z
DOC_4D6724E4DB35,L23200GJ1985PLC008013,RESOLUTIONS_AGREEMENTS,Form MGT-14 Special Resolutions - ADVANCE PETROCHEMICALS LIMITED,MCA Corporate Filings,2024-02-14,https://www.mca.gov.in/mcafast/companyMasterData.do?cin=L23200GJ1985PLC008013,documents/ADVANCE PETROCHEMICALS LIMITED/MGT-14_Special_Resolutions.pdf,0e1620b042643b9d7dab253ff0ff0262f345510e4cf1c41cc4c456dcc923ae1f,2026-08-26T17:30:00Z
DOC_7FB4B2A37AA4,L23200GJ1985PLC008013,GST_TAXPAYER_DATA,GST Public Taxpayer Registration - ADVANCE PETROCHEMICALS LIMITED,GST Council Public Portal,2026-01-15,https://www.mca.gov.in/mcafast/companyMasterData.do?cin=L23200GJ1985PLC008013,documents/ADVANCE PETROCHEMICALS LIMITED/GST_Place_of_Business_Registration.pdf,ab90412c47c79c33d4ca0d551bf1398807d92e346ae753d909cd313fd420be14,2026-08-26T17:30:00Z
DOC_817885D958B0,L23209GJ1982PLC005062,COMPANY_MASTER_DATA,Company Master Data Record - PANAMA PETROCHEM LIMITED,Ministry of Corporate Affairs (MCA),2026-08-26,https://www.mca.gov.in/mcafast/companyMasterData.do?cin=L23209GJ1982PLC005062,documents/PANAMA PETROCHEM LIMITED/Company_Master_Data.pdf,d602166032e61d51cb4a46a8722b35c36561c26e3982c84f724de81a05a899ad,2026-08-26T17:30:00Z
DOC_C95A1CF01041,L23209GJ1982PLC005062,FINANCIAL_STATEMENT,Form AOC-4 Financial Statements FY 2024-25 - PANAMA PETROCHEM LIMITED,MCA Corporate Filings,2025-03-31,https://www.mca.gov.in/mcafast/companyMasterData.do?cin=L23209GJ1982PLC005062,documents/PANAMA PETROCHEM LIMITED/AOC-4_Financial_Statements_FY25.pdf,075f893226d20a3e0386300902b594ee8892b90979d6a09c7f2b3513d4a113f5,2026-08-26T17:30:00Z
DOC_EB92E523E85D,L23209GJ1982PLC005062,ANNUAL_RETURN,Form MGT-7 Annual Return FY 2024-25 - PANAMA PETROCHEM LIMITED,MCA Corporate Filings,2025-09-30,https://www.mca.gov.in/mcafast/companyMasterData.do?cin=L23209GJ1982PLC005062,documents/PANAMA PETROCHEM LIMITED/MGT-7_Annual_Return_FY25.pdf,cd9ce094b36b7e324ac74ddc1bc62ffbaaebe882449b0ee79a8abd82d1c522bd,2026-08-26T17:30:00Z
DOC_F437249A2544,L23209GJ1982PLC005062,DIRECTOR_KMP_CHANGES,Form DIR-12 Director Particulars & KMP - PANAMA PETROCHEM LIMITED,MCA Corporate Filings,2024-10-12,https://www.mca.gov.in/mcafast/companyMasterData.do?cin=L23209GJ1982PLC005062,documents/PANAMA PETROCHEM LIMITED/DIR-12_Director_Records.pdf,cef002f588fefc733047af0edd40ba9654fb35a7f96dfef92cbfd0a990d9a42c,2026-08-26T17:30:00Z
DOC_D2173A3935E6,L23209GJ1982PLC005062,AUDITOR_APPOINTMENT,Form ADT-1 Auditor Appointment Resolution - PANAMA PETROCHEM LIMITED,MCA Corporate Filings,2024-09-25,https://www.mca.gov.in/mcafast/companyMasterData.do?cin=L23209GJ1982PLC005062,documents/PANAMA PETROCHEM LIMITED/ADT-1_Auditor_Appointment.pdf,1f15df5090d8e8e32a3e63b89b4d4ccb1bfc40f302fe5ffd710fda35e4897806,2026-08-26T17:30:00Z
DOC_79FC61ADC3B9,L23209GJ1982PLC005062,REGISTERED_OFFICE,Form INC-22 Registered Office Proof - PANAMA PETROCHEM LIMITED,MCA Corporate Filings,2023-04-18,https://www.mca.gov.in/mcafast/companyMasterData.do?cin=L23209GJ1982PLC005062,documents/PANAMA PETROCHEM LIMITED/INC-22_Registered_Office_Proof.pdf,212a21dbef9dcfd40abe44724baa49aacd05ccf963212ba1b3dd230b09bff317,2026-08-26T17:30:00Z
DOC_E0609CDCC49B,L23209GJ1982PLC005062,RESOLUTIONS_AGREEMENTS,Form MGT-14 Special Resolutions - PANAMA PETROCHEM LIMITED,MCA Corporate Filings,2024-02-14,https://www.mca.gov.in/mcafast/companyMasterData.do?cin=L23209GJ1982PLC005062,documents/PANAMA PETROCHEM LIMITED/MGT-14_Special_Resolutions.pdf,1bb20b4349c580f5763775acc2dc63a2d5be868d262198d51a164c647c04915a,2026-08-26T17:30:00Z
DOC_A8252DCDDE23,L23209GJ1982PLC005062,GST_TAXPAYER_DATA,GST Public Taxpayer Registration - PANAMA PETROCHEM LIMITED,GST Council Public Portal,2026-01-15,https://www.mca.gov.in/mcafast/companyMasterData.do?cin=L23209GJ1982PLC005062,documents/PANAMA PETROCHEM LIMITED/GST_Place_of_Business_Registration.pdf,20508f1ac902b6d9302f4bc1dd5e8c359b195f79ab11617366b405b24b123de1,2026-08-26T17:30:00Z
DOC_4FEE931366DA,L24100GJ1982PLC005302,COMPANY_MASTER_DATA,Company Master Data Record - OSIAN INDUSTRIES LIMITED,Ministry of Corporate Affairs (MCA),2026-08-26,https://www.mca.gov.in/mcafast/companyMasterData.do?cin=L24100GJ1982PLC005302,documents/OSIAN INDUSTRIES LIMITED/Company_Master_Data.pdf,62f68f0871b9736986d60ab5a2d1c001917d78811adeea01b49bd54f35b99769,2026-08-26T17:30:00Z
DOC_4CAB22852947,L24100GJ1982PLC005302,FINANCIAL_STATEMENT,Form AOC-4 Financial Statements FY 2024-25 - OSIAN INDUSTRIES LIMITED,MCA Corporate Filings,2025-03-31,https://www.mca.gov.in/mcafast/companyMasterData.do?cin=L24100GJ1982PLC005302,documents/OSIAN INDUSTRIES LIMITED/AOC-4_Financial_Statements_FY25.pdf,f446df218f53fe13e88cf89945ee53fb3facd21eb6a0ba83dd12b42747dd742d,2026-08-26T17:30:00Z
DOC_262188F0A3C1,L24100GJ1982PLC005302,ANNUAL_RETURN,Form MGT-7 Annual Return FY 2024-25 - OSIAN INDUSTRIES LIMITED,MCA Corporate Filings,2025-09-30,https://www.mca.gov.in/mcafast/companyMasterData.do?cin=L24100GJ1982PLC005302,documents/OSIAN INDUSTRIES LIMITED/MGT-7_Annual_Return_FY25.pdf,5e6d0e28a65ac240b8574cfef1c0f63d65c077cc202a660fc784141a2e50493e,2026-08-26T17:30:00Z
DOC_6902D81DD0E3,L24100GJ1982PLC005302,DIRECTOR_KMP_CHANGES,Form DIR-12 Director Particulars & KMP - OSIAN INDUSTRIES LIMITED,MCA Corporate Filings,2024-10-12,https://www.mca.gov.in/mcafast/companyMasterData.do?cin=L24100GJ1982PLC005302,documents/OSIAN INDUSTRIES LIMITED/DIR-12_Director_Records.pdf,76ab9ba7419786c4c763d54da60ffd4ff04624d2b2b03e9f8e03d5a414862ff7,2026-08-26T17:30:00Z
DOC_1913C1BB62B9,L24100GJ1982PLC005302,AUDITOR_APPOINTMENT,Form ADT-1 Auditor Appointment Resolution - OSIAN INDUSTRIES LIMITED,MCA Corporate Filings,2024-09-25,https://www.mca.gov.in/mcafast/companyMasterData.do?cin=L24100GJ1982PLC005302,documents/OSIAN INDUSTRIES LIMITED/ADT-1_Auditor_Appointment.pdf,e0b2a89c6c1f27d628020f87b9b7d4b71bb6b21ba96b0d2aa6f15f3a5c819fc1,2026-08-26T17:30:00Z
DOC_E3FFF866764F,L24100GJ1982PLC005302,REGISTERED_OFFICE,Form INC-22 Registered Office Proof - OSIAN INDUSTRIES LIMITED,MCA Corporate Filings,2023-04-18,https://www.mca.gov.in/mcafast/companyMasterData.do?cin=L24100GJ1982PLC005302,documents/OSIAN INDUSTRIES LIMITED/INC-22_Registered_Office_Proof.pdf,d9314b0ec5063175ac5026c0e0399963a30dfb7008bdfb8c4bb410ed721991ad,2026-08-26T17:30:00Z
DOC_FB1FEE35EE96,L24100GJ1982PLC005302,RESOLUTIONS_AGREEMENTS,Form MGT-14 Special Resolutions - OSIAN INDUSTRIES LIMITED,MCA Corporate Filings,2024-02-14,https://www.mca.gov.in/mcafast/companyMasterData.do?cin=L24100GJ1982PLC005302,documents/OSIAN INDUSTRIES LIMITED/MGT-14_Special_Resolutions.pdf,da5ff5fe4be2a1fc4ff1ca6ebef5634ef1f804b8f2e842062d9ac446c14fe74b,2026-08-26T17:30:00Z
DOC_31623BA2BF1C,L24100GJ1982PLC005302,GST_TAXPAYER_DATA,GST Public Taxpayer Registration - OSIAN INDUSTRIES LIMITED,GST Council Public Portal,2026-01-15,https://www.mca.gov.in/mcafast/companyMasterData.do?cin=L24100GJ1982PLC005302,documents/OSIAN INDUSTRIES LIMITED/GST_Place_of_Business_Registration.pdf,76b532d1d579571d8693cfa8bbcaaa330fd07d21dab1daacaef22db4bba8d61a,2026-08-26T17:30:00Z
DOC_A92DB18FAAB7,L24100GJ1983PLC006513,COMPANY_MASTER_DATA,Company Master Data Record - GHCL LIMITED,Ministry of Corporate Affairs (MCA),2026-08-26,https://www.mca.gov.in/mcafast/companyMasterData.do?cin=L24100GJ1983PLC006513,documents/GHCL LIMITED/Company_Master_Data.pdf,eb78b0f2510e0d85c7a542e46603dec0cf0e4bbe621ec3d3d5b317ee5c693fd6,2026-08-26T17:30:00Z
DOC_1636382FAC39,L24100GJ1983PLC006513,FINANCIAL_STATEMENT,Form AOC-4 Financial Statements FY 2024-25 - GHCL LIMITED,MCA Corporate Filings,2025-03-31,https://www.mca.gov.in/mcafast/companyMasterData.do?cin=L24100GJ1983PLC006513,documents/GHCL LIMITED/AOC-4_Financial_Statements_FY25.pdf,2d711a0810e8f84bf22cec451acfd9e64c5b131653ada400dccd8b4a326f22ff,2026-08-26T17:30:00Z
DOC_03353705CD2E,L24100GJ1983PLC006513,ANNUAL_RETURN,Form MGT-7 Annual Return FY 2024-25 - GHCL LIMITED,MCA Corporate Filings,2025-09-30,https://www.mca.gov.in/mcafast/companyMasterData.do?cin=L24100GJ1983PLC006513,documents/GHCL LIMITED/MGT-7_Annual_Return_FY25.pdf,362db8e3aea2e875fe7dcca5f321ba877cf71387a64ca383a16ed58641fab0be,2026-08-26T17:30:00Z
DOC_782B49C33E63,L24100GJ1983PLC006513,DIRECTOR_KMP_CHANGES,Form DIR-12 Director Particulars & KMP - GHCL LIMITED,MCA Corporate Filings,2024-10-12,https://www.mca.gov.in/mcafast/companyMasterData.do?cin=L24100GJ1983PLC006513,documents/GHCL LIMITED/DIR-12_Director_Records.pdf,70a3e2d4addd806f122dc2e802acf6b9e78a039fd675500865b1f13f1a6383bd,2026-08-26T17:30:00Z
DOC_0C92E8800E32,L24100GJ1983PLC006513,AUDITOR_APPOINTMENT,Form ADT-1 Auditor Appointment Resolution - GHCL LIMITED,MCA Corporate Filings,2024-09-25,https://www.mca.gov.in/mcafast/companyMasterData.do?cin=L24100GJ1983PLC006513,documents/GHCL LIMITED/ADT-1_Auditor_Appointment.pdf,fa9299015c194df1ebd142ced607999244b2aa54efc10e80a564624a2f9000a7,2026-08-26T17:30:00Z
DOC_09ECA8BC3C71,L24100GJ1983PLC006513,REGISTERED_OFFICE,Form INC-22 Registered Office Proof - GHCL LIMITED,MCA Corporate Filings,2023-04-18,https://www.mca.gov.in/mcafast/companyMasterData.do?cin=L24100GJ1983PLC006513,documents/GHCL LIMITED/INC-22_Registered_Office_Proof.pdf,023a75a8bd7533721fb5874d39a069c1bc3da0b47f40dcd3140b5a6448dca39c,2026-08-26T17:30:00Z
DOC_EA9164994822,L24100GJ1983PLC006513,RESOLUTIONS_AGREEMENTS,Form MGT-14 Special Resolutions - GHCL LIMITED,MCA Corporate Filings,2024-02-14,https://www.mca.gov.in/mcafast/companyMasterData.do?cin=L24100GJ1983PLC006513,documents/GHCL LIMITED/MGT-14_Special_Resolutions.pdf,4792e5c300a417122205dde5d78c36d367214d8d2c2a9bb6e76d86341aafff32,2026-08-26T17:30:00Z
DOC_312AA6CBC0C0,L24100GJ1983PLC006513,GST_TAXPAYER_DATA,GST Public Taxpayer Registration - GHCL LIMITED,GST Council Public Portal,2026-01-15,https://www.mca.gov.in/mcafast/companyMasterData.do?cin=L24100GJ1983PLC006513,documents/GHCL LIMITED/GST_Place_of_Business_Registration.pdf,b3eedc239d58d26fe96a27962de37cb0522514082fb69817bc28169ea7a42144,2026-08-26T17:30:00Z
DOC_9F3D7923568E,L24100GJ1984PLC111413,COMPANY_MASTER_DATA,Company Master Data Record - MEDICO INTERCONTINENTAL LIMITED,Ministry of Corporate Affairs (MCA),2026-08-26,https://www.mca.gov.in/mcafast/companyMasterData.do?cin=L24100GJ1984PLC111413,documents/MEDICO INTERCONTINENTAL LIMITED/Company_Master_Data.pdf,4075ae7e4679b9ccebec6a5f31ad5fcf444d446c750f9dfc98f3d86af66199f3,2026-08-26T17:30:00Z
DOC_1083EE14539A,L24100GJ1984PLC111413,FINANCIAL_STATEMENT,Form AOC-4 Financial Statements FY 2024-25 - MEDICO INTERCONTINENTAL LIMITED,MCA Corporate Filings,2025-03-31,https://www.mca.gov.in/mcafast/companyMasterData.do?cin=L24100GJ1984PLC111413,documents/MEDICO INTERCONTINENTAL LIMITED/AOC-4_Financial_Statements_FY25.pdf,37f721990357ac5d88c2c566d82566235fad5dfc9ff103e5a818212c087415d4,2026-08-26T17:30:00Z
DOC_239071DD583E,L24100GJ1984PLC111413,ANNUAL_RETURN,Form MGT-7 Annual Return FY 2024-25 - MEDICO INTERCONTINENTAL LIMITED,MCA Corporate Filings,2025-09-30,https://www.mca.gov.in/mcafast/companyMasterData.do?cin=L24100GJ1984PLC111413,documents/MEDICO INTERCONTINENTAL LIMITED/MGT-7_Annual_Return_FY25.pdf,e09d81e4dd91439ad42cf1b031f1686d70011b5bc1d9d90ffb29bd2568ca22b9,2026-08-26T17:30:00Z
DOC_C3B6A98A932A,L24100GJ1984PLC111413,DIRECTOR_KMP_CHANGES,Form DIR-12 Director Particulars & KMP - MEDICO INTERCONTINENTAL LIMITED,MCA Corporate Filings,2024-10-12,https://www.mca.gov.in/mcafast/companyMasterData.do?cin=L24100GJ1984PLC111413,documents/MEDICO INTERCONTINENTAL LIMITED/DIR-12_Director_Records.pdf,b047bc8210c1db23c7343d5671d01a5e1ae1fcaefe608d6ff4dfb0967dfdd266,2026-08-26T17:30:00Z
DOC_FBEABD32AB50,L24100GJ1984PLC111413,AUDITOR_APPOINTMENT,Form ADT-1 Auditor Appointment Resolution - MEDICO INTERCONTINENTAL LIMITED,MCA Corporate Filings,2024-09-25,https://www.mca.gov.in/mcafast/companyMasterData.do?cin=L24100GJ1984PLC111413,documents/MEDICO INTERCONTINENTAL LIMITED/ADT-1_Auditor_Appointment.pdf,b2dbd3459ed65ab247b32a5f91ec77f9e1dcc12d8d4f0a731d045fe3430653df,2026-08-26T17:30:00Z
DOC_2DAE15CDE3AC,L24100GJ1984PLC111413,REGISTERED_OFFICE,Form INC-22 Registered Office Proof - MEDICO INTERCONTINENTAL LIMITED,MCA Corporate Filings,2023-04-18,https://www.mca.gov.in/mcafast/companyMasterData.do?cin=L24100GJ1984PLC111413,documents/MEDICO INTERCONTINENTAL LIMITED/INC-22_Registered_Office_Proof.pdf,b9c4a9da3bbc0cbab4f0e2e78fb42e685c43a79f06458dcca03d22edb93a5f04,2026-08-26T17:30:00Z
DOC_E5F227CDCBD9,L24100GJ1984PLC111413,RESOLUTIONS_AGREEMENTS,Form MGT-14 Special Resolutions - MEDICO INTERCONTINENTAL LIMITED,MCA Corporate Filings,2024-02-14,https://www.mca.gov.in/mcafast/companyMasterData.do?cin=L24100GJ1984PLC111413,documents/MEDICO INTERCONTINENTAL LIMITED/MGT-14_Special_Resolutions.pdf,dbd56e9c927675cde4d06d3e74c0c56ddc0d36735640c8d4286a8e12657fc8f7,2026-08-26T17:30:00Z
DOC_5E975E2A7DE8,L24100GJ1984PLC111413,GST_TAXPAYER_DATA,GST Public Taxpayer Registration - MEDICO INTERCONTINENTAL LIMITED,GST Council Public Portal,2026-01-15,https://www.mca.gov.in/mcafast/companyMasterData.do?cin=L24100GJ1984PLC111413,documents/MEDICO INTERCONTINENTAL LIMITED/GST_Place_of_Business_Registration.pdf,95a213c63d38703cef940b4b8f987787c666a1ea73b204078a5cb4b6311904cf,2026-08-26T17:30:00Z
DOC_0183F1B65F04,L24100GJ1985PLC007753,COMPANY_MASTER_DATA,Company Master Data Record - GUJARAT TERCE LABORATORIES LIMITED,Ministry of Corporate Affairs (MCA),2026-08-26,https://www.mca.gov.in/mcafast/companyMasterData.do?cin=L24100GJ1985PLC007753,documents/GUJARAT TERCE LABORATORIES LIMITED/Company_Master_Data.pdf,b26b4825e8f6b5d462a4210efd078b371bf85d858293495418e37f7516ac04bb,2026-08-26T17:30:00Z
DOC_58A021317909,L24100GJ1985PLC007753,FINANCIAL_STATEMENT,Form AOC-4 Financial Statements FY 2024-25 - GUJARAT TERCE LABORATORIES LIMITED,MCA Corporate Filings,2025-03-31,https://www.mca.gov.in/mcafast/companyMasterData.do?cin=L24100GJ1985PLC007753,documents/GUJARAT TERCE LABORATORIES LIMITED/AOC-4_Financial_Statements_FY25.pdf,d97c45bb3caa80bbe9e25b069f3aee0be9bd6eaafa6d38be675f12b2ad66b6aa,2026-08-26T17:30:00Z
DOC_0189A98E35DA,L24100GJ1985PLC007753,ANNUAL_RETURN,Form MGT-7 Annual Return FY 2024-25 - GUJARAT TERCE LABORATORIES LIMITED,MCA Corporate Filings,2025-09-30,https://www.mca.gov.in/mcafast/companyMasterData.do?cin=L24100GJ1985PLC007753,documents/GUJARAT TERCE LABORATORIES LIMITED/MGT-7_Annual_Return_FY25.pdf,b6190b87fa20cdcb0b27af9286393b7873c98190d738c948c19ea42c482217d4,2026-08-26T17:30:00Z
DOC_D095C02EFC18,L24100GJ1985PLC007753,DIRECTOR_KMP_CHANGES,Form DIR-12 Director Particulars & KMP - GUJARAT TERCE LABORATORIES LIMITED,MCA Corporate Filings,2024-10-12,https://www.mca.gov.in/mcafast/companyMasterData.do?cin=L24100GJ1985PLC007753,documents/GUJARAT TERCE LABORATORIES LIMITED/DIR-12_Director_Records.pdf,61045745a99480bd0f5aa99ba28c2a7c7049be288615ef8b559e1ba820ee37cc,2026-08-26T17:30:00Z
DOC_4C0393098D72,L24100GJ1985PLC007753,AUDITOR_APPOINTMENT,Form ADT-1 Auditor Appointment Resolution - GUJARAT TERCE LABORATORIES LIMITED,MCA Corporate Filings,2024-09-25,https://www.mca.gov.in/mcafast/companyMasterData.do?cin=L24100GJ1985PLC007753,documents/GUJARAT TERCE LABORATORIES LIMITED/ADT-1_Auditor_Appointment.pdf,b2838822666e4cd52b4fd3962f3ec27b4583be5277cc869ce1eea853ee6db6f5,2026-08-26T17:30:00Z
DOC_FED6340DBEE8,L24100GJ1985PLC007753,REGISTERED_OFFICE,Form INC-22 Registered Office Proof - GUJARAT TERCE LABORATORIES LIMITED,MCA Corporate Filings,2023-04-18,https://www.mca.gov.in/mcafast/companyMasterData.do?cin=L24100GJ1985PLC007753,documents/GUJARAT TERCE LABORATORIES LIMITED/INC-22_Registered_Office_Proof.pdf,efa320852015cda7a2e8a77c2a65112c53789878cde52263b38fe7c2e5547a7d,2026-08-26T17:30:00Z
DOC_9D223720DEF1,L24100GJ1985PLC007753,RESOLUTIONS_AGREEMENTS,Form MGT-14 Special Resolutions - GUJARAT TERCE LABORATORIES LIMITED,MCA Corporate Filings,2024-02-14,https://www.mca.gov.in/mcafast/companyMasterData.do?cin=L24100GJ1985PLC007753,documents/GUJARAT TERCE LABORATORIES LIMITED/MGT-14_Special_Resolutions.pdf,2e5ab8337e195ef1a0211a8e43fc0c706cda1993d2bab7e15d24b0ebc53058c6,2026-08-26T17:30:00Z
DOC_FF832EEE7C15,L24100GJ1985PLC007753,GST_TAXPAYER_DATA,GST Public Taxpayer Registration - GUJARAT TERCE LABORATORIES LIMITED,GST Council Public Portal,2026-01-15,https://www.mca.gov.in/mcafast/companyMasterData.do?cin=L24100GJ1985PLC007753,documents/GUJARAT TERCE LABORATORIES LIMITED/GST_Place_of_Business_Registration.pdf,39ba71597e980888709fafd2adcb6b4eef0e7618d141f9407db9e170de3b0a70,2026-08-26T17:30:00Z
DOC_DF2523DE19E5,L24110GJ1982PLC005057,COMPANY_MASTER_DATA,Company Master Data Record - VIVANZA BIOSCIENCES LIMITED,Ministry of Corporate Affairs (MCA),2026-08-26,https://www.mca.gov.in/mcafast/companyMasterData.do?cin=L24110GJ1982PLC005057,documents/VIVANZA BIOSCIENCES LIMITED/Company_Master_Data.pdf,76be5570a3711ed7fdcb2923b901f06558b303c970106a9c4025a3edd0b33c6d,2026-08-26T17:30:00Z
DOC_04006C332956,L24110GJ1982PLC005057,FINANCIAL_STATEMENT,Form AOC-4 Financial Statements FY 2024-25 - VIVANZA BIOSCIENCES LIMITED,MCA Corporate Filings,2025-03-31,https://www.mca.gov.in/mcafast/companyMasterData.do?cin=L24110GJ1982PLC005057,documents/VIVANZA BIOSCIENCES LIMITED/AOC-4_Financial_Statements_FY25.pdf,4f6cbe71e5358ae370021979d6ed1076d8be926105a0388815fe26dd3987c24d,2026-08-26T17:30:00Z
DOC_F7073D5E4077,L24110GJ1982PLC005057,ANNUAL_RETURN,Form MGT-7 Annual Return FY 2024-25 - VIVANZA BIOSCIENCES LIMITED,MCA Corporate Filings,2025-09-30,https://www.mca.gov.in/mcafast/companyMasterData.do?cin=L24110GJ1982PLC005057,documents/VIVANZA BIOSCIENCES LIMITED/MGT-7_Annual_Return_FY25.pdf,77e21e00a0c5c257515f7da98ceb329a46b65a2cd3ec6940182c9b9b7a432427,2026-08-26T17:30:00Z
DOC_5465961D64CB,L24110GJ1982PLC005057,DIRECTOR_KMP_CHANGES,Form DIR-12 Director Particulars & KMP - VIVANZA BIOSCIENCES LIMITED,MCA Corporate Filings,2024-10-12,https://www.mca.gov.in/mcafast/companyMasterData.do?cin=L24110GJ1982PLC005057,documents/VIVANZA BIOSCIENCES LIMITED/DIR-12_Director_Records.pdf,f9061bfe50a18cd5109c941819b2d8fa6a427856c8cfd33abb75b58b78acfb0e,2026-08-26T17:30:00Z
DOC_A2125E2D51D5,L24110GJ1982PLC005057,AUDITOR_APPOINTMENT,Form ADT-1 Auditor Appointment Resolution - VIVANZA BIOSCIENCES LIMITED,MCA Corporate Filings,2024-09-25,https://www.mca.gov.in/mcafast/companyMasterData.do?cin=L24110GJ1982PLC005057,documents/VIVANZA BIOSCIENCES LIMITED/ADT-1_Auditor_Appointment.pdf,286053dc3b56ddafd2c7b0b14f156bd5ff1a5c088bfeffd8b5a446e15bed21f1,2026-08-26T17:30:00Z
DOC_41767A64FB42,L24110GJ1982PLC005057,REGISTERED_OFFICE,Form INC-22 Registered Office Proof - VIVANZA BIOSCIENCES LIMITED,MCA Corporate Filings,2023-04-18,https://www.mca.gov.in/mcafast/companyMasterData.do?cin=L24110GJ1982PLC005057,documents/VIVANZA BIOSCIENCES LIMITED/INC-22_Registered_Office_Proof.pdf,ea37dd999f66e75c4a6c88326582182fe7d141e93fcb2fe5f922dd3e7e4d0e78,2026-08-26T17:30:00Z
DOC_2466D5E4BF16,L24110GJ1982PLC005057,RESOLUTIONS_AGREEMENTS,Form MGT-14 Special Resolutions - VIVANZA BIOSCIENCES LIMITED,MCA Corporate Filings,2024-02-14,https://www.mca.gov.in/mcafast/companyMasterData.do?cin=L24110GJ1982PLC005057,documents/VIVANZA BIOSCIENCES LIMITED/MGT-14_Special_Resolutions.pdf,9629a3b19dfe1a5f5f9c50d84eb6bfd3b7351519caebaf4df0d706cdc8ba7776,2026-08-26T17:30:00Z
DOC_75081B67855D,L24110GJ1982PLC005057,GST_TAXPAYER_DATA,GST Public Taxpayer Registration - VIVANZA BIOSCIENCES LIMITED,GST Council Public Portal,2026-01-15,https://www.mca.gov.in/mcafast/companyMasterData.do?cin=L24110GJ1982PLC005057,documents/VIVANZA BIOSCIENCES LIMITED/GST_Place_of_Business_Registration.pdf,e62ed809d67ef7c8b3c8a2e26b47ab96183b0bac1406e72eef5d95be411cf51e,2026-08-26T17:30:00Z
DOC_94377850280D,L24110GJ1984PLC007301,COMPANY_MASTER_DATA,Company Master Data Record - AARTI INDUSTRIES LTD,Ministry of Corporate Affairs (MCA),2026-08-26,https://www.mca.gov.in/mcafast/companyMasterData.do?cin=L24110GJ1984PLC007301,documents/AARTI INDUSTRIES LTD/Company_Master_Data.pdf,c2451da1d70eac08dca3dfbdbc269759ece28c98fb94891fd0264afb0f01254d,2026-08-26T17:30:00Z
DOC_CF5736EB3390,L24110GJ1984PLC007301,FINANCIAL_STATEMENT,Form AOC-4 Financial Statements FY 2024-25 - AARTI INDUSTRIES LTD,MCA Corporate Filings,2025-03-31,https://www.mca.gov.in/mcafast/companyMasterData.do?cin=L24110GJ1984PLC007301,documents/AARTI INDUSTRIES LTD/AOC-4_Financial_Statements_FY25.pdf,8632d8552d23bf5711d126425b88b59c6aefde0f2359fe58c1682cbfe7425364,2026-08-26T17:30:00Z
DOC_FD98B248FA36,L24110GJ1984PLC007301,ANNUAL_RETURN,Form MGT-7 Annual Return FY 2024-25 - AARTI INDUSTRIES LTD,MCA Corporate Filings,2025-09-30,https://www.mca.gov.in/mcafast/companyMasterData.do?cin=L24110GJ1984PLC007301,documents/AARTI INDUSTRIES LTD/MGT-7_Annual_Return_FY25.pdf,103f69cdd0e9d496c9dab117462f37730a379cec8f03b96b6322bb0636f59f14,2026-08-26T17:30:00Z
DOC_24E3AF67119B,L24110GJ1984PLC007301,DIRECTOR_KMP_CHANGES,Form DIR-12 Director Particulars & KMP - AARTI INDUSTRIES LTD,MCA Corporate Filings,2024-10-12,https://www.mca.gov.in/mcafast/companyMasterData.do?cin=L24110GJ1984PLC007301,documents/AARTI INDUSTRIES LTD/DIR-12_Director_Records.pdf,62a04eec64eac8d53b2dd8bd1bbba9ddee9c817a45198e4aa979e072604c0588,2026-08-26T17:30:00Z
DOC_9035846D960F,L24110GJ1984PLC007301,AUDITOR_APPOINTMENT,Form ADT-1 Auditor Appointment Resolution - AARTI INDUSTRIES LTD,MCA Corporate Filings,2024-09-25,https://www.mca.gov.in/mcafast/companyMasterData.do?cin=L24110GJ1984PLC007301,documents/AARTI INDUSTRIES LTD/ADT-1_Auditor_Appointment.pdf,4fe54b2826114dbca5949915800deac9800b6cd25a998b41053d1b41243c3124,2026-08-26T17:30:00Z
DOC_8ADD682B09AA,L24110GJ1984PLC007301,REGISTERED_OFFICE,Form INC-22 Registered Office Proof - AARTI INDUSTRIES LTD,MCA Corporate Filings,2023-04-18,https://www.mca.gov.in/mcafast/companyMasterData.do?cin=L24110GJ1984PLC007301,documents/AARTI INDUSTRIES LTD/INC-22_Registered_Office_Proof.pdf,da70e5fd2d9485658b66b7e700adfa34ecce8159be61be700045b13812234aa5,2026-08-26T17:30:00Z
DOC_06227C875AA5,L24110GJ1984PLC007301,RESOLUTIONS_AGREEMENTS,Form MGT-14 Special Resolutions - AARTI INDUSTRIES LTD,MCA Corporate Filings,2024-02-14,https://www.mca.gov.in/mcafast/companyMasterData.do?cin=L24110GJ1984PLC007301,documents/AARTI INDUSTRIES LTD/MGT-14_Special_Resolutions.pdf,aeda3c502baaab9d0f9e9ad2029a4f303fe8eaaf18b5353afa8ddffc80e2cee8,2026-08-26T17:30:00Z
DOC_ACC5437E4111,L24110GJ1984PLC007301,GST_TAXPAYER_DATA,GST Public Taxpayer Registration - AARTI INDUSTRIES LTD,GST Council Public Portal,2026-01-15,https://www.mca.gov.in/mcafast/companyMasterData.do?cin=L24110GJ1984PLC007301,documents/AARTI INDUSTRIES LTD/GST_Place_of_Business_Registration.pdf,6a65c8c396a3dbd9cf43fe8fef44bed42b3ba1c03f2885664997df30a14edcde,2026-08-26T17:30:00Z
DOC_9EC443D4EA93,L24110GJ1985PLC008225,COMPANY_MASTER_DATA,Company Master Data Record - SKYLEAD CHEMICALS LTD,Ministry of Corporate Affairs (MCA),2026-08-26,https://www.mca.gov.in/mcafast/companyMasterData.do?cin=L24110GJ1985PLC008225,documents/SKYLEAD CHEMICALS LTD/Company_Master_Data.pdf,511a80836c8f6d14372498490e2779792a134cecf318a6b1485f3c9c10fa8e11,2026-08-26T17:30:00Z
DOC_20A30C713549,L24110GJ1985PLC008225,FINANCIAL_STATEMENT,Form AOC-4 Financial Statements FY 2024-25 - SKYLEAD CHEMICALS LTD,MCA Corporate Filings,2025-03-31,https://www.mca.gov.in/mcafast/companyMasterData.do?cin=L24110GJ1985PLC008225,documents/SKYLEAD CHEMICALS LTD/AOC-4_Financial_Statements_FY25.pdf,d400558957d1ccc15cccb9804d659cdcdf4f5ae8f42be340819d83e4a2bc150f,2026-08-26T17:30:00Z
DOC_B20B67FAD29C,L24110GJ1985PLC008225,ANNUAL_RETURN,Form MGT-7 Annual Return FY 2024-25 - SKYLEAD CHEMICALS LTD,MCA Corporate Filings,2025-09-30,https://www.mca.gov.in/mcafast/companyMasterData.do?cin=L24110GJ1985PLC008225,documents/SKYLEAD CHEMICALS LTD/MGT-7_Annual_Return_FY25.pdf,3c718f1814973858fe7c99b5a433b395312076ded8191a0a8d7940d04fe9ebf3,2026-08-26T17:30:00Z
DOC_38CEB2A0E2D6,L24110GJ1985PLC008225,DIRECTOR_KMP_CHANGES,Form DIR-12 Director Particulars & KMP - SKYLEAD CHEMICALS LTD,MCA Corporate Filings,2024-10-12,https://www.mca.gov.in/mcafast/companyMasterData.do?cin=L24110GJ1985PLC008225,documents/SKYLEAD CHEMICALS LTD/DIR-12_Director_Records.pdf,361c71353ec10219ff54393e4511913803cb085bf3d66b4e3204930a7ad205d7,2026-08-26T17:30:00Z
DOC_19395D51EBF4,L24110GJ1985PLC008225,AUDITOR_APPOINTMENT,Form ADT-1 Auditor Appointment Resolution - SKYLEAD CHEMICALS LTD,MCA Corporate Filings,2024-09-25,https://www.mca.gov.in/mcafast/companyMasterData.do?cin=L24110GJ1985PLC008225,documents/SKYLEAD CHEMICALS LTD/ADT-1_Auditor_Appointment.pdf,a20ab0f51948110be50212d9803716d10ab9059e82ac61934a46221c0f0cb53a,2026-08-26T17:30:00Z
DOC_B09F427F40BB,L24110GJ1985PLC008225,REGISTERED_OFFICE,Form INC-22 Registered Office Proof - SKYLEAD CHEMICALS LTD,MCA Corporate Filings,2023-04-18,https://www.mca.gov.in/mcafast/companyMasterData.do?cin=L24110GJ1985PLC008225,documents/SKYLEAD CHEMICALS LTD/INC-22_Registered_Office_Proof.pdf,f74e5543f76ec36605a3ac38cb79b6f7658f1d32a603a9098e699a62f5b682c2,2026-08-26T17:30:00Z
DOC_F731FAF91028,L24110GJ1985PLC008225,RESOLUTIONS_AGREEMENTS,Form MGT-14 Special Resolutions - SKYLEAD CHEMICALS LTD,MCA Corporate Filings,2024-02-14,https://www.mca.gov.in/mcafast/companyMasterData.do?cin=L24110GJ1985PLC008225,documents/SKYLEAD CHEMICALS LTD/MGT-14_Special_Resolutions.pdf,de7d1103ba872dc067ba11f039c7f4f5ff9a6322b622b162cba1d1ca56bb31a9,2026-08-26T17:30:00Z
DOC_3EFFB3CFD2D8,L24110GJ1985PLC008225,GST_TAXPAYER_DATA,GST Public Taxpayer Registration - SKYLEAD CHEMICALS LTD,GST Council Public Portal,2026-01-15,https://www.mca.gov.in/mcafast/companyMasterData.do?cin=L24110GJ1985PLC008225,documents/SKYLEAD CHEMICALS LTD/GST_Place_of_Business_Registration.pdf,3821e2824da24894ee8f27102b79efbe913204682c184efc617648db24107442,2026-08-26T17:30:00Z
DOC_3A4A6E108DD2,L24110GJ1986PLC008634,COMPANY_MASTER_DATA,Company Master Data Record - CHEMIESYNTH (VAPI) LIMITED,Ministry of Corporate Affairs (MCA),2026-08-26,https://www.mca.gov.in/mcafast/companyMasterData.do?cin=L24110GJ1986PLC008634,documents/CHEMIESYNTH (VAPI) LIMITED/Company_Master_Data.pdf,432a0f3dcd2f0c4dc30f5a18cd33428e715a7904b5cbee61bede260257595555,2026-08-26T17:30:00Z
DOC_8D0BFFA8FC5F,L24110GJ1986PLC008634,FINANCIAL_STATEMENT,Form AOC-4 Financial Statements FY 2024-25 - CHEMIESYNTH (VAPI) LIMITED,MCA Corporate Filings,2025-03-31,https://www.mca.gov.in/mcafast/companyMasterData.do?cin=L24110GJ1986PLC008634,documents/CHEMIESYNTH (VAPI) LIMITED/AOC-4_Financial_Statements_FY25.pdf,b61a8954897d1ac84a1f96b2915cd8987086cd055dae6af9693f1acefb0ce958,2026-08-26T17:30:00Z
DOC_14636BBCFAA0,L24110GJ1986PLC008634,ANNUAL_RETURN,Form MGT-7 Annual Return FY 2024-25 - CHEMIESYNTH (VAPI) LIMITED,MCA Corporate Filings,2025-09-30,https://www.mca.gov.in/mcafast/companyMasterData.do?cin=L24110GJ1986PLC008634,documents/CHEMIESYNTH (VAPI) LIMITED/MGT-7_Annual_Return_FY25.pdf,5d811c73193ccb69d01d72d72de10f16b93a35155c9e2dae5baea3b91eb854af,2026-08-26T17:30:00Z
DOC_18C7B987D180,L24110GJ1986PLC008634,DIRECTOR_KMP_CHANGES,Form DIR-12 Director Particulars & KMP - CHEMIESYNTH (VAPI) LIMITED,MCA Corporate Filings,2024-10-12,https://www.mca.gov.in/mcafast/companyMasterData.do?cin=L24110GJ1986PLC008634,documents/CHEMIESYNTH (VAPI) LIMITED/DIR-12_Director_Records.pdf,42a227160ccdb9fbb4498386e807704dfe51d6d24ea2d35cf3c0e5ad33012ea5,2026-08-26T17:30:00Z
DOC_F3B2758E6D7A,L24110GJ1986PLC008634,AUDITOR_APPOINTMENT,Form ADT-1 Auditor Appointment Resolution - CHEMIESYNTH (VAPI) LIMITED,MCA Corporate Filings,2024-09-25,https://www.mca.gov.in/mcafast/companyMasterData.do?cin=L24110GJ1986PLC008634,documents/CHEMIESYNTH (VAPI) LIMITED/ADT-1_Auditor_Appointment.pdf,e983bdb41b7409d4112a38b5522358860b8ef75e27658b05f00520d023c75fa9,2026-08-26T17:30:00Z
DOC_078DD05B9D91,L24110GJ1986PLC008634,REGISTERED_OFFICE,Form INC-22 Registered Office Proof - CHEMIESYNTH (VAPI) LIMITED,MCA Corporate Filings,2023-04-18,https://www.mca.gov.in/mcafast/companyMasterData.do?cin=L24110GJ1986PLC008634,documents/CHEMIESYNTH (VAPI) LIMITED/INC-22_Registered_Office_Proof.pdf,4f9046d07014e1ac66b3689a25a38710ede973c35ffcccdcc811bffa532571dd,2026-08-26T17:30:00Z
DOC_9C5715664F21,L24110GJ1986PLC008634,RESOLUTIONS_AGREEMENTS,Form MGT-14 Special Resolutions - CHEMIESYNTH (VAPI) LIMITED,MCA Corporate Filings,2024-02-14,https://www.mca.gov.in/mcafast/companyMasterData.do?cin=L24110GJ1986PLC008634,documents/CHEMIESYNTH (VAPI) LIMITED/MGT-14_Special_Resolutions.pdf,63d4cde6dac5624756f479acaa52081360f60aa8ea67a3a63b4ee8ba0337ec6f,2026-08-26T17:30:00Z
DOC_07965FD45524,L24110GJ1986PLC008634,GST_TAXPAYER_DATA,GST Public Taxpayer Registration - CHEMIESYNTH (VAPI) LIMITED,GST Council Public Portal,2026-01-15,https://www.mca.gov.in/mcafast/companyMasterData.do?cin=L24110GJ1986PLC008634,documents/CHEMIESYNTH (VAPI) LIMITED/GST_Place_of_Business_Registration.pdf,fbe74f48c0015b483cf819c848a670b1a49d5e154d89e89f7ddcf93115e8ce5d,2026-08-26T17:30:00Z
DOC_C5CC239081FF,L24110GJ1986PLC008924,COMPANY_MASTER_DATA,Company Master Data Record - YOGI HEALTHCARE LIMITED,Ministry of Corporate Affairs (MCA),2026-08-26,https://www.mca.gov.in/mcafast/companyMasterData.do?cin=L24110GJ1986PLC008924,documents/YOGI HEALTHCARE LIMITED/Company_Master_Data.pdf,f5dbcc897549993fcd27c9c5ec614de7a1d10304314fddbf0cd14166cdbca729,2026-08-26T17:30:00Z
DOC_86FC2AE8F486,L24110GJ1986PLC008924,FINANCIAL_STATEMENT,Form AOC-4 Financial Statements FY 2024-25 - YOGI HEALTHCARE LIMITED,MCA Corporate Filings,2025-03-31,https://www.mca.gov.in/mcafast/companyMasterData.do?cin=L24110GJ1986PLC008924,documents/YOGI HEALTHCARE LIMITED/AOC-4_Financial_Statements_FY25.pdf,8606e85205c9329fa36371661a0e539385b8784c1faf010d00f596c0fd51f862,2026-08-26T17:30:00Z
DOC_1B1B3165DBC9,L24110GJ1986PLC008924,ANNUAL_RETURN,Form MGT-7 Annual Return FY 2024-25 - YOGI HEALTHCARE LIMITED,MCA Corporate Filings,2025-09-30,https://www.mca.gov.in/mcafast/companyMasterData.do?cin=L24110GJ1986PLC008924,documents/YOGI HEALTHCARE LIMITED/MGT-7_Annual_Return_FY25.pdf,608f6ed5e31b82fabd695606c360fa4570b81957bdf384ac4c42ec96a19d4e15,2026-08-26T17:30:00Z
DOC_8F62D263619A,L24110GJ1986PLC008924,DIRECTOR_KMP_CHANGES,Form DIR-12 Director Particulars & KMP - YOGI HEALTHCARE LIMITED,MCA Corporate Filings,2024-10-12,https://www.mca.gov.in/mcafast/companyMasterData.do?cin=L24110GJ1986PLC008924,documents/YOGI HEALTHCARE LIMITED/DIR-12_Director_Records.pdf,ff9d73944efa604dfde7867e84ecb9175a4d836b177a5eb9199ddc9a687f45f9,2026-08-26T17:30:00Z
DOC_1930789F7A23,L24110GJ1986PLC008924,AUDITOR_APPOINTMENT,Form ADT-1 Auditor Appointment Resolution - YOGI HEALTHCARE LIMITED,MCA Corporate Filings,2024-09-25,https://www.mca.gov.in/mcafast/companyMasterData.do?cin=L24110GJ1986PLC008924,documents/YOGI HEALTHCARE LIMITED/ADT-1_Auditor_Appointment.pdf,fccf1890ec1790b863f85709615d140c1ad123f3425ede12bcb5e408ee23d5aa,2026-08-26T17:30:00Z
DOC_ED6AF2A92C46,L24110GJ1986PLC008924,REGISTERED_OFFICE,Form INC-22 Registered Office Proof - YOGI HEALTHCARE LIMITED,MCA Corporate Filings,2023-04-18,https://www.mca.gov.in/mcafast/companyMasterData.do?cin=L24110GJ1986PLC008924,documents/YOGI HEALTHCARE LIMITED/INC-22_Registered_Office_Proof.pdf,a6919f2a3b3ec42084c43cfb4961c8a5972d0b7b4f95005ca927aec98258496e,2026-08-26T17:30:00Z
DOC_8C017A512DBE,L24110GJ1986PLC008924,RESOLUTIONS_AGREEMENTS,Form MGT-14 Special Resolutions - YOGI HEALTHCARE LIMITED,MCA Corporate Filings,2024-02-14,https://www.mca.gov.in/mcafast/companyMasterData.do?cin=L24110GJ1986PLC008924,documents/YOGI HEALTHCARE LIMITED/MGT-14_Special_Resolutions.pdf,6148d10ef7a8e2b11fff76a2e45694eb3130819b170f8f05aeb61ebe265090b4,2026-08-26T17:30:00Z
DOC_F16866303498,L24110GJ1986PLC008924,GST_TAXPAYER_DATA,GST Public Taxpayer Registration - YOGI HEALTHCARE LIMITED,GST Council Public Portal,2026-01-15,https://www.mca.gov.in/mcafast/companyMasterData.do?cin=L24110GJ1986PLC008924,documents/YOGI HEALTHCARE LIMITED/GST_Place_of_Business_Registration.pdf,de82e9b6903d9c9217decf80a57e296beead3426c5c8f558ad2a71bd7ef21ca9,2026-08-26T17:30:00Z
DOC_F63314FF1351,L24110GJ1986PLC009003,COMPANY_MASTER_DATA,Company Master Data Record - BODAL CHEMICALS LIMITED,Ministry of Corporate Affairs (MCA),2026-08-26,https://www.mca.gov.in/mcafast/companyMasterData.do?cin=L24110GJ1986PLC009003,documents/BODAL CHEMICALS LIMITED/Company_Master_Data.pdf,e96a0f95df115f1ba84e9bdec04dd518a2675ff208f13a72328751532fb5c354,2026-08-26T17:30:00Z
DOC_C935F5EB4F78,L24110GJ1986PLC009003,FINANCIAL_STATEMENT,Form AOC-4 Financial Statements FY 2024-25 - BODAL CHEMICALS LIMITED,MCA Corporate Filings,2025-03-31,https://www.mca.gov.in/mcafast/companyMasterData.do?cin=L24110GJ1986PLC009003,documents/BODAL CHEMICALS LIMITED/AOC-4_Financial_Statements_FY25.pdf,1d74a892830c162d2d519e2fe582c4cbc6240c29869b136d5374b96d3570ef21,2026-08-26T17:30:00Z
DOC_8676CB3B9A8A,L24110GJ1986PLC009003,ANNUAL_RETURN,Form MGT-7 Annual Return FY 2024-25 - BODAL CHEMICALS LIMITED,MCA Corporate Filings,2025-09-30,https://www.mca.gov.in/mcafast/companyMasterData.do?cin=L24110GJ1986PLC009003,documents/BODAL CHEMICALS LIMITED/MGT-7_Annual_Return_FY25.pdf,8700468bb586b2f5d5396a686ad4c40b05c966044771bc33e3880acc652e5b20,2026-08-26T17:30:00Z
DOC_1C864D2166F9,L24110GJ1986PLC009003,DIRECTOR_KMP_CHANGES,Form DIR-12 Director Particulars & KMP - BODAL CHEMICALS LIMITED,MCA Corporate Filings,2024-10-12,https://www.mca.gov.in/mcafast/companyMasterData.do?cin=L24110GJ1986PLC009003,documents/BODAL CHEMICALS LIMITED/DIR-12_Director_Records.pdf,f7746a0bc56cbba91b208732714bce2f8338d4fb2e125424b4e73ae6303d28b8,2026-08-26T17:30:00Z
DOC_0FCBE7E661AB,L24110GJ1986PLC009003,AUDITOR_APPOINTMENT,Form ADT-1 Auditor Appointment Resolution - BODAL CHEMICALS LIMITED,MCA Corporate Filings,2024-09-25,https://www.mca.gov.in/mcafast/companyMasterData.do?cin=L24110GJ1986PLC009003,documents/BODAL CHEMICALS LIMITED/ADT-1_Auditor_Appointment.pdf,53246774b27c583c2c02823fce2b651488fa7c59d47bf04d4c06efe7c6b949a4,2026-08-26T17:30:00Z
DOC_8C14F691F3E8,L24110GJ1986PLC009003,REGISTERED_OFFICE,Form INC-22 Registered Office Proof - BODAL CHEMICALS LIMITED,MCA Corporate Filings,2023-04-18,https://www.mca.gov.in/mcafast/companyMasterData.do?cin=L24110GJ1986PLC009003,documents/BODAL CHEMICALS LIMITED/INC-22_Registered_Office_Proof.pdf,a368860dfa3c6b4f4388916088d9df026b7c8d9fd3b78739263ad647d98f8dcf,2026-08-26T17:30:00Z
DOC_17A09A44A2DD,L24110GJ1986PLC009003,RESOLUTIONS_AGREEMENTS,Form MGT-14 Special Resolutions - BODAL CHEMICALS LIMITED,MCA Corporate Filings,2024-02-14,https://www.mca.gov.in/mcafast/companyMasterData.do?cin=L24110GJ1986PLC009003,documents/BODAL CHEMICALS LIMITED/MGT-14_Special_Resolutions.pdf,9c5a5f632bf7b292307d7358675d0547d4a7312ceb323cfc789acd22848301cf,2026-08-26T17:30:00Z
DOC_3F8499A880BB,L24110GJ1986PLC009003,GST_TAXPAYER_DATA,GST Public Taxpayer Registration - BODAL CHEMICALS LIMITED,GST Council Public Portal,2026-01-15,https://www.mca.gov.in/mcafast/companyMasterData.do?cin=L24110GJ1986PLC009003,documents/BODAL CHEMICALS LIMITED/GST_Place_of_Business_Registration.pdf,187c052861c78c9e3dfbcb24da5fe4ffde82265072d760a78c84cd4f182a2713,2026-08-26T17:30:00Z
DOC_5CE21D44E257,L24110GJ1986PLC009140,COMPANY_MASTER_DATA,Company Master Data Record - JUPITER BIOTECH LIMITED,Ministry of Corporate Affairs (MCA),2026-08-26,https://www.mca.gov.in/mcafast/companyMasterData.do?cin=L24110GJ1986PLC009140,documents/JUPITER BIOTECH LIMITED/Company_Master_Data.pdf,d96bdbe51f9c5042a611ece99840dacade62de0a379de1167a04f8fa028cc84c,2026-08-26T17:30:00Z
DOC_6377419766E4,L24110GJ1986PLC009140,FINANCIAL_STATEMENT,Form AOC-4 Financial Statements FY 2024-25 - JUPITER BIOTECH LIMITED,MCA Corporate Filings,2025-03-31,https://www.mca.gov.in/mcafast/companyMasterData.do?cin=L24110GJ1986PLC009140,documents/JUPITER BIOTECH LIMITED/AOC-4_Financial_Statements_FY25.pdf,9b0a8a8ab7acde82aaf46881e44380f893af9978a03d8ed5feb0ab630601f04a,2026-08-26T17:30:00Z
DOC_F95C1B9BB641,L24110GJ1986PLC009140,ANNUAL_RETURN,Form MGT-7 Annual Return FY 2024-25 - JUPITER BIOTECH LIMITED,MCA Corporate Filings,2025-09-30,https://www.mca.gov.in/mcafast/companyMasterData.do?cin=L24110GJ1986PLC009140,documents/JUPITER BIOTECH LIMITED/MGT-7_Annual_Return_FY25.pdf,be67aafd3b7e1246064d3eba5692587568b18a6dc249f86a142fd50e32c93f5f,2026-08-26T17:30:00Z
DOC_AACD248AB4F8,L24110GJ1986PLC009140,DIRECTOR_KMP_CHANGES,Form DIR-12 Director Particulars & KMP - JUPITER BIOTECH LIMITED,MCA Corporate Filings,2024-10-12,https://www.mca.gov.in/mcafast/companyMasterData.do?cin=L24110GJ1986PLC009140,documents/JUPITER BIOTECH LIMITED/DIR-12_Director_Records.pdf,6e71e30898e4586f2610475683af2e0f5a5b5b4d95462dd6547bf500f076c835,2026-08-26T17:30:00Z
DOC_064477FE41FE,L24110GJ1986PLC009140,AUDITOR_APPOINTMENT,Form ADT-1 Auditor Appointment Resolution - JUPITER BIOTECH LIMITED,MCA Corporate Filings,2024-09-25,https://www.mca.gov.in/mcafast/companyMasterData.do?cin=L24110GJ1986PLC009140,documents/JUPITER BIOTECH LIMITED/ADT-1_Auditor_Appointment.pdf,26ce877f28562a20321ce8de537b816533b998246d9dbbdddc4a7173b12564ad,2026-08-26T17:30:00Z
DOC_5F9F9341EA39,L24110GJ1986PLC009140,REGISTERED_OFFICE,Form INC-22 Registered Office Proof - JUPITER BIOTECH LIMITED,MCA Corporate Filings,2023-04-18,https://www.mca.gov.in/mcafast/companyMasterData.do?cin=L24110GJ1986PLC009140,documents/JUPITER BIOTECH LIMITED/INC-22_Registered_Office_Proof.pdf,345079c560f04f65227a5c03e625e03fa5ebf1d62a3715a0ba25c54b6c0a72e8,2026-08-26T17:30:00Z
DOC_41FDFB1279B8,L24110GJ1986PLC009140,RESOLUTIONS_AGREEMENTS,Form MGT-14 Special Resolutions - JUPITER BIOTECH LIMITED,MCA Corporate Filings,2024-02-14,https://www.mca.gov.in/mcafast/companyMasterData.do?cin=L24110GJ1986PLC009140,documents/JUPITER BIOTECH LIMITED/MGT-14_Special_Resolutions.pdf,fe5ef322f2f45ca9a3d9c6bd2f6b1fa0e0964c73742fe9e1bc91c534d1e9d7e7,2026-08-26T17:30:00Z
DOC_2E703674783B,L24110GJ1986PLC009140,GST_TAXPAYER_DATA,GST Public Taxpayer Registration - JUPITER BIOTECH LIMITED,GST Council Public Portal,2026-01-15,https://www.mca.gov.in/mcafast/companyMasterData.do?cin=L24110GJ1986PLC009140,documents/JUPITER BIOTECH LIMITED/GST_Place_of_Business_Registration.pdf,73eb5a6cb73f624bc8ccd6565001f7fe95f1f5926ae571db8e86bbf95072f825,2026-08-26T17:30:00Z
DOC_EE276D4464AE,L24117GJ1985PLC007985,COMPANY_MASTER_DATA,Company Master Data Record - GBL INDUSTRIES LIMITED,Ministry of Corporate Affairs (MCA),2026-08-26,https://www.mca.gov.in/mcafast/companyMasterData.do?cin=L24117GJ1985PLC007985,documents/GBL INDUSTRIES LIMITED/Company_Master_Data.pdf,c9be2ee5557120461687cd94fa6478924bc6d4ee4a048c97eb751d22d5496757,2026-08-26T17:30:00Z
DOC_D6B1D4221D72,L24117GJ1985PLC007985,FINANCIAL_STATEMENT,Form AOC-4 Financial Statements FY 2024-25 - GBL INDUSTRIES LIMITED,MCA Corporate Filings,2025-03-31,https://www.mca.gov.in/mcafast/companyMasterData.do?cin=L24117GJ1985PLC007985,documents/GBL INDUSTRIES LIMITED/AOC-4_Financial_Statements_FY25.pdf,a4963e9d01f9052b5d1087499446803ce833657172fbb328df7bdadbf072b034,2026-08-26T17:30:00Z
DOC_1E54380665DC,L24117GJ1985PLC007985,ANNUAL_RETURN,Form MGT-7 Annual Return FY 2024-25 - GBL INDUSTRIES LIMITED,MCA Corporate Filings,2025-09-30,https://www.mca.gov.in/mcafast/companyMasterData.do?cin=L24117GJ1985PLC007985,documents/GBL INDUSTRIES LIMITED/MGT-7_Annual_Return_FY25.pdf,c9486b99d5d71c2eea397c9a201b94e217d61036ed8517499c2655d454a324a8,2026-08-26T17:30:00Z
DOC_0C00C2AFB0F3,L24117GJ1985PLC007985,DIRECTOR_KMP_CHANGES,Form DIR-12 Director Particulars & KMP - GBL INDUSTRIES LIMITED,MCA Corporate Filings,2024-10-12,https://www.mca.gov.in/mcafast/companyMasterData.do?cin=L24117GJ1985PLC007985,documents/GBL INDUSTRIES LIMITED/DIR-12_Director_Records.pdf,5dfededce65f5ec0a50c2f4b16784e90b7c374e74daea40db65f2297ed61b8c2,2026-08-26T17:30:00Z
DOC_091AFC65ABBC,L24117GJ1985PLC007985,AUDITOR_APPOINTMENT,Form ADT-1 Auditor Appointment Resolution - GBL INDUSTRIES LIMITED,MCA Corporate Filings,2024-09-25,https://www.mca.gov.in/mcafast/companyMasterData.do?cin=L24117GJ1985PLC007985,documents/GBL INDUSTRIES LIMITED/ADT-1_Auditor_Appointment.pdf,266d788a6ffe4af7b106691fbf24b7c1be98b76ae8e48ae1191e3bcf815eb7e3,2026-08-26T17:30:00Z
DOC_297A05D71DB5,L24117GJ1985PLC007985,REGISTERED_OFFICE,Form INC-22 Registered Office Proof - GBL INDUSTRIES LIMITED,MCA Corporate Filings,2023-04-18,https://www.mca.gov.in/mcafast/companyMasterData.do?cin=L24117GJ1985PLC007985,documents/GBL INDUSTRIES LIMITED/INC-22_Registered_Office_Proof.pdf,85001d1fc0171964c319cb73f46a816071dcaac570aee8067d2c49ad7aab3d63,2026-08-26T17:30:00Z
DOC_3EAA891E1F9E,L24117GJ1985PLC007985,RESOLUTIONS_AGREEMENTS,Form MGT-14 Special Resolutions - GBL INDUSTRIES LIMITED,MCA Corporate Filings,2024-02-14,https://www.mca.gov.in/mcafast/companyMasterData.do?cin=L24117GJ1985PLC007985,documents/GBL INDUSTRIES LIMITED/MGT-14_Special_Resolutions.pdf,651d25a4afd1642059df61d710688fa8595f60b0a4b7ec7338d3bb803b63e881,2026-08-26T17:30:00Z
DOC_561B9D58BC06,L24117GJ1985PLC007985,GST_TAXPAYER_DATA,GST Public Taxpayer Registration - GBL INDUSTRIES LIMITED,GST Council Public Portal,2026-01-15,https://www.mca.gov.in/mcafast/companyMasterData.do?cin=L24117GJ1985PLC007985,documents/GBL INDUSTRIES LIMITED/GST_Place_of_Business_Registration.pdf,4466edd6d0fe4914e6a9b216776bc2fb5f3689e6a0a1e5590d59e502b1654012,2026-08-26T17:30:00Z
DOC_33C7AC299D97,L24219GJ1985PLC025132,COMPANY_MASTER_DATA,Company Master Data Record - UPL LIMITED,Ministry of Corporate Affairs (MCA),2026-08-26,https://www.mca.gov.in/mcafast/companyMasterData.do?cin=L24219GJ1985PLC025132,documents/UPL LIMITED/Company_Master_Data.pdf,2cc5ef73db2812577b8ea76014fdb05f4af745b22e03ccdfa4ec3fa531ba294d,2026-08-26T17:30:00Z
DOC_716DB78E1D8A,L24219GJ1985PLC025132,FINANCIAL_STATEMENT,Form AOC-4 Financial Statements FY 2024-25 - UPL LIMITED,MCA Corporate Filings,2025-03-31,https://www.mca.gov.in/mcafast/companyMasterData.do?cin=L24219GJ1985PLC025132,documents/UPL LIMITED/AOC-4_Financial_Statements_FY25.pdf,f7a0dc1dbdb4384b0a25d1a8ea90b9ec691644651b252661f50c0d1784413292,2026-08-26T17:30:00Z
DOC_332D17FE6CE6,L24219GJ1985PLC025132,ANNUAL_RETURN,Form MGT-7 Annual Return FY 2024-25 - UPL LIMITED,MCA Corporate Filings,2025-09-30,https://www.mca.gov.in/mcafast/companyMasterData.do?cin=L24219GJ1985PLC025132,documents/UPL LIMITED/MGT-7_Annual_Return_FY25.pdf,28e30fd8e16e677e01792f04b0f639713413f9ff505a3f102bfa64f69e6f6ebc,2026-08-26T17:30:00Z
DOC_4E31BC3341EE,L24219GJ1985PLC025132,DIRECTOR_KMP_CHANGES,Form DIR-12 Director Particulars & KMP - UPL LIMITED,MCA Corporate Filings,2024-10-12,https://www.mca.gov.in/mcafast/companyMasterData.do?cin=L24219GJ1985PLC025132,documents/UPL LIMITED/DIR-12_Director_Records.pdf,bf8416a3a078714b51d00b32d78d7d4cba981fbe82d040b16d47ae2c80b1748b,2026-08-26T17:30:00Z
DOC_F7051C4D6DB8,L24219GJ1985PLC025132,AUDITOR_APPOINTMENT,Form ADT-1 Auditor Appointment Resolution - UPL LIMITED,MCA Corporate Filings,2024-09-25,https://www.mca.gov.in/mcafast/companyMasterData.do?cin=L24219GJ1985PLC025132,documents/UPL LIMITED/ADT-1_Auditor_Appointment.pdf,0fb45349c93079cfd611a589c2e88e0ccae1df8cf02edac4f50698c0ba61db97,2026-08-26T17:30:00Z
DOC_AF1B882F0C86,L24219GJ1985PLC025132,REGISTERED_OFFICE,Form INC-22 Registered Office Proof - UPL LIMITED,MCA Corporate Filings,2023-04-18,https://www.mca.gov.in/mcafast/companyMasterData.do?cin=L24219GJ1985PLC025132,documents/UPL LIMITED/INC-22_Registered_Office_Proof.pdf,d316b5f4aea678186418c2b3d5736d83ec8218cfebb737b58e0c1bf75d4026e3,2026-08-26T17:30:00Z
DOC_8D5C9F26AE6D,L24219GJ1985PLC025132,RESOLUTIONS_AGREEMENTS,Form MGT-14 Special Resolutions - UPL LIMITED,MCA Corporate Filings,2024-02-14,https://www.mca.gov.in/mcafast/companyMasterData.do?cin=L24219GJ1985PLC025132,documents/UPL LIMITED/MGT-14_Special_Resolutions.pdf,53e48e49efa8c4233c4ac90d2e5305a231bc849fd0fc0c162e049be10c60ee01,2026-08-26T17:30:00Z
DOC_AA187DD341C9,L24219GJ1985PLC025132,GST_TAXPAYER_DATA,GST Public Taxpayer Registration - UPL LIMITED,GST Council Public Portal,2026-01-15,https://www.mca.gov.in/mcafast/companyMasterData.do?cin=L24219GJ1985PLC025132,documents/UPL LIMITED/GST_Place_of_Business_Registration.pdf,655bbe62de68b1bb7f9e76bc79ded99ac035a8a2a8a11547e85bca54fd19f203,2026-08-26T17:30:00Z
DOC_3C07DF7F692C,L24230GJ1983PLC006329,COMPANY_MASTER_DATA,Company Master Data Record - DISHMAN PHARMACEUTICALS AND CHEMICALSLIMITED,Ministry of Corporate Affairs (MCA),2026-08-26,https://www.mca.gov.in/mcafast/companyMasterData.do?cin=L24230GJ1983PLC006329,documents/DISHMAN PHARMACEUTICALS AND CHEMICALSLIMITED/Company_Master_Data.pdf,acaf98e078a251d1a517ee33fcfe3d8fa0f0fc9a21ddba9a646e61b7c72dff72,2026-08-26T17:30:00Z
DOC_630D053D5EAF,L24230GJ1983PLC006329,FINANCIAL_STATEMENT,Form AOC-4 Financial Statements FY 2024-25 - DISHMAN PHARMACEUTICALS AND CHEMICALSLIMITED,MCA Corporate Filings,2025-03-31,https://www.mca.gov.in/mcafast/companyMasterData.do?cin=L24230GJ1983PLC006329,documents/DISHMAN PHARMACEUTICALS AND CHEMICALSLIMITED/AOC-4_Financial_Statements_FY25.pdf,cc7d46f25143779ee4c4963a78e0741c83c8b8d291700c7ce584a48d927b7f2c,2026-08-26T17:30:00Z
DOC_785E1E7EA472,L24230GJ1983PLC006329,ANNUAL_RETURN,Form MGT-7 Annual Return FY 2024-25 - DISHMAN PHARMACEUTICALS AND CHEMICALSLIMITED,MCA Corporate Filings,2025-09-30,https://www.mca.gov.in/mcafast/companyMasterData.do?cin=L24230GJ1983PLC006329,documents/DISHMAN PHARMACEUTICALS AND CHEMICALSLIMITED/MGT-7_Annual_Return_FY25.pdf,8d0e95017746ee7dd8b40023575c3bf447587d0deb0a504e5f6a1c6ec603d6e1,2026-08-26T17:30:00Z
DOC_745F14F63280,L24230GJ1983PLC006329,DIRECTOR_KMP_CHANGES,Form DIR-12 Director Particulars & KMP - DISHMAN PHARMACEUTICALS AND CHEMICALSLIMITED,MCA Corporate Filings,2024-10-12,https://www.mca.gov.in/mcafast/companyMasterData.do?cin=L24230GJ1983PLC006329,documents/DISHMAN PHARMACEUTICALS AND CHEMICALSLIMITED/DIR-12_Director_Records.pdf,10ad86a21235863db7363a0e6b1a483cf7f061a4f21f67757b470fc40b43b774,2026-08-26T17:30:00Z
DOC_D4CCB6D5A78D,L24230GJ1983PLC006329,AUDITOR_APPOINTMENT,Form ADT-1 Auditor Appointment Resolution - DISHMAN PHARMACEUTICALS AND CHEMICALSLIMITED,MCA Corporate Filings,2024-09-25,https://www.mca.gov.in/mcafast/companyMasterData.do?cin=L24230GJ1983PLC006329,documents/DISHMAN PHARMACEUTICALS AND CHEMICALSLIMITED/ADT-1_Auditor_Appointment.pdf,41d1e4903f3c5ef94f684720c616d3b508934d20d7fedc77d78143c9d8972781,2026-08-26T17:30:00Z
DOC_D9196FEBAD3F,L24230GJ1983PLC006329,REGISTERED_OFFICE,Form INC-22 Registered Office Proof - DISHMAN PHARMACEUTICALS AND CHEMICALSLIMITED,MCA Corporate Filings,2023-04-18,https://www.mca.gov.in/mcafast/companyMasterData.do?cin=L24230GJ1983PLC006329,documents/DISHMAN PHARMACEUTICALS AND CHEMICALSLIMITED/INC-22_Registered_Office_Proof.pdf,1c7049fb119472802d37edefea67884c8af7acddf0c122e21faccb27f8078af8,2026-08-26T17:30:00Z
DOC_397CECAB7353,L24230GJ1983PLC006329,RESOLUTIONS_AGREEMENTS,Form MGT-14 Special Resolutions - DISHMAN PHARMACEUTICALS AND CHEMICALSLIMITED,MCA Corporate Filings,2024-02-14,https://www.mca.gov.in/mcafast/companyMasterData.do?cin=L24230GJ1983PLC006329,documents/DISHMAN PHARMACEUTICALS AND CHEMICALSLIMITED/MGT-14_Special_Resolutions.pdf,4bf6d683db163b391fbdd3ae9f4527f23c8f5f5a9b9da81ee40b1b150c3eaed9,2026-08-26T17:30:00Z
DOC_5D8CE3302DE6,L24230GJ1983PLC006329,GST_TAXPAYER_DATA,GST Public Taxpayer Registration - DISHMAN PHARMACEUTICALS AND CHEMICALSLIMITED,GST Council Public Portal,2026-01-15,https://www.mca.gov.in/mcafast/companyMasterData.do?cin=L24230GJ1983PLC006329,documents/DISHMAN PHARMACEUTICALS AND CHEMICALSLIMITED/GST_Place_of_Business_Registration.pdf,06977b627ee65f4b7ae61b81db63fe354f69969d6beff041d7bb94053fdc9b91,2026-08-26T17:30:00Z
DOC_46EA24B73A0E,L24230GJ1984PLC007540,COMPANY_MASTER_DATA,Company Master Data Record - LINK PHARMACHEM LIMITED,Ministry of Corporate Affairs (MCA),2026-08-26,https://www.mca.gov.in/mcafast/companyMasterData.do?cin=L24230GJ1984PLC007540,documents/LINK PHARMACHEM LIMITED/Company_Master_Data.pdf,dc7c0ed5741ea10927bd08fecfb3c2a5118d40380a1ceff771637080b9609cc3,2026-08-26T17:30:00Z
DOC_F7E1E902FB51,L24230GJ1984PLC007540,FINANCIAL_STATEMENT,Form AOC-4 Financial Statements FY 2024-25 - LINK PHARMACHEM LIMITED,MCA Corporate Filings,2025-03-31,https://www.mca.gov.in/mcafast/companyMasterData.do?cin=L24230GJ1984PLC007540,documents/LINK PHARMACHEM LIMITED/AOC-4_Financial_Statements_FY25.pdf,e8bdafcab1956a75d6ad303d31839cc6d151221806a423647ad9fa6e72c50135,2026-08-26T17:30:00Z
DOC_1715F9184A23,L24230GJ1984PLC007540,ANNUAL_RETURN,Form MGT-7 Annual Return FY 2024-25 - LINK PHARMACHEM LIMITED,MCA Corporate Filings,2025-09-30,https://www.mca.gov.in/mcafast/companyMasterData.do?cin=L24230GJ1984PLC007540,documents/LINK PHARMACHEM LIMITED/MGT-7_Annual_Return_FY25.pdf,dfa92c9dbad2ff6768f5f8d2ea8ba14636c35a8f2a08f8c2477262a23af6a8ed,2026-08-26T17:30:00Z
DOC_1BF4A71DAA5C,L24230GJ1984PLC007540,DIRECTOR_KMP_CHANGES,Form DIR-12 Director Particulars & KMP - LINK PHARMACHEM LIMITED,MCA Corporate Filings,2024-10-12,https://www.mca.gov.in/mcafast/companyMasterData.do?cin=L24230GJ1984PLC007540,documents/LINK PHARMACHEM LIMITED/DIR-12_Director_Records.pdf,ce2848430cc702c5e3eb0063f50ab628bfdcefc9ed8ede85c03b2c9bda93c677,2026-08-26T17:30:00Z
DOC_802DC389BCC9,L24230GJ1984PLC007540,AUDITOR_APPOINTMENT,Form ADT-1 Auditor Appointment Resolution - LINK PHARMACHEM LIMITED,MCA Corporate Filings,2024-09-25,https://www.mca.gov.in/mcafast/companyMasterData.do?cin=L24230GJ1984PLC007540,documents/LINK PHARMACHEM LIMITED/ADT-1_Auditor_Appointment.pdf,7a4e5bf97ac377190b8d5ccc4c888e9b10d4eae98b5be78e5a89c5fd73589636,2026-08-26T17:30:00Z
DOC_39E6624B986E,L24230GJ1984PLC007540,REGISTERED_OFFICE,Form INC-22 Registered Office Proof - LINK PHARMACHEM LIMITED,MCA Corporate Filings,2023-04-18,https://www.mca.gov.in/mcafast/companyMasterData.do?cin=L24230GJ1984PLC007540,documents/LINK PHARMACHEM LIMITED/INC-22_Registered_Office_Proof.pdf,c2b37403c0a973a2f18501e084d4afb977b3142073791094bd5464e9baaf46ee,2026-08-26T17:30:00Z
DOC_034258881CDD,L24230GJ1984PLC007540,RESOLUTIONS_AGREEMENTS,Form MGT-14 Special Resolutions - LINK PHARMACHEM LIMITED,MCA Corporate Filings,2024-02-14,https://www.mca.gov.in/mcafast/companyMasterData.do?cin=L24230GJ1984PLC007540,documents/LINK PHARMACHEM LIMITED/MGT-14_Special_Resolutions.pdf,67d6bdcc51dfffd46b4ea0d9cdfbd5bdcaf00da1bbf2ee74dce6e5355b2acc0b,2026-08-26T17:30:00Z
DOC_9D6F07A26761,L24230GJ1984PLC007540,GST_TAXPAYER_DATA,GST Public Taxpayer Registration - LINK PHARMACHEM LIMITED,GST Council Public Portal,2026-01-15,https://www.mca.gov.in/mcafast/companyMasterData.do?cin=L24230GJ1984PLC007540,documents/LINK PHARMACHEM LIMITED/GST_Place_of_Business_Registration.pdf,87b4765e47e6282e9be06bb662054a129233b5a2e4930b5b4a0ddd2238235bec,2026-08-26T17:30:00Z
DOC_06FE5F5B733C,L24231GJ1982PLC005012,COMPANY_MASTER_DATA,Company Master Data Record - GUJARAT BINIL CHEMICALS LTD,Ministry of Corporate Affairs (MCA),2026-08-26,https://www.mca.gov.in/mcafast/companyMasterData.do?cin=L24231GJ1982PLC005012,documents/GUJARAT BINIL CHEMICALS LTD/Company_Master_Data.pdf,a8eead8bf1edcbb6ed2bfc27021137e6807f12d30b3fa726a6f74c1ac383330a,2026-08-26T17:30:00Z
DOC_61A6F2DFE922,L24231GJ1982PLC005012,FINANCIAL_STATEMENT,Form AOC-4 Financial Statements FY 2024-25 - GUJARAT BINIL CHEMICALS LTD,MCA Corporate Filings,2025-03-31,https://www.mca.gov.in/mcafast/companyMasterData.do?cin=L24231GJ1982PLC005012,documents/GUJARAT BINIL CHEMICALS LTD/AOC-4_Financial_Statements_FY25.pdf,a54fbd392f66f2811c0dc104e38a38d49f85dacc54fa376e590f7764f10fcce1,2026-08-26T17:30:00Z
DOC_C9998F2FCDDC,L24231GJ1982PLC005012,ANNUAL_RETURN,Form MGT-7 Annual Return FY 2024-25 - GUJARAT BINIL CHEMICALS LTD,MCA Corporate Filings,2025-09-30,https://www.mca.gov.in/mcafast/companyMasterData.do?cin=L24231GJ1982PLC005012,documents/GUJARAT BINIL CHEMICALS LTD/MGT-7_Annual_Return_FY25.pdf,8c2d60b0323ef40848b8f5874bfa0d06821b82930c2f140225b0f0a22053f176,2026-08-26T17:30:00Z
DOC_084EB28C8D01,L24231GJ1982PLC005012,DIRECTOR_KMP_CHANGES,Form DIR-12 Director Particulars & KMP - GUJARAT BINIL CHEMICALS LTD,MCA Corporate Filings,2024-10-12,https://www.mca.gov.in/mcafast/companyMasterData.do?cin=L24231GJ1982PLC005012,documents/GUJARAT BINIL CHEMICALS LTD/DIR-12_Director_Records.pdf,1ad5dfc68e48a9d62abbb8e0289f6822fdfbf457c1f7d2ca7a498e4e084006fe,2026-08-26T17:30:00Z
DOC_AF9B34D8F839,L24231GJ1982PLC005012,AUDITOR_APPOINTMENT,Form ADT-1 Auditor Appointment Resolution - GUJARAT BINIL CHEMICALS LTD,MCA Corporate Filings,2024-09-25,https://www.mca.gov.in/mcafast/companyMasterData.do?cin=L24231GJ1982PLC005012,documents/GUJARAT BINIL CHEMICALS LTD/ADT-1_Auditor_Appointment.pdf,4673bf93e33255083a422b7ec72b65b7d209dd1b1bbcf0c9c153d1cd611db89a,2026-08-26T17:30:00Z
DOC_980D4C06744B,L24231GJ1982PLC005012,REGISTERED_OFFICE,Form INC-22 Registered Office Proof - GUJARAT BINIL CHEMICALS LTD,MCA Corporate Filings,2023-04-18,https://www.mca.gov.in/mcafast/companyMasterData.do?cin=L24231GJ1982PLC005012,documents/GUJARAT BINIL CHEMICALS LTD/INC-22_Registered_Office_Proof.pdf,bd52950fd2c39c75a4b353e6d10dfe445988b5b3801261fc28473176cc7d5a46,2026-08-26T17:30:00Z
DOC_78F458978FAA,L24231GJ1982PLC005012,RESOLUTIONS_AGREEMENTS,Form MGT-14 Special Resolutions - GUJARAT BINIL CHEMICALS LTD,MCA Corporate Filings,2024-02-14,https://www.mca.gov.in/mcafast/companyMasterData.do?cin=L24231GJ1982PLC005012,documents/GUJARAT BINIL CHEMICALS LTD/MGT-14_Special_Resolutions.pdf,381d2b5e118b5509398ea96b9ba32a4a5029e8efb5fcc5bb91277cafafb9500a,2026-08-26T17:30:00Z
DOC_E81D7855B765,L24231GJ1982PLC005012,GST_TAXPAYER_DATA,GST Public Taxpayer Registration - GUJARAT BINIL CHEMICALS LTD,GST Council Public Portal,2026-01-15,https://www.mca.gov.in/mcafast/companyMasterData.do?cin=L24231GJ1982PLC005012,documents/GUJARAT BINIL CHEMICALS LTD/GST_Place_of_Business_Registration.pdf,2dd61826ffdf83a9ce3b6e5c4708c492a783ea55a0e82d757c73a556a8339a0d,2026-08-26T17:30:00Z
DOC_889BBACD8483,L24231GJ1985PLC007664,COMPANY_MASTER_DATA,Company Master Data Record - ZORA PHARMA LIMITED,Ministry of Corporate Affairs (MCA),2026-08-26,https://www.mca.gov.in/mcafast/companyMasterData.do?cin=L24231GJ1985PLC007664,documents/ZORA PHARMA LIMITED/Company_Master_Data.pdf,183cd5c2c83e91ad841ddc7b23165d0b02ba645e986f502badd70f7195fca3f2,2026-08-26T17:30:00Z
DOC_911EF32FD871,L24231GJ1985PLC007664,FINANCIAL_STATEMENT,Form AOC-4 Financial Statements FY 2024-25 - ZORA PHARMA LIMITED,MCA Corporate Filings,2025-03-31,https://www.mca.gov.in/mcafast/companyMasterData.do?cin=L24231GJ1985PLC007664,documents/ZORA PHARMA LIMITED/AOC-4_Financial_Statements_FY25.pdf,bfa3ca745cc869f6ac48de478ee6d047163c9db5232bf45a0795d0c50404ff53,2026-08-26T17:30:00Z
DOC_9B920BCA36EB,L24231GJ1985PLC007664,ANNUAL_RETURN,Form MGT-7 Annual Return FY 2024-25 - ZORA PHARMA LIMITED,MCA Corporate Filings,2025-09-30,https://www.mca.gov.in/mcafast/companyMasterData.do?cin=L24231GJ1985PLC007664,documents/ZORA PHARMA LIMITED/MGT-7_Annual_Return_FY25.pdf,8e0f0825b4acc02d54f28df6d7f55fe46d377e0530ee32bdfdd26cb5220d5854,2026-08-26T17:30:00Z
DOC_7F3421679026,L24231GJ1985PLC007664,DIRECTOR_KMP_CHANGES,Form DIR-12 Director Particulars & KMP - ZORA PHARMA LIMITED,MCA Corporate Filings,2024-10-12,https://www.mca.gov.in/mcafast/companyMasterData.do?cin=L24231GJ1985PLC007664,documents/ZORA PHARMA LIMITED/DIR-12_Director_Records.pdf,ea5edca4a30bc1a6f74c9cc2de25afb533649c63d9e36dee130097b15d984448,2026-08-26T17:30:00Z
DOC_CB8D87B8EE7C,L24231GJ1985PLC007664,AUDITOR_APPOINTMENT,Form ADT-1 Auditor Appointment Resolution - ZORA PHARMA LIMITED,MCA Corporate Filings,2024-09-25,https://www.mca.gov.in/mcafast/companyMasterData.do?cin=L24231GJ1985PLC007664,documents/ZORA PHARMA LIMITED/ADT-1_Auditor_Appointment.pdf,cf7786af57c5c127585c514cfcdf90167fc5891db33a18a2b0869fac9a89291c,2026-08-26T17:30:00Z
DOC_09BC6C216152,L24231GJ1985PLC007664,REGISTERED_OFFICE,Form INC-22 Registered Office Proof - ZORA PHARMA LIMITED,MCA Corporate Filings,2023-04-18,https://www.mca.gov.in/mcafast/companyMasterData.do?cin=L24231GJ1985PLC007664,documents/ZORA PHARMA LIMITED/INC-22_Registered_Office_Proof.pdf,58369d509d636e2a26a669242c54b26a99198c37710fd1dd5be0cfe8871e9c19,2026-08-26T17:30:00Z
DOC_BF1A8CC4B65C,L24231GJ1985PLC007664,RESOLUTIONS_AGREEMENTS,Form MGT-14 Special Resolutions - ZORA PHARMA LIMITED,MCA Corporate Filings,2024-02-14,https://www.mca.gov.in/mcafast/companyMasterData.do?cin=L24231GJ1985PLC007664,documents/ZORA PHARMA LIMITED/MGT-14_Special_Resolutions.pdf,8344c9d55334f7968bb36ff51538e92ed8e3b8ca90355aece861907dd32aa93e,2026-08-26T17:30:00Z
DOC_B8D122DB51D7,L24231GJ1985PLC007664,GST_TAXPAYER_DATA,GST Public Taxpayer Registration - ZORA PHARMA LIMITED,GST Council Public Portal,2026-01-15,https://www.mca.gov.in/mcafast/companyMasterData.do?cin=L24231GJ1985PLC007664,documents/ZORA PHARMA LIMITED/GST_Place_of_Business_Registration.pdf,5c24944daa649095381d052abe4e75a171c292f2523ffa8a40e15db3752441eb,2026-08-26T17:30:00Z
DOC_FA2F581A21BA,L24240GJ1985PLC008282,COMPANY_MASTER_DATA,Company Master Data Record - PARAMOUNT COSMETICS (INDIA) LIMITED,Ministry of Corporate Affairs (MCA),2026-08-26,https://www.mca.gov.in/mcafast/companyMasterData.do?cin=L24240GJ1985PLC008282,documents/PARAMOUNT COSMETICS (INDIA) LIMITED/Company_Master_Data.pdf,19439784a0c3b69419d3742c6bc9bae00655e7d04a0ca51c0ff8032c8d89695f,2026-08-26T17:30:00Z
DOC_236BF6CC6B65,L24240GJ1985PLC008282,FINANCIAL_STATEMENT,Form AOC-4 Financial Statements FY 2024-25 - PARAMOUNT COSMETICS (INDIA) LIMITED,MCA Corporate Filings,2025-03-31,https://www.mca.gov.in/mcafast/companyMasterData.do?cin=L24240GJ1985PLC008282,documents/PARAMOUNT COSMETICS (INDIA) LIMITED/AOC-4_Financial_Statements_FY25.pdf,dbef34db95a94950a652c808d5513137ddb81fc5bea11082cb2d298b32ebc2f4,2026-08-26T17:30:00Z
DOC_F4CAE8ED6B51,L24240GJ1985PLC008282,ANNUAL_RETURN,Form MGT-7 Annual Return FY 2024-25 - PARAMOUNT COSMETICS (INDIA) LIMITED,MCA Corporate Filings,2025-09-30,https://www.mca.gov.in/mcafast/companyMasterData.do?cin=L24240GJ1985PLC008282,documents/PARAMOUNT COSMETICS (INDIA) LIMITED/MGT-7_Annual_Return_FY25.pdf,aa5be358af38a9e4512a1f18a1570022c74d2251d8723d7584895b30c18ba99b,2026-08-26T17:30:00Z
DOC_51401834E77D,L24240GJ1985PLC008282,DIRECTOR_KMP_CHANGES,Form DIR-12 Director Particulars & KMP - PARAMOUNT COSMETICS (INDIA) LIMITED,MCA Corporate Filings,2024-10-12,https://www.mca.gov.in/mcafast/companyMasterData.do?cin=L24240GJ1985PLC008282,documents/PARAMOUNT COSMETICS (INDIA) LIMITED/DIR-12_Director_Records.pdf,399bfec3c2ce144939c27b81dae88890ad3010f1c79f6cbd4845655f5beb4db7,2026-08-26T17:30:00Z
DOC_0A9ACF07B7BB,L24240GJ1985PLC008282,AUDITOR_APPOINTMENT,Form ADT-1 Auditor Appointment Resolution - PARAMOUNT COSMETICS (INDIA) LIMITED,MCA Corporate Filings,2024-09-25,https://www.mca.gov.in/mcafast/companyMasterData.do?cin=L24240GJ1985PLC008282,documents/PARAMOUNT COSMETICS (INDIA) LIMITED/ADT-1_Auditor_Appointment.pdf,e1d68b70006e9cb3ba4c89735629f96c2c5c90382b0cc99e6f0dbf96e18936ac,2026-08-26T17:30:00Z
DOC_0B2A49569ED6,L24240GJ1985PLC008282,REGISTERED_OFFICE,Form INC-22 Registered Office Proof - PARAMOUNT COSMETICS (INDIA) LIMITED,MCA Corporate Filings,2023-04-18,https://www.mca.gov.in/mcafast/companyMasterData.do?cin=L24240GJ1985PLC008282,documents/PARAMOUNT COSMETICS (INDIA) LIMITED/INC-22_Registered_Office_Proof.pdf,519d6dc4a24201a3b0209bd3ea90ead03b947b38ff7f54a808c7ada558b2b31b,2026-08-26T17:30:00Z
DOC_0D4EBB7C3C09,L24240GJ1985PLC008282,RESOLUTIONS_AGREEMENTS,Form MGT-14 Special Resolutions - PARAMOUNT COSMETICS (INDIA) LIMITED,MCA Corporate Filings,2024-02-14,https://www.mca.gov.in/mcafast/companyMasterData.do?cin=L24240GJ1985PLC008282,documents/PARAMOUNT COSMETICS (INDIA) LIMITED/MGT-14_Special_Resolutions.pdf,3a0415fd66599f012c45a861b4d109794cf7cbf0d905df97ba6147d5247abe73,2026-08-26T17:30:00Z
DOC_4A74A4FA7B77,L24240GJ1985PLC008282,GST_TAXPAYER_DATA,GST Public Taxpayer Registration - PARAMOUNT COSMETICS (INDIA) LIMITED,GST Council Public Portal,2026-01-15,https://www.mca.gov.in/mcafast/companyMasterData.do?cin=L24240GJ1985PLC008282,documents/PARAMOUNT COSMETICS (INDIA) LIMITED/GST_Place_of_Business_Registration.pdf,5b19359d9a53d9eae9b95e8c79fd1b83edd5f2a0f617b9c4feaa3b8739c974f8,2026-08-26T17:30:00Z
DOC_6128DB21204F,L24294GJ1982PLC048201,COMPANY_MASTER_DATA,Company Master Data Record - INDIA POLYFIBRES LIMITED.,Ministry of Corporate Affairs (MCA),2026-08-26,https://www.mca.gov.in/mcafast/companyMasterData.do?cin=L24294GJ1982PLC048201,documents/INDIA POLYFIBRES LIMITED./Company_Master_Data.pdf,baa8bfb8b998b009e00549fe93af13471e08fbd2f2f4f917a636b98f1754b88f,2026-08-26T17:30:00Z
DOC_C9110EF3A35D,L24294GJ1982PLC048201,FINANCIAL_STATEMENT,Form AOC-4 Financial Statements FY 2024-25 - INDIA POLYFIBRES LIMITED.,MCA Corporate Filings,2025-03-31,https://www.mca.gov.in/mcafast/companyMasterData.do?cin=L24294GJ1982PLC048201,documents/INDIA POLYFIBRES LIMITED./AOC-4_Financial_Statements_FY25.pdf,79872bd20f1309fadff30f593e8b985db341fb847e02c42a1178b39a0e6dd80f,2026-08-26T17:30:00Z
DOC_4F4503255AA4,L24294GJ1982PLC048201,ANNUAL_RETURN,Form MGT-7 Annual Return FY 2024-25 - INDIA POLYFIBRES LIMITED.,MCA Corporate Filings,2025-09-30,https://www.mca.gov.in/mcafast/companyMasterData.do?cin=L24294GJ1982PLC048201,documents/INDIA POLYFIBRES LIMITED./MGT-7_Annual_Return_FY25.pdf,2e1c87cc5459dce7761650ed228881c174d7d6cf0ab60fbe017692f6f72d3c13,2026-08-26T17:30:00Z
DOC_AC680730202C,L24294GJ1982PLC048201,DIRECTOR_KMP_CHANGES,Form DIR-12 Director Particulars & KMP - INDIA POLYFIBRES LIMITED.,MCA Corporate Filings,2024-10-12,https://www.mca.gov.in/mcafast/companyMasterData.do?cin=L24294GJ1982PLC048201,documents/INDIA POLYFIBRES LIMITED./DIR-12_Director_Records.pdf,5473f0f25d2c2f9239d99d42c8a3d15b287ddacfdfab65f162985d9ace4d1880,2026-08-26T17:30:00Z
DOC_125DCDAB2B78,L24294GJ1982PLC048201,AUDITOR_APPOINTMENT,Form ADT-1 Auditor Appointment Resolution - INDIA POLYFIBRES LIMITED.,MCA Corporate Filings,2024-09-25,https://www.mca.gov.in/mcafast/companyMasterData.do?cin=L24294GJ1982PLC048201,documents/INDIA POLYFIBRES LIMITED./ADT-1_Auditor_Appointment.pdf,4d16ee7f4ab5fe42fe298c431b6d85d53be0347db098f546700d4e2dc17f5b2c,2026-08-26T17:30:00Z
DOC_1475D54BD0E1,L24294GJ1982PLC048201,REGISTERED_OFFICE,Form INC-22 Registered Office Proof - INDIA POLYFIBRES LIMITED.,MCA Corporate Filings,2023-04-18,https://www.mca.gov.in/mcafast/companyMasterData.do?cin=L24294GJ1982PLC048201,documents/INDIA POLYFIBRES LIMITED./INC-22_Registered_Office_Proof.pdf,a5180fd6060784467b427f4231d35651c6b28111c0139a674226760b76fb4187,2026-08-26T17:30:00Z
DOC_7FEBF5CE1CAC,L24294GJ1982PLC048201,RESOLUTIONS_AGREEMENTS,Form MGT-14 Special Resolutions - INDIA POLYFIBRES LIMITED.,MCA Corporate Filings,2024-02-14,https://www.mca.gov.in/mcafast/companyMasterData.do?cin=L24294GJ1982PLC048201,documents/INDIA POLYFIBRES LIMITED./MGT-14_Special_Resolutions.pdf,eb975ee07796f8e13e2bd166f5a258870b6b0b32b7439c3fb8251d4f7bb03748,2026-08-26T17:30:00Z
DOC_CF463BA986C4,L24294GJ1982PLC048201,GST_TAXPAYER_DATA,GST Public Taxpayer Registration - INDIA POLYFIBRES LIMITED.,GST Council Public Portal,2026-01-15,https://www.mca.gov.in/mcafast/companyMasterData.do?cin=L24294GJ1982PLC048201,documents/INDIA POLYFIBRES LIMITED./GST_Place_of_Business_Registration.pdf,eca4fc6cb9c712272275ce32e8677c933b13a42f0ab1bc65fd4fead49484d2ed,2026-08-26T17:30:00Z
DOC_517E9BA0D119,L24299GJ1982PLC005425,COMPANY_MASTER_DATA,Company Master Data Record - ECLAT CHEMICALS LIMITED,Ministry of Corporate Affairs (MCA),2026-08-26,https://www.mca.gov.in/mcafast/companyMasterData.do?cin=L24299GJ1982PLC005425,documents/ECLAT CHEMICALS LIMITED/Company_Master_Data.pdf,c5d32de0d848b727d538c612deb029baf1e24e7003575cf726495846111d37b3,2026-08-26T17:30:00Z
DOC_C7D4B9BADE62,L24299GJ1982PLC005425,FINANCIAL_STATEMENT,Form AOC-4 Financial Statements FY 2024-25 - ECLAT CHEMICALS LIMITED,MCA Corporate Filings,2025-03-31,https://www.mca.gov.in/mcafast/companyMasterData.do?cin=L24299GJ1982PLC005425,documents/ECLAT CHEMICALS LIMITED/AOC-4_Financial_Statements_FY25.pdf,a30c8f4a5a58de35dc9ff6ec6629e5b39f88bb94d43b4acffba1b348726db1a7,2026-08-26T17:30:00Z
DOC_AE443398BE0F,L24299GJ1982PLC005425,ANNUAL_RETURN,Form MGT-7 Annual Return FY 2024-25 - ECLAT CHEMICALS LIMITED,MCA Corporate Filings,2025-09-30,https://www.mca.gov.in/mcafast/companyMasterData.do?cin=L24299GJ1982PLC005425,documents/ECLAT CHEMICALS LIMITED/MGT-7_Annual_Return_FY25.pdf,7be455c4991ec255f9ca9d18efe5963d493c17395a62ceacd1564830bc10a088,2026-08-26T17:30:00Z
DOC_CB69942C5CAD,L24299GJ1982PLC005425,DIRECTOR_KMP_CHANGES,Form DIR-12 Director Particulars & KMP - ECLAT CHEMICALS LIMITED,MCA Corporate Filings,2024-10-12,https://www.mca.gov.in/mcafast/companyMasterData.do?cin=L24299GJ1982PLC005425,documents/ECLAT CHEMICALS LIMITED/DIR-12_Director_Records.pdf,dbbcc1a8e86b0f4e435cd111c89dccd102bef8f894fd989db20bbd61b553d543,2026-08-26T17:30:00Z
DOC_D396CF93CA27,L24299GJ1982PLC005425,AUDITOR_APPOINTMENT,Form ADT-1 Auditor Appointment Resolution - ECLAT CHEMICALS LIMITED,MCA Corporate Filings,2024-09-25,https://www.mca.gov.in/mcafast/companyMasterData.do?cin=L24299GJ1982PLC005425,documents/ECLAT CHEMICALS LIMITED/ADT-1_Auditor_Appointment.pdf,d85185379abb1eba23031af9b9948330323654a1ad5a51b98fbd4097e6c63655,2026-08-26T17:30:00Z
DOC_5871EA93C561,L24299GJ1982PLC005425,REGISTERED_OFFICE,Form INC-22 Registered Office Proof - ECLAT CHEMICALS LIMITED,MCA Corporate Filings,2023-04-18,https://www.mca.gov.in/mcafast/companyMasterData.do?cin=L24299GJ1982PLC005425,documents/ECLAT CHEMICALS LIMITED/INC-22_Registered_Office_Proof.pdf,c349a99b6836d70aad77d0739ac45f2cf41970b4e4dc342829bba1f4fee51cdb,2026-08-26T17:30:00Z
DOC_77A5970F691E,L24299GJ1982PLC005425,RESOLUTIONS_AGREEMENTS,Form MGT-14 Special Resolutions - ECLAT CHEMICALS LIMITED,MCA Corporate Filings,2024-02-14,https://www.mca.gov.in/mcafast/companyMasterData.do?cin=L24299GJ1982PLC005425,documents/ECLAT CHEMICALS LIMITED/MGT-14_Special_Resolutions.pdf,d98d0d955ac42bc1cfa5ae8c2b89b97b2723b63af83d3f6cdd500bb8e077b650,2026-08-26T17:30:00Z
DOC_FCC92D82C787,L24299GJ1982PLC005425,GST_TAXPAYER_DATA,GST Public Taxpayer Registration - ECLAT CHEMICALS LIMITED,GST Council Public Portal,2026-01-15,https://www.mca.gov.in/mcafast/companyMasterData.do?cin=L24299GJ1982PLC005425,documents/ECLAT CHEMICALS LIMITED/GST_Place_of_Business_Registration.pdf,dc5522d5cc37c7a0db4f6f45f4f10437a5362b979e602a389c1b9af0d0c0edaf,2026-08-26T17:30:00Z
DOC_6165E632F27A,L25199GJ1986PLC009071,COMPANY_MASTER_DATA,Company Master Data Record - TIRUPATI FOAM LTD,Ministry of Corporate Affairs (MCA),2026-08-26,https://www.mca.gov.in/mcafast/companyMasterData.do?cin=L25199GJ1986PLC009071,documents/TIRUPATI FOAM LTD/Company_Master_Data.pdf,14bbf065c513646e094b5ab873240ac4c9685069e1380923aaabcf9f23a69923,2026-08-26T17:30:00Z
DOC_BB6F2BB1F505,L25199GJ1986PLC009071,FINANCIAL_STATEMENT,Form AOC-4 Financial Statements FY 2024-25 - TIRUPATI FOAM LTD,MCA Corporate Filings,2025-03-31,https://www.mca.gov.in/mcafast/companyMasterData.do?cin=L25199GJ1986PLC009071,documents/TIRUPATI FOAM LTD/AOC-4_Financial_Statements_FY25.pdf,b7913165a31ba37f2bc1f00472b380b3d972f575cdea6b87bb093b83bd460235,2026-08-26T17:30:00Z
DOC_BC69BEA5F13F,L25199GJ1986PLC009071,ANNUAL_RETURN,Form MGT-7 Annual Return FY 2024-25 - TIRUPATI FOAM LTD,MCA Corporate Filings,2025-09-30,https://www.mca.gov.in/mcafast/companyMasterData.do?cin=L25199GJ1986PLC009071,documents/TIRUPATI FOAM LTD/MGT-7_Annual_Return_FY25.pdf,c2646b8755ce55fa22960b16da07197c72e4de7d8d7653c9460ea6f2388f5fcf,2026-08-26T17:30:00Z
DOC_B7CCED4C29B8,L25199GJ1986PLC009071,DIRECTOR_KMP_CHANGES,Form DIR-12 Director Particulars & KMP - TIRUPATI FOAM LTD,MCA Corporate Filings,2024-10-12,https://www.mca.gov.in/mcafast/companyMasterData.do?cin=L25199GJ1986PLC009071,documents/TIRUPATI FOAM LTD/DIR-12_Director_Records.pdf,9b310f007d676cdc925d3ab9cde6c8c4c1745e58730039dc15493d6325ef6814,2026-08-26T17:30:00Z
DOC_0DFE3942165D,L25199GJ1986PLC009071,AUDITOR_APPOINTMENT,Form ADT-1 Auditor Appointment Resolution - TIRUPATI FOAM LTD,MCA Corporate Filings,2024-09-25,https://www.mca.gov.in/mcafast/companyMasterData.do?cin=L25199GJ1986PLC009071,documents/TIRUPATI FOAM LTD/ADT-1_Auditor_Appointment.pdf,5409fbd3748063a02781f9ab1243f580c44ee6c3d942c6c57c9f4b1ad4574793,2026-08-26T17:30:00Z
DOC_C191E185E70B,L25199GJ1986PLC009071,REGISTERED_OFFICE,Form INC-22 Registered Office Proof - TIRUPATI FOAM LTD,MCA Corporate Filings,2023-04-18,https://www.mca.gov.in/mcafast/companyMasterData.do?cin=L25199GJ1986PLC009071,documents/TIRUPATI FOAM LTD/INC-22_Registered_Office_Proof.pdf,99d3f902653f39eee61ac1f2972323934d9eeb9e38d90d649a0718cb63cf5a95,2026-08-26T17:30:00Z
DOC_6124F6C82EAF,L25199GJ1986PLC009071,RESOLUTIONS_AGREEMENTS,Form MGT-14 Special Resolutions - TIRUPATI FOAM LTD,MCA Corporate Filings,2024-02-14,https://www.mca.gov.in/mcafast/companyMasterData.do?cin=L25199GJ1986PLC009071,documents/TIRUPATI FOAM LTD/MGT-14_Special_Resolutions.pdf,8fdabbb3b728712f8c468956ef9d639439286dfb34663d955dc69f1516750cb8,2026-08-26T17:30:00Z
DOC_699FB23CFD5A,L25199GJ1986PLC009071,GST_TAXPAYER_DATA,GST Public Taxpayer Registration - TIRUPATI FOAM LTD,GST Council Public Portal,2026-01-15,https://www.mca.gov.in/mcafast/companyMasterData.do?cin=L25199GJ1986PLC009071,documents/TIRUPATI FOAM LTD/GST_Place_of_Business_Registration.pdf,b841c654a33cdb5e6ae60707fb1912ca5f73fe557f902c63ccf8dc9c6bcc5396,2026-08-26T17:30:00Z
DOC_3F61131DFA12,L25200GJ1984PLC050560,COMPANY_MASTER_DATA,Company Master Data Record - GOPALA POLYPLAST LTD,Ministry of Corporate Affairs (MCA),2026-08-26,https://www.mca.gov.in/mcafast/companyMasterData.do?cin=L25200GJ1984PLC050560,documents/GOPALA POLYPLAST LTD/Company_Master_Data.pdf,f2d8b191bc3c5bb524765d1f1fc218a3e310d42907adf50830b608eb08f6901f,2026-08-26T17:30:00Z
DOC_BE07F9C3979F,L25200GJ1984PLC050560,FINANCIAL_STATEMENT,Form AOC-4 Financial Statements FY 2024-25 - GOPALA POLYPLAST LTD,MCA Corporate Filings,2025-03-31,https://www.mca.gov.in/mcafast/companyMasterData.do?cin=L25200GJ1984PLC050560,documents/GOPALA POLYPLAST LTD/AOC-4_Financial_Statements_FY25.pdf,ee6eef04d6e9712ada7939f1c34a33282622f452f9ba4f1702a336fa23c0fb2c,2026-08-26T17:30:00Z
DOC_75AC03C778B3,L25200GJ1984PLC050560,ANNUAL_RETURN,Form MGT-7 Annual Return FY 2024-25 - GOPALA POLYPLAST LTD,MCA Corporate Filings,2025-09-30,https://www.mca.gov.in/mcafast/companyMasterData.do?cin=L25200GJ1984PLC050560,documents/GOPALA POLYPLAST LTD/MGT-7_Annual_Return_FY25.pdf,2ffa0ff11523c41b8b3715b912675bee69d449be52b3bfde265ea735261b958c,2026-08-26T17:30:00Z
DOC_F4AC9D170DB5,L25200GJ1984PLC050560,DIRECTOR_KMP_CHANGES,Form DIR-12 Director Particulars & KMP - GOPALA POLYPLAST LTD,MCA Corporate Filings,2024-10-12,https://www.mca.gov.in/mcafast/companyMasterData.do?cin=L25200GJ1984PLC050560,documents/GOPALA POLYPLAST LTD/DIR-12_Director_Records.pdf,13dff2086deaa18acc792de6b50f0a2be5317cfa9c5cb2ced8905f3a9dd8656f,2026-08-26T17:30:00Z
DOC_F0C1F1AABBAB,L25200GJ1984PLC050560,AUDITOR_APPOINTMENT,Form ADT-1 Auditor Appointment Resolution - GOPALA POLYPLAST LTD,MCA Corporate Filings,2024-09-25,https://www.mca.gov.in/mcafast/companyMasterData.do?cin=L25200GJ1984PLC050560,documents/GOPALA POLYPLAST LTD/ADT-1_Auditor_Appointment.pdf,340cb8682715a17c7469a58ebc9186228f79b1ffedc3997f8524b6acb8626353,2026-08-26T17:30:00Z
DOC_6EB6088F14D7,L25200GJ1984PLC050560,REGISTERED_OFFICE,Form INC-22 Registered Office Proof - GOPALA POLYPLAST LTD,MCA Corporate Filings,2023-04-18,https://www.mca.gov.in/mcafast/companyMasterData.do?cin=L25200GJ1984PLC050560,documents/GOPALA POLYPLAST LTD/INC-22_Registered_Office_Proof.pdf,ea6457b90839b2b6c169408b23db96ed08b5ae4e9d326190240577becbdb362f,2026-08-26T17:30:00Z
DOC_E322046323BA,L25200GJ1984PLC050560,RESOLUTIONS_AGREEMENTS,Form MGT-14 Special Resolutions - GOPALA POLYPLAST LTD,MCA Corporate Filings,2024-02-14,https://www.mca.gov.in/mcafast/companyMasterData.do?cin=L25200GJ1984PLC050560,documents/GOPALA POLYPLAST LTD/MGT-14_Special_Resolutions.pdf,e0b933ef8ec27d89dd49993c849fcac80d57f3befa3fb3a7e38f583d43f05bb7,2026-08-26T17:30:00Z
DOC_4C61AA0AD8C3,L25200GJ1984PLC050560,GST_TAXPAYER_DATA,GST Public Taxpayer Registration - GOPALA POLYPLAST LTD,GST Council Public Portal,2026-01-15,https://www.mca.gov.in/mcafast/companyMasterData.do?cin=L25200GJ1984PLC050560,documents/GOPALA POLYPLAST LTD/GST_Place_of_Business_Registration.pdf,b4e8a52aa2500ada193ba798bff8e134510cda1d4a9119aea89e8836ed39cafd,2026-08-26T17:30:00Z
DOC_BE595985FE01,L25200GJ1985PLC007746,COMPANY_MASTER_DATA,Company Master Data Record - PROMACT IMPEX LIMITED,Ministry of Corporate Affairs (MCA),2026-08-26,https://www.mca.gov.in/mcafast/companyMasterData.do?cin=L25200GJ1985PLC007746,documents/PROMACT IMPEX LIMITED/Company_Master_Data.pdf,72097df8a6188f7174a0d6ab5159ca443f0255b3d7d1d558fc3b850f4658415b,2026-08-26T17:30:00Z
DOC_E70563933035,L25200GJ1985PLC007746,FINANCIAL_STATEMENT,Form AOC-4 Financial Statements FY 2024-25 - PROMACT IMPEX LIMITED,MCA Corporate Filings,2025-03-31,https://www.mca.gov.in/mcafast/companyMasterData.do?cin=L25200GJ1985PLC007746,documents/PROMACT IMPEX LIMITED/AOC-4_Financial_Statements_FY25.pdf,fd089dd4cbe8bb4cddf08a1318d2bd204282ae5eda84b235e4bfedfc24ebbe6d,2026-08-26T17:30:00Z
DOC_8C5962010F97,L25200GJ1985PLC007746,ANNUAL_RETURN,Form MGT-7 Annual Return FY 2024-25 - PROMACT IMPEX LIMITED,MCA Corporate Filings,2025-09-30,https://www.mca.gov.in/mcafast/companyMasterData.do?cin=L25200GJ1985PLC007746,documents/PROMACT IMPEX LIMITED/MGT-7_Annual_Return_FY25.pdf,9133736eac976300c84a8d13a0855a9592b2d985985a91b38f2282674811902b,2026-08-26T17:30:00Z
DOC_4345B0828B27,L25200GJ1985PLC007746,DIRECTOR_KMP_CHANGES,Form DIR-12 Director Particulars & KMP - PROMACT IMPEX LIMITED,MCA Corporate Filings,2024-10-12,https://www.mca.gov.in/mcafast/companyMasterData.do?cin=L25200GJ1985PLC007746,documents/PROMACT IMPEX LIMITED/DIR-12_Director_Records.pdf,e2d15a3f7e44b383d8bc620df13c108103be37d6031d1bac1b93c150a1f54286,2026-08-26T17:30:00Z
DOC_CA55529D3CB8,L25200GJ1985PLC007746,AUDITOR_APPOINTMENT,Form ADT-1 Auditor Appointment Resolution - PROMACT IMPEX LIMITED,MCA Corporate Filings,2024-09-25,https://www.mca.gov.in/mcafast/companyMasterData.do?cin=L25200GJ1985PLC007746,documents/PROMACT IMPEX LIMITED/ADT-1_Auditor_Appointment.pdf,45919ddc3402856581d230fb2fdd5fef048ab98a809f66f5787a8e907ec417fe,2026-08-26T17:30:00Z
DOC_0B845029E652,L25200GJ1985PLC007746,REGISTERED_OFFICE,Form INC-22 Registered Office Proof - PROMACT IMPEX LIMITED,MCA Corporate Filings,2023-04-18,https://www.mca.gov.in/mcafast/companyMasterData.do?cin=L25200GJ1985PLC007746,documents/PROMACT IMPEX LIMITED/INC-22_Registered_Office_Proof.pdf,092298e2503de8d7af87eced1baf4c85b135a7c90439d1557fa688a09a3d4a5d,2026-08-26T17:30:00Z
DOC_5633D8052B48,L25200GJ1985PLC007746,RESOLUTIONS_AGREEMENTS,Form MGT-14 Special Resolutions - PROMACT IMPEX LIMITED,MCA Corporate Filings,2024-02-14,https://www.mca.gov.in/mcafast/companyMasterData.do?cin=L25200GJ1985PLC007746,documents/PROMACT IMPEX LIMITED/MGT-14_Special_Resolutions.pdf,077d6cce4686b065953ecf141768af30c4b35e55f03d0067509c3f5e06498c75,2026-08-26T17:30:00Z
DOC_86CCBBDDE93A,L25200GJ1985PLC007746,GST_TAXPAYER_DATA,GST Public Taxpayer Registration - PROMACT IMPEX LIMITED,GST Council Public Portal,2026-01-15,https://www.mca.gov.in/mcafast/companyMasterData.do?cin=L25200GJ1985PLC007746,documents/PROMACT IMPEX LIMITED/GST_Place_of_Business_Registration.pdf,a3999869af6f8168a30b0367c920a23a3048ab8836f24a9b0096be349d9b4248,2026-08-26T17:30:00Z
DOC_5169B4BC41E5,L25209GJ1984PLC007252,COMPANY_MASTER_DATA,Company Master Data Record - NEELNANDAN POLYMERS LIMITED,Ministry of Corporate Affairs (MCA),2026-08-26,https://www.mca.gov.in/mcafast/companyMasterData.do?cin=L25209GJ1984PLC007252,documents/NEELNANDAN POLYMERS LIMITED/Company_Master_Data.pdf,7e3614880ef32573bc40090ef73cfd1a69dec3d7582821a51c837af074cc1d1d,2026-08-26T17:30:00Z
DOC_F2D1CFE628A7,L25209GJ1984PLC007252,FINANCIAL_STATEMENT,Form AOC-4 Financial Statements FY 2024-25 - NEELNANDAN POLYMERS LIMITED,MCA Corporate Filings,2025-03-31,https://www.mca.gov.in/mcafast/companyMasterData.do?cin=L25209GJ1984PLC007252,documents/NEELNANDAN POLYMERS LIMITED/AOC-4_Financial_Statements_FY25.pdf,3a6953a804b917de65fcbde5df35906297d7b2c099a90030df33dc532b746647,2026-08-26T17:30:00Z
DOC_70205CA18B13,L25209GJ1984PLC007252,ANNUAL_RETURN,Form MGT-7 Annual Return FY 2024-25 - NEELNANDAN POLYMERS LIMITED,MCA Corporate Filings,2025-09-30,https://www.mca.gov.in/mcafast/companyMasterData.do?cin=L25209GJ1984PLC007252,documents/NEELNANDAN POLYMERS LIMITED/MGT-7_Annual_Return_FY25.pdf,4857bd2dc6193959b2a7e53554efac288ccf0013c2ebb3c82002175f6c063f6b,2026-08-26T17:30:00Z
DOC_E6D3746EF0EE,L25209GJ1984PLC007252,DIRECTOR_KMP_CHANGES,Form DIR-12 Director Particulars & KMP - NEELNANDAN POLYMERS LIMITED,MCA Corporate Filings,2024-10-12,https://www.mca.gov.in/mcafast/companyMasterData.do?cin=L25209GJ1984PLC007252,documents/NEELNANDAN POLYMERS LIMITED/DIR-12_Director_Records.pdf,91ebc799870bb3c01bf840a2815061d1660834081bc9da45b9585700c96fdaed,2026-08-26T17:30:00Z
DOC_A4863BD50E7A,L25209GJ1984PLC007252,AUDITOR_APPOINTMENT,Form ADT-1 Auditor Appointment Resolution - NEELNANDAN POLYMERS LIMITED,MCA Corporate Filings,2024-09-25,https://www.mca.gov.in/mcafast/companyMasterData.do?cin=L25209GJ1984PLC007252,documents/NEELNANDAN POLYMERS LIMITED/ADT-1_Auditor_Appointment.pdf,ed262ef816a96e5f1d7bf798858c1701a7b7f7e11bea362e0001ddec4f30da03,2026-08-26T17:30:00Z
DOC_2C5386F0CD36,L25209GJ1984PLC007252,REGISTERED_OFFICE,Form INC-22 Registered Office Proof - NEELNANDAN POLYMERS LIMITED,MCA Corporate Filings,2023-04-18,https://www.mca.gov.in/mcafast/companyMasterData.do?cin=L25209GJ1984PLC007252,documents/NEELNANDAN POLYMERS LIMITED/INC-22_Registered_Office_Proof.pdf,8cd5d1b9235b980a4b10c66352c5516f39a20a11ffc1d4eb2a5cddd82c4d4881,2026-08-26T17:30:00Z
DOC_1A02AB8BA87B,L25209GJ1984PLC007252,RESOLUTIONS_AGREEMENTS,Form MGT-14 Special Resolutions - NEELNANDAN POLYMERS LIMITED,MCA Corporate Filings,2024-02-14,https://www.mca.gov.in/mcafast/companyMasterData.do?cin=L25209GJ1984PLC007252,documents/NEELNANDAN POLYMERS LIMITED/MGT-14_Special_Resolutions.pdf,3a45a510d48ea2e06cb08b23386a53609ef46bbca85aae56b3f9408a4fbb4b21,2026-08-26T17:30:00Z
DOC_285DE541CCC2,L25209GJ1984PLC007252,GST_TAXPAYER_DATA,GST Public Taxpayer Registration - NEELNANDAN POLYMERS LIMITED,GST Council Public Portal,2026-01-15,https://www.mca.gov.in/mcafast/companyMasterData.do?cin=L25209GJ1984PLC007252,documents/NEELNANDAN POLYMERS LIMITED/GST_Place_of_Business_Registration.pdf,c9985c9c707b88a3318315b0459d254e64221fbe992af7bd67c488343ab3986d,2026-08-26T17:30:00Z
DOC_64651592D843,L25209GJ1986PLC009021,COMPANY_MASTER_DATA,Company Master Data Record - TIRTH PLASTIC LIMITED,Ministry of Corporate Affairs (MCA),2026-08-26,https://www.mca.gov.in/mcafast/companyMasterData.do?cin=L25209GJ1986PLC009021,documents/TIRTH PLASTIC LIMITED/Company_Master_Data.pdf,759a5137c4dac4df158d5582ac80996931c640922d05e8e3fb8e44a1b6d8d00e,2026-08-26T17:30:00Z
DOC_C95A43D381EC,L25209GJ1986PLC009021,FINANCIAL_STATEMENT,Form AOC-4 Financial Statements FY 2024-25 - TIRTH PLASTIC LIMITED,MCA Corporate Filings,2025-03-31,https://www.mca.gov.in/mcafast/companyMasterData.do?cin=L25209GJ1986PLC009021,documents/TIRTH PLASTIC LIMITED/AOC-4_Financial_Statements_FY25.pdf,6d2373d569bb8a783ea426576c3550e4b9932e976e96d2658274dd73ae28f11c,2026-08-26T17:30:00Z
DOC_35F266E629AC,L25209GJ1986PLC009021,ANNUAL_RETURN,Form MGT-7 Annual Return FY 2024-25 - TIRTH PLASTIC LIMITED,MCA Corporate Filings,2025-09-30,https://www.mca.gov.in/mcafast/companyMasterData.do?cin=L25209GJ1986PLC009021,documents/TIRTH PLASTIC LIMITED/MGT-7_Annual_Return_FY25.pdf,6456f3314a0e73e5a358f4df09efe71e34119ec08b2829c205cd825cc9d7a808,2026-08-26T17:30:00Z
DOC_1D041B4771FA,L25209GJ1986PLC009021,DIRECTOR_KMP_CHANGES,Form DIR-12 Director Particulars & KMP - TIRTH PLASTIC LIMITED,MCA Corporate Filings,2024-10-12,https://www.mca.gov.in/mcafast/companyMasterData.do?cin=L25209GJ1986PLC009021,documents/TIRTH PLASTIC LIMITED/DIR-12_Director_Records.pdf,b480761ef9a9f9baea3084ba22b59dfd659c64cfa90f379419b9142343c70bd4,2026-08-26T17:30:00Z
DOC_AE7191C4F23B,L25209GJ1986PLC009021,AUDITOR_APPOINTMENT,Form ADT-1 Auditor Appointment Resolution - TIRTH PLASTIC LIMITED,MCA Corporate Filings,2024-09-25,https://www.mca.gov.in/mcafast/companyMasterData.do?cin=L25209GJ1986PLC009021,documents/TIRTH PLASTIC LIMITED/ADT-1_Auditor_Appointment.pdf,4085b7dc1663e9c3144a9706937b9d8a76b1fc93ea378fe5cee167338d6b762d,2026-08-26T17:30:00Z
DOC_BE0F25B280C9,L25209GJ1986PLC009021,REGISTERED_OFFICE,Form INC-22 Registered Office Proof - TIRTH PLASTIC LIMITED,MCA Corporate Filings,2023-04-18,https://www.mca.gov.in/mcafast/companyMasterData.do?cin=L25209GJ1986PLC009021,documents/TIRTH PLASTIC LIMITED/INC-22_Registered_Office_Proof.pdf,60c1baa7f0c07fe73e280fb9af3ed187209670e924fabe44606c91f36e123909,2026-08-26T17:30:00Z
DOC_060567ECD154,L25209GJ1986PLC009021,RESOLUTIONS_AGREEMENTS,Form MGT-14 Special Resolutions - TIRTH PLASTIC LIMITED,MCA Corporate Filings,2024-02-14,https://www.mca.gov.in/mcafast/companyMasterData.do?cin=L25209GJ1986PLC009021,documents/TIRTH PLASTIC LIMITED/MGT-14_Special_Resolutions.pdf,9ad50a9ad5a00c94f7ac944f547777bb3930bf237bad26074091b634ee57d530,2026-08-26T17:30:00Z
DOC_CDC0CC4D1B16,L25209GJ1986PLC009021,GST_TAXPAYER_DATA,GST Public Taxpayer Registration - TIRTH PLASTIC LIMITED,GST Council Public Portal,2026-01-15,https://www.mca.gov.in/mcafast/companyMasterData.do?cin=L25209GJ1986PLC009021,documents/TIRTH PLASTIC LIMITED/GST_Place_of_Business_Registration.pdf,6c62fa62628a01f1cde5caea14481106df58cda1c1da0e625e25c64250ccc5c3,2026-08-26T17:30:00Z
DOC_373D2116C7AD,L26921GJ1985PLC008196,COMPANY_MASTER_DATA,Company Master Data Record - BELL CERAMICS LIMITED,Ministry of Corporate Affairs (MCA),2026-08-26,https://www.mca.gov.in/mcafast/companyMasterData.do?cin=L26921GJ1985PLC008196,documents/BELL CERAMICS LIMITED/Company_Master_Data.pdf,f854a038da95a21df27187a0210883aca771e82ca2e748ec8516f3ded662787d,2026-08-26T17:30:00Z
DOC_C58F9AFF5C19,L26921GJ1985PLC008196,FINANCIAL_STATEMENT,Form AOC-4 Financial Statements FY 2024-25 - BELL CERAMICS LIMITED,MCA Corporate Filings,2025-03-31,https://www.mca.gov.in/mcafast/companyMasterData.do?cin=L26921GJ1985PLC008196,documents/BELL CERAMICS LIMITED/AOC-4_Financial_Statements_FY25.pdf,04dd0c521122bd29fe802f1374bdba6c4e88753af76d3ec640093aabb4a1f8a3,2026-08-26T17:30:00Z
DOC_B763C9274B44,L26921GJ1985PLC008196,ANNUAL_RETURN,Form MGT-7 Annual Return FY 2024-25 - BELL CERAMICS LIMITED,MCA Corporate Filings,2025-09-30,https://www.mca.gov.in/mcafast/companyMasterData.do?cin=L26921GJ1985PLC008196,documents/BELL CERAMICS LIMITED/MGT-7_Annual_Return_FY25.pdf,ccf1cee5dc31dff9ae3a011b0a3a0549253096bc96f48824e45ebabbe52216fb,2026-08-26T17:30:00Z
DOC_7B592BF82D7E,L26921GJ1985PLC008196,DIRECTOR_KMP_CHANGES,Form DIR-12 Director Particulars & KMP - BELL CERAMICS LIMITED,MCA Corporate Filings,2024-10-12,https://www.mca.gov.in/mcafast/companyMasterData.do?cin=L26921GJ1985PLC008196,documents/BELL CERAMICS LIMITED/DIR-12_Director_Records.pdf,62dd3807e9a4c7ab415624eb9fddf139133f7c38bd9e93f28193d7fc9168cd1a,2026-08-26T17:30:00Z
DOC_E2975BD2013B,L26921GJ1985PLC008196,AUDITOR_APPOINTMENT,Form ADT-1 Auditor Appointment Resolution - BELL CERAMICS LIMITED,MCA Corporate Filings,2024-09-25,https://www.mca.gov.in/mcafast/companyMasterData.do?cin=L26921GJ1985PLC008196,documents/BELL CERAMICS LIMITED/ADT-1_Auditor_Appointment.pdf,3e579f10ee9377d25b25cd72a520d921377cdb1fd437cc07db5fcb4aec868a60,2026-08-26T17:30:00Z
DOC_B849619C4F0D,L26921GJ1985PLC008196,REGISTERED_OFFICE,Form INC-22 Registered Office Proof - BELL CERAMICS LIMITED,MCA Corporate Filings,2023-04-18,https://www.mca.gov.in/mcafast/companyMasterData.do?cin=L26921GJ1985PLC008196,documents/BELL CERAMICS LIMITED/INC-22_Registered_Office_Proof.pdf,022e84201e76473c2db59e527c0d59948f73576acdf4def3d5d85fbe9ca49f28,2026-08-26T17:30:00Z
DOC_B51FD789D9ED,L26921GJ1985PLC008196,RESOLUTIONS_AGREEMENTS,Form MGT-14 Special Resolutions - BELL CERAMICS LIMITED,MCA Corporate Filings,2024-02-14,https://www.mca.gov.in/mcafast/companyMasterData.do?cin=L26921GJ1985PLC008196,documents/BELL CERAMICS LIMITED/MGT-14_Special_Resolutions.pdf,8ea88c34a9c2abdf874da92b12d0243738aadbd2cb033d5c223e1b324e1b6672,2026-08-26T17:30:00Z
DOC_59B45BA92099,L26921GJ1985PLC008196,GST_TAXPAYER_DATA,GST Public Taxpayer Registration - BELL CERAMICS LIMITED,GST Council Public Portal,2026-01-15,https://www.mca.gov.in/mcafast/companyMasterData.do?cin=L26921GJ1985PLC008196,documents/BELL CERAMICS LIMITED/GST_Place_of_Business_Registration.pdf,5cc5276d4f913f6028b91217d76bf99fc096f7e3c57f14f0403dc17c2fe43d6d,2026-08-26T17:30:00Z
DOC_6BDD8A1E9D36,L26931GJ1986PLC102350,COMPANY_MASTER_DATA,Company Master Data Record - RESTILE CERAMICS LIMITED,Ministry of Corporate Affairs (MCA),2026-08-26,https://www.mca.gov.in/mcafast/companyMasterData.do?cin=L26931GJ1986PLC102350,documents/RESTILE CERAMICS LIMITED/Company_Master_Data.pdf,ede46466b95fe32b37ba9952cf1b5b7bade7ed14352bfe99798095e38ef024d0,2026-08-26T17:30:00Z
DOC_B53B7FCE68D9,L26931GJ1986PLC102350,FINANCIAL_STATEMENT,Form AOC-4 Financial Statements FY 2024-25 - RESTILE CERAMICS LIMITED,MCA Corporate Filings,2025-03-31,https://www.mca.gov.in/mcafast/companyMasterData.do?cin=L26931GJ1986PLC102350,documents/RESTILE CERAMICS LIMITED/AOC-4_Financial_Statements_FY25.pdf,abba0f803e7bc4cf2c2f6f6a868c07c85748bfdf28f62553d3ec5e38ab22f78e,2026-08-26T17:30:00Z
DOC_0315C2DA805F,L26931GJ1986PLC102350,ANNUAL_RETURN,Form MGT-7 Annual Return FY 2024-25 - RESTILE CERAMICS LIMITED,MCA Corporate Filings,2025-09-30,https://www.mca.gov.in/mcafast/companyMasterData.do?cin=L26931GJ1986PLC102350,documents/RESTILE CERAMICS LIMITED/MGT-7_Annual_Return_FY25.pdf,5c7791096f3df109af37a2a09befdf02922619bb51b932878dc2bc18a4c5ddfd,2026-08-26T17:30:00Z
DOC_56AFA677CE4E,L26931GJ1986PLC102350,DIRECTOR_KMP_CHANGES,Form DIR-12 Director Particulars & KMP - RESTILE CERAMICS LIMITED,MCA Corporate Filings,2024-10-12,https://www.mca.gov.in/mcafast/companyMasterData.do?cin=L26931GJ1986PLC102350,documents/RESTILE CERAMICS LIMITED/DIR-12_Director_Records.pdf,9213bc44bbf4a76ee7661792af0f31c4d42d7e9392417346794aa5c8963f8e2a,2026-08-26T17:30:00Z
DOC_014F1A6017F6,L26931GJ1986PLC102350,AUDITOR_APPOINTMENT,Form ADT-1 Auditor Appointment Resolution - RESTILE CERAMICS LIMITED,MCA Corporate Filings,2024-09-25,https://www.mca.gov.in/mcafast/companyMasterData.do?cin=L26931GJ1986PLC102350,documents/RESTILE CERAMICS LIMITED/ADT-1_Auditor_Appointment.pdf,7101ec114c11e6dc6b9528c0d350f07bde40c5cacf2379e170237415c30f5fc2,2026-08-26T17:30:00Z
DOC_B043A17599AC,L26931GJ1986PLC102350,REGISTERED_OFFICE,Form INC-22 Registered Office Proof - RESTILE CERAMICS LIMITED,MCA Corporate Filings,2023-04-18,https://www.mca.gov.in/mcafast/companyMasterData.do?cin=L26931GJ1986PLC102350,documents/RESTILE CERAMICS LIMITED/INC-22_Registered_Office_Proof.pdf,0c74560d19c4748203e6b3f963c75f89c5afca2f1438e09800ae4ea2470dd749,2026-08-26T17:30:00Z
DOC_A2595D25815E,L26931GJ1986PLC102350,RESOLUTIONS_AGREEMENTS,Form MGT-14 Special Resolutions - RESTILE CERAMICS LIMITED,MCA Corporate Filings,2024-02-14,https://www.mca.gov.in/mcafast/companyMasterData.do?cin=L26931GJ1986PLC102350,documents/RESTILE CERAMICS LIMITED/MGT-14_Special_Resolutions.pdf,fb2fa6d65e120c43494da534080d3c43c2505225d55c9b5dcf7da888c81ceed1,2026-08-26T17:30:00Z
DOC_42E1373138B8,L26931GJ1986PLC102350,GST_TAXPAYER_DATA,GST Public Taxpayer Registration - RESTILE CERAMICS LIMITED,GST Council Public Portal,2026-01-15,https://www.mca.gov.in/mcafast/companyMasterData.do?cin=L26931GJ1986PLC102350,documents/RESTILE CERAMICS LIMITED/GST_Place_of_Business_Registration.pdf,b24f79783f325e737eb9bcc2c99d890ff861e4948d0b3d5e4c8982a3c0ec2ae8,2026-08-26T17:30:00Z
DOC_687F23AB8828,L26940GJ1983PLC006400,COMPANY_MASTER_DATA,Company Master Data Record - SOMANI CEMENT COMPANY LIMITED,Ministry of Corporate Affairs (MCA),2026-08-26,https://www.mca.gov.in/mcafast/companyMasterData.do?cin=L26940GJ1983PLC006400,documents/SOMANI CEMENT COMPANY LIMITED/Company_Master_Data.pdf,fafa139766ba71a0510a7e08a557ec78933048522fa2631ff4576265b990c427,2026-08-26T17:30:00Z
DOC_CA19D9803D9E,L26940GJ1983PLC006400,FINANCIAL_STATEMENT,Form AOC-4 Financial Statements FY 2024-25 - SOMANI CEMENT COMPANY LIMITED,MCA Corporate Filings,2025-03-31,https://www.mca.gov.in/mcafast/companyMasterData.do?cin=L26940GJ1983PLC006400,documents/SOMANI CEMENT COMPANY LIMITED/AOC-4_Financial_Statements_FY25.pdf,60620379a23c0fe75a9a76bac5258e0b8a4b1b7a84060d3da20ab1f8d1caf310,2026-08-26T17:30:00Z
DOC_CAC7CEF00661,L26940GJ1983PLC006400,ANNUAL_RETURN,Form MGT-7 Annual Return FY 2024-25 - SOMANI CEMENT COMPANY LIMITED,MCA Corporate Filings,2025-09-30,https://www.mca.gov.in/mcafast/companyMasterData.do?cin=L26940GJ1983PLC006400,documents/SOMANI CEMENT COMPANY LIMITED/MGT-7_Annual_Return_FY25.pdf,85ff9346a6e2009a3a1f545280fcefafb067dc2a1c30917cc3b8be11959aae6e,2026-08-26T17:30:00Z
DOC_5A62A14E679F,L26940GJ1983PLC006400,DIRECTOR_KMP_CHANGES,Form DIR-12 Director Particulars & KMP - SOMANI CEMENT COMPANY LIMITED,MCA Corporate Filings,2024-10-12,https://www.mca.gov.in/mcafast/companyMasterData.do?cin=L26940GJ1983PLC006400,documents/SOMANI CEMENT COMPANY LIMITED/DIR-12_Director_Records.pdf,05340edba9acb875813540025578d523876b9c0b6d482cca6aab1e3d572d7e93,2026-08-26T17:30:00Z
DOC_44B795B5CF64,L26940GJ1983PLC006400,AUDITOR_APPOINTMENT,Form ADT-1 Auditor Appointment Resolution - SOMANI CEMENT COMPANY LIMITED,MCA Corporate Filings,2024-09-25,https://www.mca.gov.in/mcafast/companyMasterData.do?cin=L26940GJ1983PLC006400,documents/SOMANI CEMENT COMPANY LIMITED/ADT-1_Auditor_Appointment.pdf,9ef5f1bdceeab90b9e82d358a7848383ac4232439eb12dca6ce5fdcd84c73af9,2026-08-26T17:30:00Z
DOC_7018B1A1EF06,L26940GJ1983PLC006400,REGISTERED_OFFICE,Form INC-22 Registered Office Proof - SOMANI CEMENT COMPANY LIMITED,MCA Corporate Filings,2023-04-18,https://www.mca.gov.in/mcafast/companyMasterData.do?cin=L26940GJ1983PLC006400,documents/SOMANI CEMENT COMPANY LIMITED/INC-22_Registered_Office_Proof.pdf,15de12c78316b91073fe1f1a6be1d0a10281081c136bc280d72cd36566ea1850,2026-08-26T17:30:00Z
DOC_20302528B8F5,L26940GJ1983PLC006400,RESOLUTIONS_AGREEMENTS,Form MGT-14 Special Resolutions - SOMANI CEMENT COMPANY LIMITED,MCA Corporate Filings,2024-02-14,https://www.mca.gov.in/mcafast/companyMasterData.do?cin=L26940GJ1983PLC006400,documents/SOMANI CEMENT COMPANY LIMITED/MGT-14_Special_Resolutions.pdf,e7ec121f4aecaf53afacfa72c3f098182745886b12957c81828b4c9aee207081,2026-08-26T17:30:00Z
DOC_7F7605DC9441,L26940GJ1983PLC006400,GST_TAXPAYER_DATA,GST Public Taxpayer Registration - SOMANI CEMENT COMPANY LIMITED,GST Council Public Portal,2026-01-15,https://www.mca.gov.in/mcafast/companyMasterData.do?cin=L26940GJ1983PLC006400,documents/SOMANI CEMENT COMPANY LIMITED/GST_Place_of_Business_Registration.pdf,74c9cf3260c4ea608660a4e28219a04cab8876c96a6818e2844b5745f973ba5f,2026-08-26T17:30:00Z
DOC_1E4B53B01784,L27100GJ1984PLC007185,COMPANY_MASTER_DATA,Company Master Data Record - MARDIA STEEL LTD.,Ministry of Corporate Affairs (MCA),2026-08-26,https://www.mca.gov.in/mcafast/companyMasterData.do?cin=L27100GJ1984PLC007185,documents/MARDIA STEEL LTD./Company_Master_Data.pdf,f366525d1c99298981de75bd5dd815094b0ba443bac031e1c0edc5e04c77c66c,2026-08-26T17:30:00Z
DOC_DC5CF0D31659,L27100GJ1984PLC007185,FINANCIAL_STATEMENT,Form AOC-4 Financial Statements FY 2024-25 - MARDIA STEEL LTD.,MCA Corporate Filings,2025-03-31,https://www.mca.gov.in/mcafast/companyMasterData.do?cin=L27100GJ1984PLC007185,documents/MARDIA STEEL LTD./AOC-4_Financial_Statements_FY25.pdf,0e7f3dd9b72f5ba31a35ed601b0c9661d43391249ab72716ceabd0d2a90e56d6,2026-08-26T17:30:00Z
DOC_331ED1DAAD6B,L27100GJ1984PLC007185,ANNUAL_RETURN,Form MGT-7 Annual Return FY 2024-25 - MARDIA STEEL LTD.,MCA Corporate Filings,2025-09-30,https://www.mca.gov.in/mcafast/companyMasterData.do?cin=L27100GJ1984PLC007185,documents/MARDIA STEEL LTD./MGT-7_Annual_Return_FY25.pdf,0cad462eb3553e17558bd890ab202aef8936a299f872088077e34db290cc53f4,2026-08-26T17:30:00Z
DOC_52060FFF19AB,L27100GJ1984PLC007185,DIRECTOR_KMP_CHANGES,Form DIR-12 Director Particulars & KMP - MARDIA STEEL LTD.,MCA Corporate Filings,2024-10-12,https://www.mca.gov.in/mcafast/companyMasterData.do?cin=L27100GJ1984PLC007185,documents/MARDIA STEEL LTD./DIR-12_Director_Records.pdf,853393a1882b18b9862250be98ebed72ccbd875dd7a50c347c9f94139259a02c,2026-08-26T17:30:00Z
DOC_1A0068955B66,L27100GJ1984PLC007185,AUDITOR_APPOINTMENT,Form ADT-1 Auditor Appointment Resolution - MARDIA STEEL LTD.,MCA Corporate Filings,2024-09-25,https://www.mca.gov.in/mcafast/companyMasterData.do?cin=L27100GJ1984PLC007185,documents/MARDIA STEEL LTD./ADT-1_Auditor_Appointment.pdf,13e60597f5b0a0f72f02767fc136fa60749fe77afc65894ef14300d66bc13e3f,2026-08-26T17:30:00Z
DOC_69EC89661870,L27100GJ1984PLC007185,REGISTERED_OFFICE,Form INC-22 Registered Office Proof - MARDIA STEEL LTD.,MCA Corporate Filings,2023-04-18,https://www.mca.gov.in/mcafast/companyMasterData.do?cin=L27100GJ1984PLC007185,documents/MARDIA STEEL LTD./INC-22_Registered_Office_Proof.pdf,80670f1b82913d8f35039f03c424c87fb5d5c1f46ea8aa95ea822a1086d98717,2026-08-26T17:30:00Z
DOC_3B1EDA55C81C,L27100GJ1984PLC007185,RESOLUTIONS_AGREEMENTS,Form MGT-14 Special Resolutions - MARDIA STEEL LTD.,MCA Corporate Filings,2024-02-14,https://www.mca.gov.in/mcafast/companyMasterData.do?cin=L27100GJ1984PLC007185,documents/MARDIA STEEL LTD./MGT-14_Special_Resolutions.pdf,f1598d38357201dd56570b6340fe6f31dfd388be620d1be122f33de423f03dcc,2026-08-26T17:30:00Z
DOC_B4A741A5E751,L27100GJ1984PLC007185,GST_TAXPAYER_DATA,GST Public Taxpayer Registration - MARDIA STEEL LTD.,GST Council Public Portal,2026-01-15,https://www.mca.gov.in/mcafast/companyMasterData.do?cin=L27100GJ1984PLC007185,documents/MARDIA STEEL LTD./GST_Place_of_Business_Registration.pdf,032a55615e9c3ff938b30e6c3e185ca86f270dc599d0eee15bed892e16b4eaf4,2026-08-26T17:30:00Z
DOC_B48AE7229791,L27100GJ1985PLC008286,COMPANY_MASTER_DATA,Company Master Data Record - CREATIVE CASTINGS LIMITED,Ministry of Corporate Affairs (MCA),2026-08-26,https://www.mca.gov.in/mcafast/companyMasterData.do?cin=L27100GJ1985PLC008286,documents/CREATIVE CASTINGS LIMITED/Company_Master_Data.pdf,b640536a4b358e42a1f747f876be62ccb698867fc04dadedb670fc564e2da36b,2026-08-26T17:30:00Z
DOC_0CA1A1290F7B,L27100GJ1985PLC008286,FINANCIAL_STATEMENT,Form AOC-4 Financial Statements FY 2024-25 - CREATIVE CASTINGS LIMITED,MCA Corporate Filings,2025-03-31,https://www.mca.gov.in/mcafast/companyMasterData.do?cin=L27100GJ1985PLC008286,documents/CREATIVE CASTINGS LIMITED/AOC-4_Financial_Statements_FY25.pdf,a4ccbaa564bd329fe0235b1c019bae0d0043458113b1eb79a8edd3a115ec51d6,2026-08-26T17:30:00Z
DOC_44717E1944C4,L27100GJ1985PLC008286,ANNUAL_RETURN,Form MGT-7 Annual Return FY 2024-25 - CREATIVE CASTINGS LIMITED,MCA Corporate Filings,2025-09-30,https://www.mca.gov.in/mcafast/companyMasterData.do?cin=L27100GJ1985PLC008286,documents/CREATIVE CASTINGS LIMITED/MGT-7_Annual_Return_FY25.pdf,c98e9f3b4446a1c6ebed7991a34663d7ec75c26eb0eafb35a08a9652a2f318e4,2026-08-26T17:30:00Z
DOC_17030BB8E59A,L27100GJ1985PLC008286,DIRECTOR_KMP_CHANGES,Form DIR-12 Director Particulars & KMP - CREATIVE CASTINGS LIMITED,MCA Corporate Filings,2024-10-12,https://www.mca.gov.in/mcafast/companyMasterData.do?cin=L27100GJ1985PLC008286,documents/CREATIVE CASTINGS LIMITED/DIR-12_Director_Records.pdf,4b9ef62411c90aa9004b63719d4d3f43ce67105ac9e23c89f6dd33cd08997ede,2026-08-26T17:30:00Z
DOC_76D751642C9F,L27100GJ1985PLC008286,AUDITOR_APPOINTMENT,Form ADT-1 Auditor Appointment Resolution - CREATIVE CASTINGS LIMITED,MCA Corporate Filings,2024-09-25,https://www.mca.gov.in/mcafast/companyMasterData.do?cin=L27100GJ1985PLC008286,documents/CREATIVE CASTINGS LIMITED/ADT-1_Auditor_Appointment.pdf,91b0c7f5da54cb8120ec4ca753ef8f8df7deb56905e8d71b872df589f0b2130e,2026-08-26T17:30:00Z
DOC_ECFEEB40D17B,L27100GJ1985PLC008286,REGISTERED_OFFICE,Form INC-22 Registered Office Proof - CREATIVE CASTINGS LIMITED,MCA Corporate Filings,2023-04-18,https://www.mca.gov.in/mcafast/companyMasterData.do?cin=L27100GJ1985PLC008286,documents/CREATIVE CASTINGS LIMITED/INC-22_Registered_Office_Proof.pdf,cc5881ce3b5789972a44e9e17ff84b7f39bc7cd996bff39130aaa6d4e633ba8c,2026-08-26T17:30:00Z
DOC_7C2C1D079A65,L27100GJ1985PLC008286,RESOLUTIONS_AGREEMENTS,Form MGT-14 Special Resolutions - CREATIVE CASTINGS LIMITED,MCA Corporate Filings,2024-02-14,https://www.mca.gov.in/mcafast/companyMasterData.do?cin=L27100GJ1985PLC008286,documents/CREATIVE CASTINGS LIMITED/MGT-14_Special_Resolutions.pdf,703e0131c08f89a095a35796ab1a86a549cf614d4f2e9df1a5b8561a004c7090,2026-08-26T17:30:00Z
DOC_7E529F7756F7,L27100GJ1985PLC008286,GST_TAXPAYER_DATA,GST Public Taxpayer Registration - CREATIVE CASTINGS LIMITED,GST Council Public Portal,2026-01-15,https://www.mca.gov.in/mcafast/companyMasterData.do?cin=L27100GJ1985PLC008286,documents/CREATIVE CASTINGS LIMITED/GST_Place_of_Business_Registration.pdf,2ea0eae59d649ce154eb95a966be68e86d22e708506d1380ac07c9a72edffc96,2026-08-26T17:30:00Z
DOC_3567575CDD5A,L27100GJ1986PLC009212,COMPANY_MASTER_DATA,Company Master Data Record - RAJOO ENGINEERS LIMITED,Ministry of Corporate Affairs (MCA),2026-08-26,https://www.mca.gov.in/mcafast/companyMasterData.do?cin=L27100GJ1986PLC009212,documents/RAJOO ENGINEERS LIMITED/Company_Master_Data.pdf,cb1cc36e900a6c82bd92c730d7448f6f4477eafa0c958205431f303b310eb7b6,2026-08-26T17:30:00Z
DOC_08B3013B6C48,L27100GJ1986PLC009212,FINANCIAL_STATEMENT,Form AOC-4 Financial Statements FY 2024-25 - RAJOO ENGINEERS LIMITED,MCA Corporate Filings,2025-03-31,https://www.mca.gov.in/mcafast/companyMasterData.do?cin=L27100GJ1986PLC009212,documents/RAJOO ENGINEERS LIMITED/AOC-4_Financial_Statements_FY25.pdf,9b926614167fea840ab2988dff3a2ad10f8fa9836e5aa8fe309e739c00f1b58a,2026-08-26T17:30:00Z
DOC_6266ED75E447,L27100GJ1986PLC009212,ANNUAL_RETURN,Form MGT-7 Annual Return FY 2024-25 - RAJOO ENGINEERS LIMITED,MCA Corporate Filings,2025-09-30,https://www.mca.gov.in/mcafast/companyMasterData.do?cin=L27100GJ1986PLC009212,documents/RAJOO ENGINEERS LIMITED/MGT-7_Annual_Return_FY25.pdf,fc3261e2ed66fe54469f53f84fe1c1be5e9b2e88df5aa1f2d7967311490322e7,2026-08-26T17:30:00Z
DOC_85AFFD09ADA5,L27100GJ1986PLC009212,DIRECTOR_KMP_CHANGES,Form DIR-12 Director Particulars & KMP - RAJOO ENGINEERS LIMITED,MCA Corporate Filings,2024-10-12,https://www.mca.gov.in/mcafast/companyMasterData.do?cin=L27100GJ1986PLC009212,documents/RAJOO ENGINEERS LIMITED/DIR-12_Director_Records.pdf,80911eae686659a9d225de925bc1b894bbee2b322bdb799864f1e9b9a9b343ae,2026-08-26T17:30:00Z
DOC_22E5C5FFF261,L27100GJ1986PLC009212,AUDITOR_APPOINTMENT,Form ADT-1 Auditor Appointment Resolution - RAJOO ENGINEERS LIMITED,MCA Corporate Filings,2024-09-25,https://www.mca.gov.in/mcafast/companyMasterData.do?cin=L27100GJ1986PLC009212,documents/RAJOO ENGINEERS LIMITED/ADT-1_Auditor_Appointment.pdf,a2271ca454472d6c44f199503b79f7ede8a4af09b3b9eff7bb22110ac6d10aed,2026-08-26T17:30:00Z
DOC_57D44483E3EB,L27100GJ1986PLC009212,REGISTERED_OFFICE,Form INC-22 Registered Office Proof - RAJOO ENGINEERS LIMITED,MCA Corporate Filings,2023-04-18,https://www.mca.gov.in/mcafast/companyMasterData.do?cin=L27100GJ1986PLC009212,documents/RAJOO ENGINEERS LIMITED/INC-22_Registered_Office_Proof.pdf,f1e076d07cfc999cba703491380f3fa9d35c28403e78c33c10f2672f3a7f7459,2026-08-26T17:30:00Z
DOC_00B00487F357,L27100GJ1986PLC009212,RESOLUTIONS_AGREEMENTS,Form MGT-14 Special Resolutions - RAJOO ENGINEERS LIMITED,MCA Corporate Filings,2024-02-14,https://www.mca.gov.in/mcafast/companyMasterData.do?cin=L27100GJ1986PLC009212,documents/RAJOO ENGINEERS LIMITED/MGT-14_Special_Resolutions.pdf,cccdf7a733574201be45925aa31385c447c4bf4a75fb44b50b0be047d96170d4,2026-08-26T17:30:00Z
DOC_9DCB40EA938B,L27100GJ1986PLC009212,GST_TAXPAYER_DATA,GST Public Taxpayer Registration - RAJOO ENGINEERS LIMITED,GST Council Public Portal,2026-01-15,https://www.mca.gov.in/mcafast/companyMasterData.do?cin=L27100GJ1986PLC009212,documents/RAJOO ENGINEERS LIMITED/GST_Place_of_Business_Registration.pdf,18c2867ddde290899512a6eb3c79e409058527fdc00fde10a9abee5a5a97638e,2026-08-26T17:30:00Z
DOC_699E5535418C,L27109GJ1986PLC008770,COMPANY_MASTER_DATA,Company Master Data Record - MERCURY METALS LIMITED,Ministry of Corporate Affairs (MCA),2026-08-26,https://www.mca.gov.in/mcafast/companyMasterData.do?cin=L27109GJ1986PLC008770,documents/MERCURY METALS LIMITED/Company_Master_Data.pdf,80d53cbd67e49701d891f1496b37865ab9a6579a2b424fb89c9bd89e171a1f59,2026-08-26T17:30:00Z
DOC_F21FE6014875,L27109GJ1986PLC008770,FINANCIAL_STATEMENT,Form AOC-4 Financial Statements FY 2024-25 - MERCURY METALS LIMITED,MCA Corporate Filings,2025-03-31,https://www.mca.gov.in/mcafast/companyMasterData.do?cin=L27109GJ1986PLC008770,documents/MERCURY METALS LIMITED/AOC-4_Financial_Statements_FY25.pdf,59a4ded05bcac76a6841c0ece49f1f88e14a9eb861e41b9710add345b2c3907e,2026-08-26T17:30:00Z
DOC_FA983B61B9C8,L27109GJ1986PLC008770,ANNUAL_RETURN,Form MGT-7 Annual Return FY 2024-25 - MERCURY METALS LIMITED,MCA Corporate Filings,2025-09-30,https://www.mca.gov.in/mcafast/companyMasterData.do?cin=L27109GJ1986PLC008770,documents/MERCURY METALS LIMITED/MGT-7_Annual_Return_FY25.pdf,7b76270ee83bf24ba7e1e1edb99a05783de3af4a42cee129a92ad41618def783,2026-08-26T17:30:00Z
DOC_751CAADFA2AD,L27109GJ1986PLC008770,DIRECTOR_KMP_CHANGES,Form DIR-12 Director Particulars & KMP - MERCURY METALS LIMITED,MCA Corporate Filings,2024-10-12,https://www.mca.gov.in/mcafast/companyMasterData.do?cin=L27109GJ1986PLC008770,documents/MERCURY METALS LIMITED/DIR-12_Director_Records.pdf,c4d7069d7914dfb7fbacaf976f9a82cde9fd36213a3bd943ddc9c32b967144a2,2026-08-26T17:30:00Z
DOC_0F697A272762,L27109GJ1986PLC008770,AUDITOR_APPOINTMENT,Form ADT-1 Auditor Appointment Resolution - MERCURY METALS LIMITED,MCA Corporate Filings,2024-09-25,https://www.mca.gov.in/mcafast/companyMasterData.do?cin=L27109GJ1986PLC008770,documents/MERCURY METALS LIMITED/ADT-1_Auditor_Appointment.pdf,1e7f52ad031e642a7db6ab0e2269360be1a07d60b9e497aa30fa91295a5615ec,2026-08-26T17:30:00Z
DOC_E215A8CD9D6F,L27109GJ1986PLC008770,REGISTERED_OFFICE,Form INC-22 Registered Office Proof - MERCURY METALS LIMITED,MCA Corporate Filings,2023-04-18,https://www.mca.gov.in/mcafast/companyMasterData.do?cin=L27109GJ1986PLC008770,documents/MERCURY METALS LIMITED/INC-22_Registered_Office_Proof.pdf,df8f5329b753aad11ae562846bc9a256184744cc60010b10448d504f0ec4a6a0,2026-08-26T17:30:00Z
DOC_88BB4984E87C,L27109GJ1986PLC008770,RESOLUTIONS_AGREEMENTS,Form MGT-14 Special Resolutions - MERCURY METALS LIMITED,MCA Corporate Filings,2024-02-14,https://www.mca.gov.in/mcafast/companyMasterData.do?cin=L27109GJ1986PLC008770,documents/MERCURY METALS LIMITED/MGT-14_Special_Resolutions.pdf,b5fa48ea1e9418474c6296c8c6b82203d9cad3b2c9d71442e70a765d05fd9a4b,2026-08-26T17:30:00Z
DOC_6F1DC1D8B27C,L27109GJ1986PLC008770,GST_TAXPAYER_DATA,GST Public Taxpayer Registration - MERCURY METALS LIMITED,GST Council Public Portal,2026-01-15,https://www.mca.gov.in/mcafast/companyMasterData.do?cin=L27109GJ1986PLC008770,documents/MERCURY METALS LIMITED/GST_Place_of_Business_Registration.pdf,b309d8ae8770de314e186ba1a4a3b8b94895834f69b9c7d76beb2ab84388d93a,2026-08-26T17:30:00Z
DOC_22BB4FC143A5,L27209GJ1984PLC098951,COMPANY_MASTER_DATA,Company Master Data Record - R K MANUFACTURING CO LTD,Ministry of Corporate Affairs (MCA),2026-08-26,https://www.mca.gov.in/mcafast/companyMasterData.do?cin=L27209GJ1984PLC098951,documents/R K MANUFACTURING CO LTD/Company_Master_Data.pdf,41b09ea1ef8582764d344e179fa3153c4012d62f1eb8cc34a0f330edbaebf094,2026-08-26T17:30:00Z
DOC_D59A9A2FE570,L27209GJ1984PLC098951,FINANCIAL_STATEMENT,Form AOC-4 Financial Statements FY 2024-25 - R K MANUFACTURING CO LTD,MCA Corporate Filings,2025-03-31,https://www.mca.gov.in/mcafast/companyMasterData.do?cin=L27209GJ1984PLC098951,documents/R K MANUFACTURING CO LTD/AOC-4_Financial_Statements_FY25.pdf,9abdc3681e66f041d2c5a05a7105ce3336fd5abadb8401feb17cdfc7893c41e6,2026-08-26T17:30:00Z
DOC_536D075446A3,L27209GJ1984PLC098951,ANNUAL_RETURN,Form MGT-7 Annual Return FY 2024-25 - R K MANUFACTURING CO LTD,MCA Corporate Filings,2025-09-30,https://www.mca.gov.in/mcafast/companyMasterData.do?cin=L27209GJ1984PLC098951,documents/R K MANUFACTURING CO LTD/MGT-7_Annual_Return_FY25.pdf,c6b17b29ef736c4d3ba2089c123e148d39cefcd47e54aae1a994517b74294a55,2026-08-26T17:30:00Z
DOC_2FE1480EF5B9,L27209GJ1984PLC098951,DIRECTOR_KMP_CHANGES,Form DIR-12 Director Particulars & KMP - R K MANUFACTURING CO LTD,MCA Corporate Filings,2024-10-12,https://www.mca.gov.in/mcafast/companyMasterData.do?cin=L27209GJ1984PLC098951,documents/R K MANUFACTURING CO LTD/DIR-12_Director_Records.pdf,45622ac0d249199c6229a25ca9eb5394c5c1a08a8e5aa152c6393a2d5d4fa1c8,2026-08-26T17:30:00Z
DOC_04C9FD202BEB,L27209GJ1984PLC098951,AUDITOR_APPOINTMENT,Form ADT-1 Auditor Appointment Resolution - R K MANUFACTURING CO LTD,MCA Corporate Filings,2024-09-25,https://www.mca.gov.in/mcafast/companyMasterData.do?cin=L27209GJ1984PLC098951,documents/R K MANUFACTURING CO LTD/ADT-1_Auditor_Appointment.pdf,6146298754ed908120b48eded5f0b7cdf0eca339c4ccaf0f12a8011348523cda,2026-08-26T17:30:00Z
DOC_A83CC2A4BEF2,L27209GJ1984PLC098951,REGISTERED_OFFICE,Form INC-22 Registered Office Proof - R K MANUFACTURING CO LTD,MCA Corporate Filings,2023-04-18,https://www.mca.gov.in/mcafast/companyMasterData.do?cin=L27209GJ1984PLC098951,documents/R K MANUFACTURING CO LTD/INC-22_Registered_Office_Proof.pdf,2fe55ee80c55045637432ca631caef7f4ac54a91d2de9fb92294d07afaf7d6b4,2026-08-26T17:30:00Z
DOC_3AC792E51CA2,L27209GJ1984PLC098951,RESOLUTIONS_AGREEMENTS,Form MGT-14 Special Resolutions - R K MANUFACTURING CO LTD,MCA Corporate Filings,2024-02-14,https://www.mca.gov.in/mcafast/companyMasterData.do?cin=L27209GJ1984PLC098951,documents/R K MANUFACTURING CO LTD/MGT-14_Special_Resolutions.pdf,37b02a553e52bc508202142cc35215cd01680bb31ec208949e7f982a4cb42dc2,2026-08-26T17:30:00Z
DOC_2889936AC8C8,L27209GJ1984PLC098951,GST_TAXPAYER_DATA,GST Public Taxpayer Registration - R K MANUFACTURING CO LTD,GST Council Public Portal,2026-01-15,https://www.mca.gov.in/mcafast/companyMasterData.do?cin=L27209GJ1984PLC098951,documents/R K MANUFACTURING CO LTD/GST_Place_of_Business_Registration.pdf,8e92960150dd609f5a33b4ce0c7189d5c71a306521a717e2357e7a8bd0033133,2026-08-26T17:30:00Z
DOC_409BCFFBC6B7,L29199GJ1984PLC007130,COMPANY_MASTER_DATA,Company Master Data Record - GUJARAT CRAFT INDUSTRIES LIMITED,Ministry of Corporate Affairs (MCA),2026-08-26,https://www.mca.gov.in/mcafast/companyMasterData.do?cin=L29199GJ1984PLC007130,documents/GUJARAT CRAFT INDUSTRIES LIMITED/Company_Master_Data.pdf,4eeed6dc1fbb87bf3cadbda7526020499b7a048f4af2aeb7b6a858f6c4137b30,2026-08-26T17:30:00Z
DOC_FB50F8310904,L29199GJ1984PLC007130,FINANCIAL_STATEMENT,Form AOC-4 Financial Statements FY 2024-25 - GUJARAT CRAFT INDUSTRIES LIMITED,MCA Corporate Filings,2025-03-31,https://www.mca.gov.in/mcafast/companyMasterData.do?cin=L29199GJ1984PLC007130,documents/GUJARAT CRAFT INDUSTRIES LIMITED/AOC-4_Financial_Statements_FY25.pdf,4b62841eb9a54f62d775fcb4f6db6d7211d8145a77b70e77b1e0ebd11fa764ce,2026-08-26T17:30:00Z
DOC_5D94EBB50806,L29199GJ1984PLC007130,ANNUAL_RETURN,Form MGT-7 Annual Return FY 2024-25 - GUJARAT CRAFT INDUSTRIES LIMITED,MCA Corporate Filings,2025-09-30,https://www.mca.gov.in/mcafast/companyMasterData.do?cin=L29199GJ1984PLC007130,documents/GUJARAT CRAFT INDUSTRIES LIMITED/MGT-7_Annual_Return_FY25.pdf,b50f95441baf9026c7c4d54899f6be7244f39c026d8a798661ae0b95e7eb996a,2026-08-26T17:30:00Z
DOC_E8C2EA4FE612,L29199GJ1984PLC007130,DIRECTOR_KMP_CHANGES,Form DIR-12 Director Particulars & KMP - GUJARAT CRAFT INDUSTRIES LIMITED,MCA Corporate Filings,2024-10-12,https://www.mca.gov.in/mcafast/companyMasterData.do?cin=L29199GJ1984PLC007130,documents/GUJARAT CRAFT INDUSTRIES LIMITED/DIR-12_Director_Records.pdf,98830d428db73fba52a0ffba89a21d183029479560dbdb2d318cb74830ed4746,2026-08-26T17:30:00Z
DOC_65671A94B43A,L29199GJ1984PLC007130,AUDITOR_APPOINTMENT,Form ADT-1 Auditor Appointment Resolution - GUJARAT CRAFT INDUSTRIES LIMITED,MCA Corporate Filings,2024-09-25,https://www.mca.gov.in/mcafast/companyMasterData.do?cin=L29199GJ1984PLC007130,documents/GUJARAT CRAFT INDUSTRIES LIMITED/ADT-1_Auditor_Appointment.pdf,9131c7017bd6a0578ea771ef5b3eb69ce4e9f31fec0ffc212196dc06fd8941fe,2026-08-26T17:30:00Z
DOC_E30BC8CC0DA0,L29199GJ1984PLC007130,REGISTERED_OFFICE,Form INC-22 Registered Office Proof - GUJARAT CRAFT INDUSTRIES LIMITED,MCA Corporate Filings,2023-04-18,https://www.mca.gov.in/mcafast/companyMasterData.do?cin=L29199GJ1984PLC007130,documents/GUJARAT CRAFT INDUSTRIES LIMITED/INC-22_Registered_Office_Proof.pdf,03a49de16883980fd6625ce6fcf5712f965c04622f2a3b762f5d4a1b8dcb8967,2026-08-26T17:30:00Z
DOC_AF6AA1B08EA7,L29199GJ1984PLC007130,RESOLUTIONS_AGREEMENTS,Form MGT-14 Special Resolutions - GUJARAT CRAFT INDUSTRIES LIMITED,MCA Corporate Filings,2024-02-14,https://www.mca.gov.in/mcafast/companyMasterData.do?cin=L29199GJ1984PLC007130,documents/GUJARAT CRAFT INDUSTRIES LIMITED/MGT-14_Special_Resolutions.pdf,991d2d91dfd5079b7b2ac6694285e9aa324c12b1fd2941fa1dfba83475c6cf08,2026-08-26T17:30:00Z
DOC_F0F342DE6507,L29199GJ1984PLC007130,GST_TAXPAYER_DATA,GST Public Taxpayer Registration - GUJARAT CRAFT INDUSTRIES LIMITED,GST Council Public Portal,2026-01-15,https://www.mca.gov.in/mcafast/companyMasterData.do?cin=L29199GJ1984PLC007130,documents/GUJARAT CRAFT INDUSTRIES LIMITED/GST_Place_of_Business_Registration.pdf,1ebf52e25f4fc28ca20f66fd602a0c0ce257ab89d94fe193c2f5d4c0cf69454c,2026-08-26T17:30:00Z
DOC_096A949842E6,L29199GJ1984PLC007177,COMPANY_MASTER_DATA,Company Master Data Record - SHRI KHODIYAR INDUSTRIES LIMITED,Ministry of Corporate Affairs (MCA),2026-08-26,https://www.mca.gov.in/mcafast/companyMasterData.do?cin=L29199GJ1984PLC007177,documents/SHRI KHODIYAR INDUSTRIES LIMITED/Company_Master_Data.pdf,cfcb38a0a1cbb20f14eb5d467c4ebe9327d53aadce434411d89309fbc7231e1a,2026-08-26T17:30:00Z
DOC_9877E4EC62DD,L29199GJ1984PLC007177,FINANCIAL_STATEMENT,Form AOC-4 Financial Statements FY 2024-25 - SHRI KHODIYAR INDUSTRIES LIMITED,MCA Corporate Filings,2025-03-31,https://www.mca.gov.in/mcafast/companyMasterData.do?cin=L29199GJ1984PLC007177,documents/SHRI KHODIYAR INDUSTRIES LIMITED/AOC-4_Financial_Statements_FY25.pdf,52796a244c07b88146593b23ff049e37d0376912cfb72c6afe870f969afc6534,2026-08-26T17:30:00Z
DOC_4A1C4BD4358E,L29199GJ1984PLC007177,ANNUAL_RETURN,Form MGT-7 Annual Return FY 2024-25 - SHRI KHODIYAR INDUSTRIES LIMITED,MCA Corporate Filings,2025-09-30,https://www.mca.gov.in/mcafast/companyMasterData.do?cin=L29199GJ1984PLC007177,documents/SHRI KHODIYAR INDUSTRIES LIMITED/MGT-7_Annual_Return_FY25.pdf,75f6db967b9d8869cfde2b8e4a5c85b480232bf7c5f221d55b08a1fba309d78c,2026-08-26T17:30:00Z
DOC_3060546D0A3C,L29199GJ1984PLC007177,DIRECTOR_KMP_CHANGES,Form DIR-12 Director Particulars & KMP - SHRI KHODIYAR INDUSTRIES LIMITED,MCA Corporate Filings,2024-10-12,https://www.mca.gov.in/mcafast/companyMasterData.do?cin=L29199GJ1984PLC007177,documents/SHRI KHODIYAR INDUSTRIES LIMITED/DIR-12_Director_Records.pdf,c0c285bda40282c53ed383a612a464db0a112a1d703c2b0b8bfc13c7d398c56f,2026-08-26T17:30:00Z
DOC_BCF8D04B90EF,L29199GJ1984PLC007177,AUDITOR_APPOINTMENT,Form ADT-1 Auditor Appointment Resolution - SHRI KHODIYAR INDUSTRIES LIMITED,MCA Corporate Filings,2024-09-25,https://www.mca.gov.in/mcafast/companyMasterData.do?cin=L29199GJ1984PLC007177,documents/SHRI KHODIYAR INDUSTRIES LIMITED/ADT-1_Auditor_Appointment.pdf,eef9eef45ef27079e58e03acc9bea2eaae25c88394ef357e147d622e49c96b90,2026-08-26T17:30:00Z
DOC_D15698AFB7EC,L29199GJ1984PLC007177,REGISTERED_OFFICE,Form INC-22 Registered Office Proof - SHRI KHODIYAR INDUSTRIES LIMITED,MCA Corporate Filings,2023-04-18,https://www.mca.gov.in/mcafast/companyMasterData.do?cin=L29199GJ1984PLC007177,documents/SHRI KHODIYAR INDUSTRIES LIMITED/INC-22_Registered_Office_Proof.pdf,ffe7783aa86339628569ac761e851629b1289cd7c1e01d1be2556c100dd9c7a9,2026-08-26T17:30:00Z
DOC_3556CF9345F1,L29199GJ1984PLC007177,RESOLUTIONS_AGREEMENTS,Form MGT-14 Special Resolutions - SHRI KHODIYAR INDUSTRIES LIMITED,MCA Corporate Filings,2024-02-14,https://www.mca.gov.in/mcafast/companyMasterData.do?cin=L29199GJ1984PLC007177,documents/SHRI KHODIYAR INDUSTRIES LIMITED/MGT-14_Special_Resolutions.pdf,4699d1f0708b05cde02929d759e6c6f90dbe0e91b2dc45608c91b53a793b4115,2026-08-26T17:30:00Z
DOC_FE7329D9912E,L29199GJ1984PLC007177,GST_TAXPAYER_DATA,GST Public Taxpayer Registration - SHRI KHODIYAR INDUSTRIES LIMITED,GST Council Public Portal,2026-01-15,https://www.mca.gov.in/mcafast/companyMasterData.do?cin=L29199GJ1984PLC007177,documents/SHRI KHODIYAR INDUSTRIES LIMITED/GST_Place_of_Business_Registration.pdf,0694d02998c9b62a6358e85eba30131deccc12806c601a26fff31fd6e94fd9da,2026-08-26T17:30:00Z
DOC_EB778559CEF3,L29199GJ1984PLC007195,COMPANY_MASTER_DATA,Company Master Data Record - AMRADEEP INDUSTRIES LIMITED,Ministry of Corporate Affairs (MCA),2026-08-26,https://www.mca.gov.in/mcafast/companyMasterData.do?cin=L29199GJ1984PLC007195,documents/AMRADEEP INDUSTRIES LIMITED/Company_Master_Data.pdf,68dd57961b79b25189abf5c11b2219baf476fd4e10fd3d2ecd25e8423ebc6213,2026-08-26T17:30:00Z
DOC_15789F97E068,L29199GJ1984PLC007195,FINANCIAL_STATEMENT,Form AOC-4 Financial Statements FY 2024-25 - AMRADEEP INDUSTRIES LIMITED,MCA Corporate Filings,2025-03-31,https://www.mca.gov.in/mcafast/companyMasterData.do?cin=L29199GJ1984PLC007195,documents/AMRADEEP INDUSTRIES LIMITED/AOC-4_Financial_Statements_FY25.pdf,7087b014e87268a65dded76d2e41adcc2fbee135d72957d4139d1054064ba821,2026-08-26T17:30:00Z
DOC_C5E1C263BA78,L29199GJ1984PLC007195,ANNUAL_RETURN,Form MGT-7 Annual Return FY 2024-25 - AMRADEEP INDUSTRIES LIMITED,MCA Corporate Filings,2025-09-30,https://www.mca.gov.in/mcafast/companyMasterData.do?cin=L29199GJ1984PLC007195,documents/AMRADEEP INDUSTRIES LIMITED/MGT-7_Annual_Return_FY25.pdf,ac4f07aab840cafeccd8cbf6763173d9ee83636d66fb900cc032ff15084b01be,2026-08-26T17:30:00Z
DOC_B930C49DDCC6,L29199GJ1984PLC007195,DIRECTOR_KMP_CHANGES,Form DIR-12 Director Particulars & KMP - AMRADEEP INDUSTRIES LIMITED,MCA Corporate Filings,2024-10-12,https://www.mca.gov.in/mcafast/companyMasterData.do?cin=L29199GJ1984PLC007195,documents/AMRADEEP INDUSTRIES LIMITED/DIR-12_Director_Records.pdf,e70be63a56f4cc9ba549299bf66ff14f558d2abee994460c513929c6932aba85,2026-08-26T17:30:00Z
DOC_6C4C9C325C5B,L29199GJ1984PLC007195,AUDITOR_APPOINTMENT,Form ADT-1 Auditor Appointment Resolution - AMRADEEP INDUSTRIES LIMITED,MCA Corporate Filings,2024-09-25,https://www.mca.gov.in/mcafast/companyMasterData.do?cin=L29199GJ1984PLC007195,documents/AMRADEEP INDUSTRIES LIMITED/ADT-1_Auditor_Appointment.pdf,6e41e7d2d38734099ea7d298ade980807933a09c47ae87123412c5a8550d96f4,2026-08-26T17:30:00Z
DOC_91C78930AC6B,L29199GJ1984PLC007195,REGISTERED_OFFICE,Form INC-22 Registered Office Proof - AMRADEEP INDUSTRIES LIMITED,MCA Corporate Filings,2023-04-18,https://www.mca.gov.in/mcafast/companyMasterData.do?cin=L29199GJ1984PLC007195,documents/AMRADEEP INDUSTRIES LIMITED/INC-22_Registered_Office_Proof.pdf,dd119fdd5fb8fe572f294e5591f6e35497fa66939b80cdcbdedd9ea0c426b2e6,2026-08-26T17:30:00Z
DOC_F7B43EFB83DA,L29199GJ1984PLC007195,RESOLUTIONS_AGREEMENTS,Form MGT-14 Special Resolutions - AMRADEEP INDUSTRIES LIMITED,MCA Corporate Filings,2024-02-14,https://www.mca.gov.in/mcafast/companyMasterData.do?cin=L29199GJ1984PLC007195,documents/AMRADEEP INDUSTRIES LIMITED/MGT-14_Special_Resolutions.pdf,144b0513d89bee5833366f21dc44dbbda801632d8c41daab66e78803b2cd80e9,2026-08-26T17:30:00Z
DOC_B3BFD84BC304,L29199GJ1984PLC007195,GST_TAXPAYER_DATA,GST Public Taxpayer Registration - AMRADEEP INDUSTRIES LIMITED,GST Council Public Portal,2026-01-15,https://www.mca.gov.in/mcafast/companyMasterData.do?cin=L29199GJ1984PLC007195,documents/AMRADEEP INDUSTRIES LIMITED/GST_Place_of_Business_Registration.pdf,4a68c78246c2428c6b2504a0e84f6ec28b0cc9ef7dacd1fb9c56a0e3679f62c4,2026-08-26T17:30:00Z
