document_id,CIN,document_type,title,publisher,document_date,download_url,local_filename,file_hash,retrieved_at
DOC_CFC880314A2A,U72900MH2021PTC368492,CORPORATE_FILING,Form SPICe AOA (INC-34)-06012022 1769402852016,MCA / Official Corporate Filing,2022-03-31,file:///Users/apple/Downloads/Shell companies/doc/Adafoa technology Pvt ltd/Form SPICe AOA (INC-34)-06012022_1769402852016.pdf,documents/Adafoa technology Pvt ltd/Form SPICe AOA (INC-34)-06012022_1769402852016.pdf,4f33638bebad1339695a058da3481d7aba5f69029e591fe0120014062514eab0,2026-08-26T00:00:00Z
DOC_5551800AFC75,U72900MH2021PTC368492,COMPANY_MASTER_DATA,Master data  MCA Services,MCA / Official Corporate Filing,,file:///Users/apple/Downloads/Shell companies/doc/Adafoa technology Pvt ltd/Master data  MCA Services.pdf,documents/Adafoa technology Pvt ltd/Master data  MCA Services.pdf,f517c17aeec331dce991a53957719c02aa6011e794a81675962e10a7f0374c47,2026-08-26T00:00:00Z
DOC_8A714BC28808,U72900MH2021PTC368492,CORPORATE_FILING,STAMPED ARTICLES OF ASSOCIATION-20220110 1769402848250,MCA / Official Corporate Filing,2022-03-31,file:///Users/apple/Downloads/Shell companies/doc/Adafoa technology Pvt ltd/STAMPED ARTICLES OF ASSOCIATION-20220110_1769402848250.pdf,documents/Adafoa technology Pvt ltd/STAMPED ARTICLES OF ASSOCIATION-20220110_1769402848250.pdf,25d41c607aa8a93853f74543dad95345ab89a90956cd082048a8742dc356c0ec,2026-08-26T00:00:00Z
DOC_D89B2EB5A9F5,U72900MH2021PTC368492,CORPORATE_FILING,Form SPICe AOA (INC-34)-29122021 1769402850229,MCA / Official Corporate Filing,2021-03-31,file:///Users/apple/Downloads/Shell companies/doc/Adafoa technology Pvt ltd/Form SPICe AOA (INC-34)-29122021_1769402850229.pdf,documents/Adafoa technology Pvt ltd/Form SPICe AOA (INC-34)-29122021_1769402850229.pdf,8bef19010ef1a6acb61899756c4a4601ad204fa5c841ee3ee2bec25f2cb613b7,2026-08-26T00:00:00Z
DOC_51D76DDFE164,U72900MH2021PTC368492,CORPORATE_FILING,Form SPICe MOA (INC-33)-29122021 1769402888643,MCA / Official Corporate Filing,2021-03-31,file:///Users/apple/Downloads/Shell companies/doc/Adafoa technology Pvt ltd/Form SPICe MOA (INC-33)-29122021_1769402888643.pdf,documents/Adafoa technology Pvt ltd/Form SPICe MOA (INC-33)-29122021_1769402888643.pdf,cc5164d584e0752870785e2d4c096f0c5fd6e6c55269b8d6cf3bc6d3228a4ec1,2026-08-26T00:00:00Z
DOC_6A0A4DAD5737,U72900MH2021PTC368492,CORPORATE_FILING,STAMPED MEMORANDUM OF ASSCOCIATION-20220110 1769402882042,MCA / Official Corporate Filing,2022-03-31,file:///Users/apple/Downloads/Shell companies/doc/Adafoa technology Pvt ltd/STAMPED MEMORANDUM OF ASSCOCIATION-20220110_1769402882042.pdf,documents/Adafoa technology Pvt ltd/STAMPED MEMORANDUM OF ASSCOCIATION-20220110_1769402882042.pdf,2dd6fe58d84cde2900a7d2859ffeb9bcc9629e564ccc67d534baaa83e8323612,2026-08-26T00:00:00Z
DOC_FC66FD328F5B,U72900MH2021PTC368492,CORPORATE_FILING,Form SPICe MOA (INC-33)-14122021 1769402886001,MCA / Official Corporate Filing,2021-03-31,file:///Users/apple/Downloads/Shell companies/doc/Adafoa technology Pvt ltd/Form SPICe MOA (INC-33)-14122021_1769402886001.pdf,documents/Adafoa technology Pvt ltd/Form SPICe MOA (INC-33)-14122021_1769402886001.pdf,2adc7abfc9d3523302f3be788c3aa7fbe86da5d5d3a66ab5c99c04e1c9447c9c,2026-08-26T00:00:00Z
DOC_1A243B210391,U72900MH2021PTC368492,CORPORATE_FILING,Form SPICe MOA (INC-33)-06012022 1769402887509,MCA / Official Corporate Filing,2022-03-31,file:///Users/apple/Downloads/Shell companies/doc/Adafoa technology Pvt ltd/Form SPICe MOA (INC-33)-06012022_1769402887509.pdf,documents/Adafoa technology Pvt ltd/Form SPICe MOA (INC-33)-06012022_1769402887509.pdf,e7a79979c56755b61692f2e18c3250b40eb7945f66a04d632e92c55275b1bd64,2026-08-26T00:00:00Z
DOC_8C0FF5764CE2,U72900MH2021PTC368492,INCORPORATION_CERTIFICATE,CERTIFICATE OF INCORPORATION-20220110 1769402802957,MCA / Official Corporate Filing,2022-03-31,file:///Users/apple/Downloads/Shell companies/doc/Adafoa technology Pvt ltd/CERTIFICATE OF INCORPORATION-20220110_1769402802957.pdf,documents/Adafoa technology Pvt ltd/CERTIFICATE OF INCORPORATION-20220110_1769402802957.pdf,69ce6fac83c7e7e4492f9f038d0caffb72fd5a0c578d18555d49fb68ac20b80e,2026-08-26T00:00:00Z
DOC_908664BC126B,U72900MH2021PTC368492,CORPORATE_FILING,Form SPICe AOA (INC-34)-16122021 1769402853888,MCA / Official Corporate Filing,2021-03-31,file:///Users/apple/Downloads/Shell companies/doc/Adafoa technology Pvt ltd/Form SPICe AOA (INC-34)-16122021_1769402853888.pdf,documents/Adafoa technology Pvt ltd/Form SPICe AOA (INC-34)-16122021_1769402853888.pdf,723c378a1148a4022b2983a33f1b9315070a3c60ae4ddbf9d0f35138e5bdd0e7,2026-08-26T00:00:00Z
DOC_C7AAEEC07E96,U72900MH2021PTC368492,CORPORATE_FILING,Form SPICe MOA (INC-33)-16122021 1769402883840,MCA / Official Corporate Filing,2021-03-31,file:///Users/apple/Downloads/Shell companies/doc/Adafoa technology Pvt ltd/Form SPICe MOA (INC-33)-16122021_1769402883840.pdf,documents/Adafoa technology Pvt ltd/Form SPICe MOA (INC-33)-16122021_1769402883840.pdf,4142d7b6825b397a3ad3bfb141486493b812add25b88cb4c76b1dccbec643e69,2026-08-26T00:00:00Z
DOC_E20FFE404E4E,U72900MH2021PTC368492,CORPORATE_FILING,Form SPICe AOA (INC-34)-14122021 1769402856057,MCA / Official Corporate Filing,2021-03-31,file:///Users/apple/Downloads/Shell companies/doc/Adafoa technology Pvt ltd/Form SPICe AOA (INC-34)-14122021_1769402856057.pdf,documents/Adafoa technology Pvt ltd/Form SPICe AOA (INC-34)-14122021_1769402856057.pdf,e3e77f662d014768f748bfbd4152aef72bffd30a02c2e6d0358a29302e051d38,2026-08-26T00:00:00Z
DOC_602E8F1734D9,U01403MH2015PTC261942,CORPORATE_FILING,U01100MH2019PTC320804 UU3480759 (4),MCA / Official Corporate Filing,2019-03-31,file:///Users/apple/Downloads/Shell companies/doc/BAGLAN FARMERS PRODUCER COMPANY LIMITED-20260803T053634Z-1-001/BAGLAN FARMERS PRODUCER COMPANY LIMITED/Annual Filing/U01100MH2019PTC320804_UU3480759 (4).zip,documents/BAGLAN FARMERS PRODUCER COMPANY LIMITED-20260803T053634Z-1-001/BAGLAN FARMERS PRODUCER COMPANY LIMITED/Annual Filing/U01100MH2019PTC320804_UU3480759 (4).zip,e44259f2bc16a29d0a2d6372097450bdc9c871b4f789ea20ad6689339180b447,2026-08-26T00:00:00Z
DOC_4EA79317C122,U01403MH2015PTC261942,CORPORATE_FILING,U01100MH2019PTC320804 UU3480759,MCA / Official Corporate Filing,2019-03-31,file:///Users/apple/Downloads/Shell companies/doc/BAGLAN FARMERS PRODUCER COMPANY LIMITED-20260803T053634Z-1-001/BAGLAN FARMERS PRODUCER COMPANY LIMITED/Annual Filing/U01100MH2019PTC320804_UU3480759.zip,documents/BAGLAN FARMERS PRODUCER COMPANY LIMITED-20260803T053634Z-1-001/BAGLAN FARMERS PRODUCER COMPANY LIMITED/Annual Filing/U01100MH2019PTC320804_UU3480759.zip,b4c2909563c8b8fe9528679a43b664df7df91e337f74c083807ababaaad816d2,2026-08-26T00:00:00Z
DOC_90B59CAE612B,U01403MH2015PTC261942,CORPORATE_FILING,U01100MH2019PTC320804 UU3480759 (2),MCA / Official Corporate Filing,2019-03-31,file:///Users/apple/Downloads/Shell companies/doc/BAGLAN FARMERS PRODUCER COMPANY LIMITED-20260803T053634Z-1-001/BAGLAN FARMERS PRODUCER COMPANY LIMITED/Annual Filing/U01100MH2019PTC320804_UU3480759 (2).zip,documents/BAGLAN FARMERS PRODUCER COMPANY LIMITED-20260803T053634Z-1-001/BAGLAN FARMERS PRODUCER COMPANY LIMITED/Annual Filing/U01100MH2019PTC320804_UU3480759 (2).zip,f1c85b9383abd0fa9f131a00014038c5ed0cbe50c6a68ae0121c0fc883b1ab09,2026-08-26T00:00:00Z
DOC_87F8B2FDE75E,U01403MH2015PTC261942,CORPORATE_FILING,U01100MH2019PTC320804 UU3480759 (3),MCA / Official Corporate Filing,2019-03-31,file:///Users/apple/Downloads/Shell companies/doc/BAGLAN FARMERS PRODUCER COMPANY LIMITED-20260803T053634Z-1-001/BAGLAN FARMERS PRODUCER COMPANY LIMITED/Annual Filing/U01100MH2019PTC320804_UU3480759 (3).zip,documents/BAGLAN FARMERS PRODUCER COMPANY LIMITED-20260803T053634Z-1-001/BAGLAN FARMERS PRODUCER COMPANY LIMITED/Annual Filing/U01100MH2019PTC320804_UU3480759 (3).zip,25098042abfd44060440b514abfe269a7d731067a9e579a26d5cee7a5c2124b7,2026-08-26T00:00:00Z
DOC_F7F84565C454,U01403MH2015PTC261942,CORPORATE_FILING,U01100MH2019PTC320804 UU3480759 (1),MCA / Official Corporate Filing,2019-03-31,file:///Users/apple/Downloads/Shell companies/doc/BAGLAN FARMERS PRODUCER COMPANY LIMITED-20260803T053634Z-1-001/BAGLAN FARMERS PRODUCER COMPANY LIMITED/Annual Filing/U01100MH2019PTC320804_UU3480759 (1).zip,documents/BAGLAN FARMERS PRODUCER COMPANY LIMITED-20260803T053634Z-1-001/BAGLAN FARMERS PRODUCER COMPANY LIMITED/Annual Filing/U01100MH2019PTC320804_UU3480759 (1).zip,c981f9b81dce48c26f989cff71acd32e97c159b870113b592bd7113be3d0f980,2026-08-26T00:00:00Z
DOC_1F66655DD373,U01403MH2015PTC261942,RESOLUTIONS_AGREEMENTS,MGT-14 Form MGT14 17 11 2025,MCA / Official Corporate Filing,2025-11-17,file:///Users/apple/Downloads/Shell companies/doc/BAGLAN FARMERS PRODUCER COMPANY LIMITED-20260803T053634Z-1-001/BAGLAN FARMERS PRODUCER COMPANY LIMITED/Other eForm Documents/MGT-14_Form MGT14_17_11_2025.pdf,documents/BAGLAN FARMERS PRODUCER COMPANY LIMITED-20260803T053634Z-1-001/BAGLAN FARMERS PRODUCER COMPANY LIMITED/Other eForm Documents/MGT-14_Form MGT14_17_11_2025.pdf,ba5b1c39fc2a79c10be880ba3a4bc5858508cc74028b284922f78c3706cf413b,2026-08-26T00:00:00Z
DOC_FE42BFC94678,U01403MH2015PTC261942,RESOLUTIONS_AGREEMENTS,MGT-14 Form MGT14 19 03 2022,MCA / Official Corporate Filing,2022-03-19,file:///Users/apple/Downloads/Shell companies/doc/BAGLAN FARMERS PRODUCER COMPANY LIMITED-20260803T053634Z-1-001/BAGLAN FARMERS PRODUCER COMPANY LIMITED/Other eForm Documents/MGT-14_Form MGT14_19_03_2022.pdf,documents/BAGLAN FARMERS PRODUCER COMPANY LIMITED-20260803T053634Z-1-001/BAGLAN FARMERS PRODUCER COMPANY LIMITED/Other eForm Documents/MGT-14_Form MGT14_19_03_2022.pdf,1628249b69ba0ba6524829d1eeb76a91c2665afd2287e501a9d1dc7960569f60,2026-08-26T00:00:00Z
DOC_F9E13112D78C,U01403MH2015PTC261942,REGISTERED_OFFICE,INC-22 Copies of the utility bills not older than two months 17 11 2025,MCA / Official Corporate Filing,2025-11-17,file:///Users/apple/Downloads/Shell companies/doc/BAGLAN FARMERS PRODUCER COMPANY LIMITED-20260803T053634Z-1-001/BAGLAN FARMERS PRODUCER COMPANY LIMITED/Other eForm Documents/INC-22_Copies of the utility bills not older than two months_17_11_2025.jpeg,documents/BAGLAN FARMERS PRODUCER COMPANY LIMITED-20260803T053634Z-1-001/BAGLAN FARMERS PRODUCER COMPANY LIMITED/Other eForm Documents/INC-22_Copies of the utility bills not older than two months_17_11_2025.jpeg,2d471870bb1a4c2a132855e244b0f8f4835df5fe91316961c6076c0cf36e72e6,2026-08-26T00:00:00Z
DOC_446B79AC5D8D,U01403MH2015PTC261942,CORPORATE_FILING,SH-7 Altered memorandum of assciation 30 11 2022,MCA / Official Corporate Filing,2022-11-30,file:///Users/apple/Downloads/Shell companies/doc/BAGLAN FARMERS PRODUCER COMPANY LIMITED-20260803T053634Z-1-001/BAGLAN FARMERS PRODUCER COMPANY LIMITED/Other eForm Documents/SH-7_Altered memorandum of assciation_30_11_2022.pdf,documents/BAGLAN FARMERS PRODUCER COMPANY LIMITED-20260803T053634Z-1-001/BAGLAN FARMERS PRODUCER COMPANY LIMITED/Other eForm Documents/SH-7_Altered memorandum of assciation_30_11_2022.pdf,0879ad1710586a03e4d86f2fb31a876de8ebe3670ad848e7f1b7086f2b2e1509,2026-08-26T00:00:00Z
DOC_852734BFD6F4,U01403MH2015PTC261942,RESOLUTIONS_AGREEMENTS,MGT-14 Altered memorandum of association (1) 19 03 2022,MCA / Official Corporate Filing,2022-03-19,file:///Users/apple/Downloads/Shell companies/doc/BAGLAN FARMERS PRODUCER COMPANY LIMITED-20260803T053634Z-1-001/BAGLAN FARMERS PRODUCER COMPANY LIMITED/Other eForm Documents/MGT-14_Altered memorandum of association (1)_19_03_2022.pdf,documents/BAGLAN FARMERS PRODUCER COMPANY LIMITED-20260803T053634Z-1-001/BAGLAN FARMERS PRODUCER COMPANY LIMITED/Other eForm Documents/MGT-14_Altered memorandum of association (1)_19_03_2022.pdf,4e84cf310c9fc91d078d32201ca75eacd6ed4454312d76b928d41272bee9bac8,2026-08-26T00:00:00Z
DOC_0DE996DEA4D9,U01403MH2015PTC261942,COMMENCEMENT_OF_BUSINESS,INC-20A Form INC20A 30 12 2020,MCA / Official Corporate Filing,2020-12-30,file:///Users/apple/Downloads/Shell companies/doc/BAGLAN FARMERS PRODUCER COMPANY LIMITED-20260803T053634Z-1-001/BAGLAN FARMERS PRODUCER COMPANY LIMITED/Other eForm Documents/INC-20A_Form INC20A_30_12_2020.pdf,documents/BAGLAN FARMERS PRODUCER COMPANY LIMITED-20260803T053634Z-1-001/BAGLAN FARMERS PRODUCER COMPANY LIMITED/Other eForm Documents/INC-20A_Form INC20A_30_12_2020.pdf,c2232ecbdac778bb64f99ed56d478592175a01541fc98f758b3c6b4d1e610a57,2026-08-26T00:00:00Z
DOC_930B89DA513B,U01403MH2015PTC261942,CORPORATE_FILING,SH-7 Copy of the resolution for alteration of capital 30 11 2022,MCA / Official Corporate Filing,2022-11-30,file:///Users/apple/Downloads/Shell companies/doc/BAGLAN FARMERS PRODUCER COMPANY LIMITED-20260803T053634Z-1-001/BAGLAN FARMERS PRODUCER COMPANY LIMITED/Other eForm Documents/SH-7_Copy of the resolution for alteration of capital_30_11_2022.pdf,documents/BAGLAN FARMERS PRODUCER COMPANY LIMITED-20260803T053634Z-1-001/BAGLAN FARMERS PRODUCER COMPANY LIMITED/Other eForm Documents/SH-7_Copy of the resolution for alteration of capital_30_11_2022.pdf,d08b7bb3fd87e770e89413b6f6418da718da1458d34e00642f81f127090bff71,2026-08-26T00:00:00Z
DOC_C41232CB0EED,U01403MH2015PTC261942,AUDITOR_APPOINTMENT,ADT - 1 Form ADT1 14 10 2025,MCA / Official Corporate Filing,2025-10-14,file:///Users/apple/Downloads/Shell companies/doc/BAGLAN FARMERS PRODUCER COMPANY LIMITED-20260803T053634Z-1-001/BAGLAN FARMERS PRODUCER COMPANY LIMITED/Other eForm Documents/ADT - 1_Form ADT1_14_10_2025.pdf,documents/BAGLAN FARMERS PRODUCER COMPANY LIMITED-20260803T053634Z-1-001/BAGLAN FARMERS PRODUCER COMPANY LIMITED/Other eForm Documents/ADT - 1_Form ADT1_14_10_2025.pdf,329decc474295cb198ca3e39a41e025269c9892c389a89497b0f7c9bcefb350b,2026-08-26T00:00:00Z
DOC_CA1883AD81A3,U01403MH2015PTC261942,REGISTERED_OFFICE,INC-22 Form INC22 29 04 2023,MCA / Official Corporate Filing,2023-04-29,file:///Users/apple/Downloads/Shell companies/doc/BAGLAN FARMERS PRODUCER COMPANY LIMITED-20260803T053634Z-1-001/BAGLAN FARMERS PRODUCER COMPANY LIMITED/Other eForm Documents/INC-22_Form INC22_29_04_2023.pdf,documents/BAGLAN FARMERS PRODUCER COMPANY LIMITED-20260803T053634Z-1-001/BAGLAN FARMERS PRODUCER COMPANY LIMITED/Other eForm Documents/INC-22_Form INC22_29_04_2023.pdf,47b5120b04c8548220f3e11daec325464dfad12744059493f598ee4924d43716,2026-08-26T00:00:00Z
DOC_E47B218B5203,U01403MH2015PTC261942,AUDITOR_APPOINTMENT,ADT - 1 Copy of the intimation sent by company 14 10 2025,MCA / Official Corporate Filing,2025-10-14,file:///Users/apple/Downloads/Shell companies/doc/BAGLAN FARMERS PRODUCER COMPANY LIMITED-20260803T053634Z-1-001/BAGLAN FARMERS PRODUCER COMPANY LIMITED/Other eForm Documents/ADT - 1_Copy of the intimation sent by company_14_10_2025.pdf,documents/BAGLAN FARMERS PRODUCER COMPANY LIMITED-20260803T053634Z-1-001/BAGLAN FARMERS PRODUCER COMPANY LIMITED/Other eForm Documents/ADT - 1_Copy of the intimation sent by company_14_10_2025.pdf,80cf055100548877908122ab731f08bf2320062202b3f057d70f565a1812c689,2026-08-26T00:00:00Z
DOC_31157546CDDA,U01403MH2015PTC261942,AUDITOR_APPOINTMENT,ADT - 1 Copy of written consent given by auditor 29 01 2021,MCA / Official Corporate Filing,2021-01-29,file:///Users/apple/Downloads/Shell companies/doc/BAGLAN FARMERS PRODUCER COMPANY LIMITED-20260803T053634Z-1-001/BAGLAN FARMERS PRODUCER COMPANY LIMITED/Other eForm Documents/ADT - 1_Copy of written consent given by auditor_29_01_2021.pdf,documents/BAGLAN FARMERS PRODUCER COMPANY LIMITED-20260803T053634Z-1-001/BAGLAN FARMERS PRODUCER COMPANY LIMITED/Other eForm Documents/ADT - 1_Copy of written consent given by auditor_29_01_2021.pdf,b59f2724691bce6c446f43a54b4652a0ada080a49b400eb87dd7853a82365ee6,2026-08-26T00:00:00Z
DOC_1EAA6F0DCF82,U01403MH2015PTC261942,REGISTERED_OFFICE,INC-22 Form INC22 08 03 2019,MCA / Official Corporate Filing,2019-03-08,file:///Users/apple/Downloads/Shell companies/doc/BAGLAN FARMERS PRODUCER COMPANY LIMITED-20260803T053634Z-1-001/BAGLAN FARMERS PRODUCER COMPANY LIMITED/Other eForm Documents/INC-22_Form INC22_08_03_2019.pdf,documents/BAGLAN FARMERS PRODUCER COMPANY LIMITED-20260803T053634Z-1-001/BAGLAN FARMERS PRODUCER COMPANY LIMITED/Other eForm Documents/INC-22_Form INC22_08_03_2019.pdf,862c07ab460d410a1fb8075ad294385a2566d470518893eff5bc5df8cad3c31e,2026-08-26T00:00:00Z
DOC_D830820A6669,U01403MH2015PTC261942,REGISTERED_OFFICE,INC-22 Copies of the utility bills not older than two months 29 04 2023,MCA / Official Corporate Filing,2023-04-29,file:///Users/apple/Downloads/Shell companies/doc/BAGLAN FARMERS PRODUCER COMPANY LIMITED-20260803T053634Z-1-001/BAGLAN FARMERS PRODUCER COMPANY LIMITED/Other eForm Documents/INC-22_Copies of the utility bills not older than two months_29_04_2023.pdf,documents/BAGLAN FARMERS PRODUCER COMPANY LIMITED-20260803T053634Z-1-001/BAGLAN FARMERS PRODUCER COMPANY LIMITED/Other eForm Documents/INC-22_Copies of the utility bills not older than two months_29_04_2023.pdf,7dd6a44fc3a3045c747aae62c09bc677bba81670d40a6f17933908088a7bf22a,2026-08-26T00:00:00Z
DOC_BF540636A9FA,U01403MH2015PTC261942,AUDITOR_APPOINTMENT,ADT - 1 Form ADT1 29 01 2021,MCA / Official Corporate Filing,2021-01-29,file:///Users/apple/Downloads/Shell companies/doc/BAGLAN FARMERS PRODUCER COMPANY LIMITED-20260803T053634Z-1-001/BAGLAN FARMERS PRODUCER COMPANY LIMITED/Other eForm Documents/ADT - 1_Form ADT1_29_01_2021.pdf,documents/BAGLAN FARMERS PRODUCER COMPANY LIMITED-20260803T053634Z-1-001/BAGLAN FARMERS PRODUCER COMPANY LIMITED/Other eForm Documents/ADT - 1_Form ADT1_29_01_2021.pdf,fc7860b6722d6c33b3bd41dde57aed73520e4bf96efb3b1fb3b190d044d6ffe3,2026-08-26T00:00:00Z
DOC_A35E25C0F65B,U01403MH2015PTC261942,CORPORATE_FILING,PAS-3 Form PAS3 03 04 2024,MCA / Official Corporate Filing,2024-04-03,file:///Users/apple/Downloads/Shell companies/doc/BAGLAN FARMERS PRODUCER COMPANY LIMITED-20260803T053634Z-1-001/BAGLAN FARMERS PRODUCER COMPANY LIMITED/Other eForm Documents/PAS-3_Form PAS3_03_04_2024.pdf,documents/BAGLAN FARMERS PRODUCER COMPANY LIMITED-20260803T053634Z-1-001/BAGLAN FARMERS PRODUCER COMPANY LIMITED/Other eForm Documents/PAS-3_Form PAS3_03_04_2024.pdf,f5a57e85d000d84f34c38f9c404deadeb51c5ad17d8752079cdd69cfdfffbf47,2026-08-26T00:00:00Z
DOC_FD2C31038B2F,U01403MH2015PTC261942,RESOLUTIONS_AGREEMENTS,MGT-14 Altered memorandum of association 19 03 2022,MCA / Official Corporate Filing,2022-03-19,file:///Users/apple/Downloads/Shell companies/doc/BAGLAN FARMERS PRODUCER COMPANY LIMITED-20260803T053634Z-1-001/BAGLAN FARMERS PRODUCER COMPANY LIMITED/Other eForm Documents/MGT-14_Altered memorandum of association_19_03_2022.pdf,documents/BAGLAN FARMERS PRODUCER COMPANY LIMITED-20260803T053634Z-1-001/BAGLAN FARMERS PRODUCER COMPANY LIMITED/Other eForm Documents/MGT-14_Altered memorandum of association_19_03_2022.pdf,4e84cf310c9fc91d078d32201ca75eacd6ed4454312d76b928d41272bee9bac8,2026-08-26T00:00:00Z
DOC_C6AD4D46EF24,U01403MH2015PTC261942,AUDITOR_APPOINTMENT,ADT - 1 Copy of written consent given by auditor 14 10 2025,MCA / Official Corporate Filing,2025-10-14,file:///Users/apple/Downloads/Shell companies/doc/BAGLAN FARMERS PRODUCER COMPANY LIMITED-20260803T053634Z-1-001/BAGLAN FARMERS PRODUCER COMPANY LIMITED/Other eForm Documents/ADT - 1_Copy of written consent given by auditor_14_10_2025.pdf,documents/BAGLAN FARMERS PRODUCER COMPANY LIMITED-20260803T053634Z-1-001/BAGLAN FARMERS PRODUCER COMPANY LIMITED/Other eForm Documents/ADT - 1_Copy of written consent given by auditor_14_10_2025.pdf,60d70a7b8ffb309feb2b7f9fd44df70d49ca6ff8caf6600d8e7ce58dc519a5cf,2026-08-26T00:00:00Z
DOC_2243EC80B7B3,U01403MH2015PTC261942,AUDITOR_APPOINTMENT,ADT - 1 Copy of the intimation sent by company 29 01 2021,MCA / Official Corporate Filing,2021-01-29,file:///Users/apple/Downloads/Shell companies/doc/BAGLAN FARMERS PRODUCER COMPANY LIMITED-20260803T053634Z-1-001/BAGLAN FARMERS PRODUCER COMPANY LIMITED/Other eForm Documents/ADT - 1_Copy of the intimation sent by company_29_01_2021.pdf,documents/BAGLAN FARMERS PRODUCER COMPANY LIMITED-20260803T053634Z-1-001/BAGLAN FARMERS PRODUCER COMPANY LIMITED/Other eForm Documents/ADT - 1_Copy of the intimation sent by company_29_01_2021.pdf,ba960125a1ff320259a47761b82ea989b72edf09bef67aad67582ec6c40c7915,2026-08-26T00:00:00Z
DOC_E3A8A8008752,U01403MH2015PTC261942,CORPORATE_FILING,SH-7 Optional attachments if any 30 11 2022,MCA / Official Corporate Filing,2022-11-30,file:///Users/apple/Downloads/Shell companies/doc/BAGLAN FARMERS PRODUCER COMPANY LIMITED-20260803T053634Z-1-001/BAGLAN FARMERS PRODUCER COMPANY LIMITED/Other eForm Documents/SH-7_Optional attachments if any_30_11_2022.pdf,documents/BAGLAN FARMERS PRODUCER COMPANY LIMITED-20260803T053634Z-1-001/BAGLAN FARMERS PRODUCER COMPANY LIMITED/Other eForm Documents/SH-7_Optional attachments if any_30_11_2022.pdf,4a56f2f2b6c222e1d94f2c5d647a449e8be92cfa36f40c542fbef87cbe72b60b,2026-08-26T00:00:00Z
DOC_B8703D210865,U01403MH2015PTC261942,REGISTERED_OFFICE,INC-22 Copies of the utility bills not older than two months 08 03 2019,MCA / Official Corporate Filing,2019-03-08,file:///Users/apple/Downloads/Shell companies/doc/BAGLAN FARMERS PRODUCER COMPANY LIMITED-20260803T053634Z-1-001/BAGLAN FARMERS PRODUCER COMPANY LIMITED/Other eForm Documents/INC-22_Copies of the utility bills not older than two months_08_03_2019.pdf,documents/BAGLAN FARMERS PRODUCER COMPANY LIMITED-20260803T053634Z-1-001/BAGLAN FARMERS PRODUCER COMPANY LIMITED/Other eForm Documents/INC-22_Copies of the utility bills not older than two months_08_03_2019.pdf,e7896b700e8aad496f34db207a94616810f7cbdf1d5e2d74c66e02d3ce3d8b50,2026-08-26T00:00:00Z
DOC_1240DE857723,U01403MH2015PTC261942,RESOLUTIONS_AGREEMENTS,MGT-14 Form MGT14 07 04 2022,MCA / Official Corporate Filing,2022-04-07,file:///Users/apple/Downloads/Shell companies/doc/BAGLAN FARMERS PRODUCER COMPANY LIMITED-20260803T053634Z-1-001/BAGLAN FARMERS PRODUCER COMPANY LIMITED/Other eForm Documents/MGT-14_Form MGT14_07_04_2022.pdf,documents/BAGLAN FARMERS PRODUCER COMPANY LIMITED-20260803T053634Z-1-001/BAGLAN FARMERS PRODUCER COMPANY LIMITED/Other eForm Documents/MGT-14_Form MGT14_07_04_2022.pdf,bddf2e24cbf5b2efae176b1d8e561fe8033ded4f87a68862ece89a15e6fc9a4e,2026-08-26T00:00:00Z
DOC_8176528996C4,U01403MH2015PTC261942,AUDITOR_APPOINTMENT,ADT - 1 Copy of resolution passed by the company 29 01 2021,MCA / Official Corporate Filing,2021-01-29,file:///Users/apple/Downloads/Shell companies/doc/BAGLAN FARMERS PRODUCER COMPANY LIMITED-20260803T053634Z-1-001/BAGLAN FARMERS PRODUCER COMPANY LIMITED/Other eForm Documents/ADT - 1_Copy of resolution passed by the company_29_01_2021.pdf,documents/BAGLAN FARMERS PRODUCER COMPANY LIMITED-20260803T053634Z-1-001/BAGLAN FARMERS PRODUCER COMPANY LIMITED/Other eForm Documents/ADT - 1_Copy of resolution passed by the company_29_01_2021.pdf,79ce8e0ac82f2501a0d4f2f36ebab0f8c7bf483be78e4d47982758c5893d2e1d,2026-08-26T00:00:00Z
DOC_B914A12AF62B,U01403MH2015PTC261942,CORPORATE_FILING,SH-7 Form SH7 30 11 2022,MCA / Official Corporate Filing,2022-11-30,file:///Users/apple/Downloads/Shell companies/doc/BAGLAN FARMERS PRODUCER COMPANY LIMITED-20260803T053634Z-1-001/BAGLAN FARMERS PRODUCER COMPANY LIMITED/Other eForm Documents/SH-7_Form SH7_30_11_2022.pdf,documents/BAGLAN FARMERS PRODUCER COMPANY LIMITED-20260803T053634Z-1-001/BAGLAN FARMERS PRODUCER COMPANY LIMITED/Other eForm Documents/SH-7_Form SH7_30_11_2022.pdf,d6e8eafdfbf1181f74ec074b030205fccef45d95b5330b1b0199d1c24ab8dc31,2026-08-26T00:00:00Z
DOC_792AA01A0E9F,U01403MH2015PTC261942,REGISTERED_OFFICE,INC-22 Form INC22 17 11 2025,MCA / Official Corporate Filing,2025-11-17,file:///Users/apple/Downloads/Shell companies/doc/BAGLAN FARMERS PRODUCER COMPANY LIMITED-20260803T053634Z-1-001/BAGLAN FARMERS PRODUCER COMPANY LIMITED/Other eForm Documents/INC-22_Form INC22_17_11_2025.pdf,documents/BAGLAN FARMERS PRODUCER COMPANY LIMITED-20260803T053634Z-1-001/BAGLAN FARMERS PRODUCER COMPANY LIMITED/Other eForm Documents/INC-22_Form INC22_17_11_2025.pdf,832cdafd26ea651145dca736cd0b910e0a6830ac63208bd1b778ce2773f06233,2026-08-26T00:00:00Z
DOC_D16D2EB744B5,U01403MH2015PTC261942,INCORPORATION_CERTIFICATE,SPICE + Part B Certificate of Incorporation 25 01 2019,MCA / Official Corporate Filing,2019-01-25,file:///Users/apple/Downloads/Shell companies/doc/BAGLAN FARMERS PRODUCER COMPANY LIMITED-20260803T053634Z-1-001/BAGLAN FARMERS PRODUCER COMPANY LIMITED/Certificate/SPICE + Part B_Certificate of Incorporation_25_01_2019.pdf,documents/BAGLAN FARMERS PRODUCER COMPANY LIMITED-20260803T053634Z-1-001/BAGLAN FARMERS PRODUCER COMPANY LIMITED/Certificate/SPICE + Part B_Certificate of Incorporation_25_01_2019.pdf,ce0a436a5485a8f708a87c73807d96ffea406a7ad53d12a1bef042f88fd11dd3,2026-08-26T00:00:00Z
DOC_1D1E23B3C604,U01403MH2015PTC261942,INCORPORATION_CERTIFICATE,SPICE + Part B Certificate of Incorporation (1) 25 01 2019,MCA / Official Corporate Filing,2019-01-25,file:///Users/apple/Downloads/Shell companies/doc/BAGLAN FARMERS PRODUCER COMPANY LIMITED-20260803T053634Z-1-001/BAGLAN FARMERS PRODUCER COMPANY LIMITED/Certificate/SPICE + Part B_Certificate of Incorporation (1)_25_01_2019.pdf,documents/BAGLAN FARMERS PRODUCER COMPANY LIMITED-20260803T053634Z-1-001/BAGLAN FARMERS PRODUCER COMPANY LIMITED/Certificate/SPICE + Part B_Certificate of Incorporation (1)_25_01_2019.pdf,fb23e4e0699c4630c9c70c87180f4af4662abba1dd19a3bd82dc811cc71f0ff2,2026-08-26T00:00:00Z
DOC_2BF029CE46F1,U01403MH2015PTC261942,CORPORATE_FILING,UU3480759 Receipt.pdf,MCA / Official Corporate Filing,,file:///Users/apple/Downloads/Shell companies/doc/BAGLAN FARMERS PRODUCER COMPANY LIMITED-20260803T053634Z-1-001/BAGLAN FARMERS PRODUCER COMPANY LIMITED/Challan/UU3480759_Receipt.pdf.pdf,documents/BAGLAN FARMERS PRODUCER COMPANY LIMITED-20260803T053634Z-1-001/BAGLAN FARMERS PRODUCER COMPANY LIMITED/Challan/UU3480759_Receipt.pdf.pdf,d3b36e2869e86ed10488611e232aae0d82d77afca235b181a445b3d42f315b3b,2026-08-26T00:00:00Z
DOC_55F09FE7323E,U01403MH2015PTC261942,FINANCIAL_STATEMENT,AOC-4 Form AOC4 18 11 2025,MCA / Official Corporate Filing,2025-11-18,file:///Users/apple/Downloads/Shell companies/doc/BAGLAN FARMERS PRODUCER COMPANY LIMITED-20260803T053634Z-1-001/BAGLAN FARMERS PRODUCER COMPANY LIMITED/Annual Filing/U01100MH2019PTC320804_UU3480759 (1)/AOC-4_Form AOC4_18_11_2025.pdf,documents/BAGLAN FARMERS PRODUCER COMPANY LIMITED-20260803T053634Z-1-001/BAGLAN FARMERS PRODUCER COMPANY LIMITED/Annual Filing/U01100MH2019PTC320804_UU3480759 (1)/AOC-4_Form AOC4_18_11_2025.pdf,dfdc476c212539ccb6f3bbd7455424f7454e8142e8b6788334754490f3109a38,2026-08-26T00:00:00Z
DOC_A714CF117315,U65993MH1982PTC027783,ANNUAL_RETURN,Form MGT-7-12122019 signed 1769401341049,MCA / Official Corporate Filing,2019-03-31,file:///Users/apple/Downloads/Shell companies/doc/BALBIR HOLDINGS PRIVATE LIMITED/Form MGT-7-12122019_signed_1769401341049.pdf,documents/BALBIR HOLDINGS PRIVATE LIMITED/Form MGT-7-12122019_signed_1769401341049.pdf,9aa67d929789735ed6264b9d85e07e0d3cb5b7c38844c92d11bacd92471c16f4,2026-08-26T00:00:00Z
DOC_40DDB754DCB9,U65993MH1982PTC027783,INCORPORATION_CERTIFICATE,Certificate of Incorporation 1769401441308,MCA / Official Corporate Filing,,file:///Users/apple/Downloads/Shell companies/doc/BALBIR HOLDINGS PRIVATE LIMITED/Certificate of Incorporation_1769401441308.PDF,documents/BALBIR HOLDINGS PRIVATE LIMITED/Certificate of Incorporation_1769401441308.PDF,3c105e5effe7c71db8a19fd83d56ec7ff881551e995d5381e03e647773c8091b,2026-08-26T00:00:00Z
DOC_58B7FAECADFD,U65993MH1982PTC027783,FINANCIAL_STATEMENT,Form AOC-4-18122018 signed 1769401335724,MCA / Official Corporate Filing,2018-03-31,file:///Users/apple/Downloads/Shell companies/doc/BALBIR HOLDINGS PRIVATE LIMITED/Form AOC-4-18122018_signed_1769401335724.pdf,documents/BALBIR HOLDINGS PRIVATE LIMITED/Form AOC-4-18122018_signed_1769401335724.pdf,71dbf55d5d15406ccbd33ad57f793d2ee6ec68df021df2e4cfda2e5647c01bc9,2026-08-26T00:00:00Z
DOC_D8511A2746F7,U65993MH1982PTC027783,CORPORATE_FILING,AOA 1769401428242,MCA / Official Corporate Filing,,file:///Users/apple/Downloads/Shell companies/doc/BALBIR HOLDINGS PRIVATE LIMITED/AOA_1769401428242.PDF,documents/BALBIR HOLDINGS PRIVATE LIMITED/AOA_1769401428242.PDF,c2e548ae7a98f147da71760eea595068c247514dc47e413f53a9f9b6a2323367,2026-08-26T00:00:00Z
DOC_5184159013BF,U65993MH1982PTC027783,FINANCIAL_STATEMENT,Form AOC-4-12022021 1769401217763,MCA / Official Corporate Filing,2022-03-31,file:///Users/apple/Downloads/Shell companies/doc/BALBIR HOLDINGS PRIVATE LIMITED/Form AOC-4-12022021_1769401217763,documents/BALBIR HOLDINGS PRIVATE LIMITED/Form AOC-4-12022021_1769401217763,bee001d26a051f8e49a5e7c1a9504104d6cd7fbcbdf3053db5c9398d8f8a61ea,2026-08-26T00:00:00Z
DOC_D19BBC116C39,U65993MH1982PTC027783,ANNUAL_RETURN,Form MGT-7-02032021 signed 1769401226041,MCA / Official Corporate Filing,2032-03-31,file:///Users/apple/Downloads/Shell companies/doc/BALBIR HOLDINGS PRIVATE LIMITED/Form MGT-7-02032021_signed_1769401226041.pdf,documents/BALBIR HOLDINGS PRIVATE LIMITED/Form MGT-7-02032021_signed_1769401226041.pdf,cd5b9de86abd9792d77defb2838aba47fed9c576ab946b95816a284ecd637ce7,2026-08-26T00:00:00Z
DOC_CD2E596446DD,U65993MH1982PTC027783,ANNUAL_RETURN,Form MGT-7-18122018 signed 1769401338445,MCA / Official Corporate Filing,2018-03-31,file:///Users/apple/Downloads/Shell companies/doc/BALBIR HOLDINGS PRIVATE LIMITED/Form MGT-7-18122018_signed_1769401338445.pdf,documents/BALBIR HOLDINGS PRIVATE LIMITED/Form MGT-7-18122018_signed_1769401338445.pdf,bae74cc1eff621b572cc329fd1d1346004d094735c44636f42116864285cafd4,2026-08-26T00:00:00Z
DOC_99E0A5D4F671,U65993MH1982PTC027783,CORPORATE_FILING,MOA 1769401429597,MCA / Official Corporate Filing,,file:///Users/apple/Downloads/Shell companies/doc/BALBIR HOLDINGS PRIVATE LIMITED/MOA_1769401429597.PDF,documents/BALBIR HOLDINGS PRIVATE LIMITED/MOA_1769401429597.PDF,da6fb63e761bca6ec0f5e8325d7d3d2bf3b5513e085fe53b2c2b100fdc6ca0a0,2026-08-26T00:00:00Z
DOC_F3625ED8357E,U65993MH1982PTC027783,COMPANY_MASTER_DATA,Master datars - MCA Services,MCA / Official Corporate Filing,,file:///Users/apple/Downloads/Shell companies/doc/BALBIR HOLDINGS PRIVATE LIMITED/Master datars - MCA Services.pdf,documents/BALBIR HOLDINGS PRIVATE LIMITED/Master datars - MCA Services.pdf,7403eb02125301b3c440aab9cbfd3bc3a835901bb79285b84543bd7c00a370a0,2026-08-26T00:00:00Z
DOC_65534EB53F0B,U65993MH1982PTC027783,FINANCIAL_STATEMENT,Form AOC-4-07122019 signed 1769401344896,MCA / Official Corporate Filing,2019-03-31,file:///Users/apple/Downloads/Shell companies/doc/BALBIR HOLDINGS PRIVATE LIMITED/Form AOC-4-07122019_signed_1769401344896.pdf,documents/BALBIR HOLDINGS PRIVATE LIMITED/Form AOC-4-07122019_signed_1769401344896.pdf,79794bae87733a4584a6f2337eda04958251332bb10b61d6d79cd7254ef7ebe6,2026-08-26T00:00:00Z
DOC_8C6B297C188B,U24110MH1998PTC113702,FINANCIAL_STATEMENT,AOC-4 XBRL Form AOC4XBRL 19 11 2015,MCA / Official Corporate Filing,2015-11-19,file:///Users/apple/Downloads/Shell companies/doc/DOW CHEMICAL INTERNATIONAL PRIVATE LIMITED/Annual Filing/AOC-4 XBRL_Form AOC4XBRL_19_11_2015.pdf,documents/DOW CHEMICAL INTERNATIONAL PRIVATE LIMITED/Annual Filing/AOC-4 XBRL_Form AOC4XBRL_19_11_2015.pdf,2db6c5a0be509e688655c7444389d944ee8cfb5005de50788d3b96e518aec647,2026-08-26T00:00:00Z
DOC_A96BA03CCE70,U24110MH1998PTC113702,CORPORATE_FILING,Form 23AC Form 23AC 04 11 2008,MCA / Official Corporate Filing,2008-11-04,file:///Users/apple/Downloads/Shell companies/doc/DOW CHEMICAL INTERNATIONAL PRIVATE LIMITED/Annual Filing/Form 23AC_Form 23AC_04_11_2008.pdf,documents/DOW CHEMICAL INTERNATIONAL PRIVATE LIMITED/Annual Filing/Form 23AC_Form 23AC_04_11_2008.pdf,a6726ee559a126bafa96109cf5a023de4bd382b9d29dc2055ef84a8620ce3b6b,2026-08-26T00:00:00Z
DOC_296E18D7D825,U24110MH1998PTC113702,FINANCIAL_STATEMENT,AOC-4 XBRL XBRL document in respect Consolidated financial statement 21 01 2020,MCA / Official Corporate Filing,2020-01-21,file:///Users/apple/Downloads/Shell companies/doc/DOW CHEMICAL INTERNATIONAL PRIVATE LIMITED/Annual Filing/AOC-4 XBRL_XBRL document in respect Consolidated financial statement_21_01_2020.pdf,documents/DOW CHEMICAL INTERNATIONAL PRIVATE LIMITED/Annual Filing/AOC-4 XBRL_XBRL document in respect Consolidated financial statement_21_01_2020.pdf,90ba1d5dc8c36f6f96a7c168357fb634a8163794bef9a70ba920a5e0ae550d49,2026-08-26T00:00:00Z
DOC_8517E11A3895,U24110MH1998PTC113702,CORPORATE_FILING,CSR-2 Form CSR2 20 12 2024,MCA / Official Corporate Filing,2024-12-20,file:///Users/apple/Downloads/Shell companies/doc/DOW CHEMICAL INTERNATIONAL PRIVATE LIMITED/Annual Filing/CSR-2_Form CSR2_20_12_2024.pdf,documents/DOW CHEMICAL INTERNATIONAL PRIVATE LIMITED/Annual Filing/CSR-2_Form CSR2_20_12_2024.pdf,88d81b45475c8142e56e403b70e2880bd342ffa1ed707a8b2f59b46c45596e2b,2026-08-26T00:00:00Z
DOC_0528FF7E64B4,U24110MH1998PTC113702,ANNUAL_RETURN,MGT-7 Revised1 Copy of MGT8 29 11 2021,MCA / Official Corporate Filing,2021-11-29,file:///Users/apple/Downloads/Shell companies/doc/DOW CHEMICAL INTERNATIONAL PRIVATE LIMITED/Annual Filing/MGT-7_Revised1 Copy of MGT8_29_11_2021.pdf,documents/DOW CHEMICAL INTERNATIONAL PRIVATE LIMITED/Annual Filing/MGT-7_Revised1 Copy of MGT8_29_11_2021.pdf,e713eccd1b9798b59ce61a1bcdff5d105a08904dc630f7a7dda2f0f2a8474a7b,2026-08-26T00:00:00Z
DOC_6068C176D47D,U24110MH1998PTC113702,CORPORATE_FILING,CSR-2 Optional attachments if any 27 03 2024,MCA / Official Corporate Filing,2024-03-27,file:///Users/apple/Downloads/Shell companies/doc/DOW CHEMICAL INTERNATIONAL PRIVATE LIMITED/Annual Filing/CSR-2_Optional attachments if any_27_03_2024.pdf,documents/DOW CHEMICAL INTERNATIONAL PRIVATE LIMITED/Annual Filing/CSR-2_Optional attachments if any_27_03_2024.pdf,868ad897ee7c518e05edb8ec374cd327589d44748987d66b203e32dc681e78b5,2026-08-26T00:00:00Z
DOC_6B008C3654AE,U24110MH1998PTC113702,ANNUAL_RETURN,MGT-7 List of share holders debenture holders 23 11 2023,MCA / Official Corporate Filing,2023-11-23,file:///Users/apple/Downloads/Shell companies/doc/DOW CHEMICAL INTERNATIONAL PRIVATE LIMITED/Annual Filing/MGT-7_List of share holders debenture holders_23_11_2023.pdf,documents/DOW CHEMICAL INTERNATIONAL PRIVATE LIMITED/Annual Filing/MGT-7_List of share holders debenture holders_23_11_2023.pdf,dfbf08af78132565b7a8689171d0e191b956e4c2a92cc38ace95f53cb73e016d,2026-08-26T00:00:00Z
DOC_81CE81CE5613,U24110MH1998PTC113702,ANNUAL_RETURN,MGT-7 Copy of MGT8 23 02 2021,MCA / Official Corporate Filing,2021-02-23,file:///Users/apple/Downloads/Shell companies/doc/DOW CHEMICAL INTERNATIONAL PRIVATE LIMITED/Annual Filing/MGT-7_Copy of MGT8_23_02_2021.pdf,documents/DOW CHEMICAL INTERNATIONAL PRIVATE LIMITED/Annual Filing/MGT-7_Copy of MGT8_23_02_2021.pdf,15558743012403edf17356bbd5d3d6207f43556689addadebd25c88b141a6775,2026-08-26T00:00:00Z
DOC_B12B136A1AE8,U24110MH1998PTC113702,FINANCIAL_STATEMENT,AOC-4 XBRL XBRL document in respect Consolidated financial statement 02 03 2021,MCA / Official Corporate Filing,2021-03-02,file:///Users/apple/Downloads/Shell companies/doc/DOW CHEMICAL INTERNATIONAL PRIVATE LIMITED/Annual Filing/AOC-4 XBRL_XBRL document in respect Consolidated financial statement_02_03_2021.pdf,documents/DOW CHEMICAL INTERNATIONAL PRIVATE LIMITED/Annual Filing/AOC-4 XBRL_XBRL document in respect Consolidated financial statement_02_03_2021.pdf,12504ee6302247f8dbff025294bfdf6836e661866b2b3913e6db5396efb60ed8,2026-08-26T00:00:00Z
DOC_F5EE321F3996,U24110MH1998PTC113702,FINANCIAL_STATEMENT,AOC-4 XBRL XBRL document in respect Consolidated financial statement 22 11 2022,MCA / Official Corporate Filing,2022-11-22,file:///Users/apple/Downloads/Shell companies/doc/DOW CHEMICAL INTERNATIONAL PRIVATE LIMITED/Annual Filing/AOC-4 XBRL_XBRL document in respect Consolidated financial statement_22_11_2022.pdf,documents/DOW CHEMICAL INTERNATIONAL PRIVATE LIMITED/Annual Filing/AOC-4 XBRL_XBRL document in respect Consolidated financial statement_22_11_2022.pdf,16fb7d3c142dc340f4a94ea26644a72a74e1048d56d0ffcd52ba49087a4ce49f,2026-08-26T00:00:00Z
DOC_6D33BCF85BA8,U24110MH1998PTC113702,CORPORATE_FILING,Form 23AC XBRL Form 23ACXBRL 07 11 2014,MCA / Official Corporate Filing,2014-11-07,file:///Users/apple/Downloads/Shell companies/doc/DOW CHEMICAL INTERNATIONAL PRIVATE LIMITED/Annual Filing/Form 23AC XBRL_Form 23ACXBRL_07_11_2014.pdf,documents/DOW CHEMICAL INTERNATIONAL PRIVATE LIMITED/Annual Filing/Form 23AC XBRL_Form 23ACXBRL_07_11_2014.pdf,cc78718ce5983d7a6e01d48879a7cebcb628967f1992a6c5c45456bea1585e86,2026-08-26T00:00:00Z
DOC_491C1F3855EA,U24110MH1998PTC113702,ANNUAL_RETURN,MGT-7 Approval letter for extension of AGM 23 02 2021,MCA / Official Corporate Filing,2021-02-23,file:///Users/apple/Downloads/Shell companies/doc/DOW CHEMICAL INTERNATIONAL PRIVATE LIMITED/Annual Filing/MGT-7_Approval letter for extension of AGM_23_02_2021.pdf,documents/DOW CHEMICAL INTERNATIONAL PRIVATE LIMITED/Annual Filing/MGT-7_Approval letter for extension of AGM_23_02_2021.pdf,7fdc982fc899f8aeceb10df0cc975e282e53e88ef79a43c70559ebe13586a3da,2026-08-26T00:00:00Z
DOC_8EF185B7A781,U24110MH1998PTC113702,CORPORATE_FILING,Form 23AC Form 23AC 26 09 2006,MCA / Official Corporate Filing,2006-09-26,file:///Users/apple/Downloads/Shell companies/doc/DOW CHEMICAL INTERNATIONAL PRIVATE LIMITED/Annual Filing/Form 23AC_Form 23AC_26_09_2006.pdf,documents/DOW CHEMICAL INTERNATIONAL PRIVATE LIMITED/Annual Filing/Form 23AC_Form 23AC_26_09_2006.pdf,00a2328598f8193efba4ee874518a5ff24246ac9a6fe45245b1bcaf80dc5b34f,2026-08-26T00:00:00Z
DOC_8682E7F8506A,U24110MH1998PTC113702,ANNUAL_RETURN,MGT-7 Copy of MGT8 24 11 2022,MCA / Official Corporate Filing,2022-11-24,file:///Users/apple/Downloads/Shell companies/doc/DOW CHEMICAL INTERNATIONAL PRIVATE LIMITED/Annual Filing/MGT-7_Copy of MGT8_24_11_2022.pdf,documents/DOW CHEMICAL INTERNATIONAL PRIVATE LIMITED/Annual Filing/MGT-7_Copy of MGT8_24_11_2022.pdf,4a4bb2448d6e9fe8f7e054756d92b2225ed64d46c781ead71fc4f92ab5fd6720,2026-08-26T00:00:00Z
DOC_856603535763,U24110MH1998PTC113702,ANNUAL_RETURN,MGT-7 Form MGT7 16 01 2018,MCA / Official Corporate Filing,2018-01-16,file:///Users/apple/Downloads/Shell companies/doc/DOW CHEMICAL INTERNATIONAL PRIVATE LIMITED/Annual Filing/MGT-7_Form MGT7_16_01_2018.pdf,documents/DOW CHEMICAL INTERNATIONAL PRIVATE LIMITED/Annual Filing/MGT-7_Form MGT7_16_01_2018.pdf,5bae70bd853b921024fff2acdedc214d16c8f1be1ad8db77b34a4afc237821ee,2026-08-26T00:00:00Z
DOC_94AC92806F4A,U24110MH1998PTC113702,ANNUAL_RETURN,MGT-7 Photograph of the registered office of the Company showing external building and name prominently v... 08 10 2025,MCA / Official Corporate Filing,2025-10-08,file:///Users/apple/Downloads/Shell companies/doc/DOW CHEMICAL INTERNATIONAL PRIVATE LIMITED/Annual Filing/MGT-7_Photograph of the registered office of the Company showing external building and name prominently v..._08_10_2025.pdf,documents/DOW CHEMICAL INTERNATIONAL PRIVATE LIMITED/Annual Filing/MGT-7_Photograph of the registered office of the Company showing external building and name prominently v..._08_10_2025.pdf,920cc4d298dc13c4e00b9a702de2e50869282d60e47eb9705511e9863e0f5590,2026-08-26T00:00:00Z
DOC_3A8287D279F0,U24110MH1998PTC113702,CORPORATE_FILING,Form 23AC XBRL Form 23ACXBRL 24 12 2011,MCA / Official Corporate Filing,2011-12-24,file:///Users/apple/Downloads/Shell companies/doc/DOW CHEMICAL INTERNATIONAL PRIVATE LIMITED/Annual Filing/Form 23AC XBRL_Form 23ACXBRL_24_12_2011.pdf,documents/DOW CHEMICAL INTERNATIONAL PRIVATE LIMITED/Annual Filing/Form 23AC XBRL_Form 23ACXBRL_24_12_2011.pdf,83ca73d5cc4180b84208039e4c30b705127c8dc01e18faed47662293b54c6027,2026-08-26T00:00:00Z
DOC_E474062BEBCD,U24110MH1998PTC113702,FINANCIAL_STATEMENT,AOC-4 XBRL Form AOC4XBRL 24 04 2018,MCA / Official Corporate Filing,2018-04-24,file:///Users/apple/Downloads/Shell companies/doc/DOW CHEMICAL INTERNATIONAL PRIVATE LIMITED/Annual Filing/AOC-4 XBRL_Form AOC4XBRL_24_04_2018.pdf,documents/DOW CHEMICAL INTERNATIONAL PRIVATE LIMITED/Annual Filing/AOC-4 XBRL_Form AOC4XBRL_24_04_2018.pdf,c00cf42407562ab1cfdb53e017757405772aac07dfee1e12a72afb3462276672,2026-08-26T00:00:00Z
DOC_D8E804759534,U24110MH1998PTC113702,ANNUAL_RETURN,MGT-7 Form MGT7 16 01 2019,MCA / Official Corporate Filing,2019-01-16,file:///Users/apple/Downloads/Shell companies/doc/DOW CHEMICAL INTERNATIONAL PRIVATE LIMITED/Annual Filing/MGT-7_Form MGT7_16_01_2019.pdf,documents/DOW CHEMICAL INTERNATIONAL PRIVATE LIMITED/Annual Filing/MGT-7_Form MGT7_16_01_2019.pdf,013af35195f1493bef2819fe2ecd71ee2c2625460e0e4c8f382df0d8a18a4d69,2026-08-26T00:00:00Z
DOC_7629DCA3DB69,U24110MH1998PTC113702,CORPORATE_FILING,Form 23AC XBRL Form 23ACXBRL 30 10 2013,MCA / Official Corporate Filing,2013-10-30,file:///Users/apple/Downloads/Shell companies/doc/DOW CHEMICAL INTERNATIONAL PRIVATE LIMITED/Annual Filing/Form 23AC XBRL_Form 23ACXBRL_30_10_2013.pdf,documents/DOW CHEMICAL INTERNATIONAL PRIVATE LIMITED/Annual Filing/Form 23AC XBRL_Form 23ACXBRL_30_10_2013.pdf,3fe10409b850c900a35e804a40363785b645eaa2df219952456f221c56133004,2026-08-26T00:00:00Z
DOC_0F867D7DBD92,U24110MH1998PTC113702,CORPORATE_FILING,CSR-2 Form CSR2 30 03 2022,MCA / Official Corporate Filing,2022-03-30,file:///Users/apple/Downloads/Shell companies/doc/DOW CHEMICAL INTERNATIONAL PRIVATE LIMITED/Annual Filing/CSR-2_Form CSR2_30_03_2022.pdf,documents/DOW CHEMICAL INTERNATIONAL PRIVATE LIMITED/Annual Filing/CSR-2_Form CSR2_30_03_2022.pdf,3e37be763d4109c96f63f1f8b3ab8730fab1273cb3f2d175531ce827b95acafc,2026-08-26T00:00:00Z
DOC_455EEFE28C39,U24110MH1998PTC113702,CORPORATE_FILING,Form 20B Form 20B 11 01 2013,MCA / Official Corporate Filing,2013-01-11,file:///Users/apple/Downloads/Shell companies/doc/DOW CHEMICAL INTERNATIONAL PRIVATE LIMITED/Annual Filing/Form 20B_Form 20B_11_01_2013.pdf,documents/DOW CHEMICAL INTERNATIONAL PRIVATE LIMITED/Annual Filing/Form 20B_Form 20B_11_01_2013.pdf,8f7239cd08e758b71bb06c2932c011eb676908ca50de709d0de22ef13236f5c8,2026-08-26T00:00:00Z
DOC_D51BE16EEE23,U24110MH1998PTC113702,FINANCIAL_STATEMENT,AOC-4 XBRL Form AOC4XBRL 18 10 2024,MCA / Official Corporate Filing,2024-10-18,file:///Users/apple/Downloads/Shell companies/doc/DOW CHEMICAL INTERNATIONAL PRIVATE LIMITED/Annual Filing/AOC-4 XBRL_Form AOC4XBRL_18_10_2024.pdf,documents/DOW CHEMICAL INTERNATIONAL PRIVATE LIMITED/Annual Filing/AOC-4 XBRL_Form AOC4XBRL_18_10_2024.pdf,2090e024d0d0a4c728ef3009b966f9051f194f96a9e30827c7ca38171f8b184c,2026-08-26T00:00:00Z
DOC_7332EE993DB4,U24110MH1998PTC113702,FINANCIAL_STATEMENT,AOC-4 XBRL Approval letter of extension of financial year of AGM 02 03 2021,MCA / Official Corporate Filing,2021-03-02,file:///Users/apple/Downloads/Shell companies/doc/DOW CHEMICAL INTERNATIONAL PRIVATE LIMITED/Annual Filing/AOC-4 XBRL_Approval letter of extension of financial year of AGM_02_03_2021.pdf,documents/DOW CHEMICAL INTERNATIONAL PRIVATE LIMITED/Annual Filing/AOC-4 XBRL_Approval letter of extension of financial year of AGM_02_03_2021.pdf,7fdc982fc899f8aeceb10df0cc975e282e53e88ef79a43c70559ebe13586a3da,2026-08-26T00:00:00Z
DOC_6E5C12EC1830,U24110MH1998PTC113702,ANNUAL_RETURN,MGT-7 Form MGT7 23 02 2021,MCA / Official Corporate Filing,2021-02-23,file:///Users/apple/Downloads/Shell companies/doc/DOW CHEMICAL INTERNATIONAL PRIVATE LIMITED/Annual Filing/MGT-7_Form MGT7_23_02_2021.pdf,documents/DOW CHEMICAL INTERNATIONAL PRIVATE LIMITED/Annual Filing/MGT-7_Form MGT7_23_02_2021.pdf,b91f85022f272f02a3b5dc2757dc279a4e8f066074921da5630e3b1c9e05dedd,2026-08-26T00:00:00Z
DOC_184ED6944CA0,U24110MH1998PTC113702,ANNUAL_RETURN,MGT-7 Form MGT7 29 01 2016,MCA / Official Corporate Filing,2016-01-29,file:///Users/apple/Downloads/Shell companies/doc/DOW CHEMICAL INTERNATIONAL PRIVATE LIMITED/Annual Filing/MGT-7_Form MGT7_29_01_2016.pdf,documents/DOW CHEMICAL INTERNATIONAL PRIVATE LIMITED/Annual Filing/MGT-7_Form MGT7_29_01_2016.pdf,dac0100160a29c624fd84aa9be25256d7c08edff27488a1414a812cabe8b212b,2026-08-26T00:00:00Z
DOC_4ABD75C14015,U24110MH1998PTC113702,ANNUAL_RETURN,MGT-7 Copy of MGT8 16 01 2019,MCA / Official Corporate Filing,2019-01-16,file:///Users/apple/Downloads/Shell companies/doc/DOW CHEMICAL INTERNATIONAL PRIVATE LIMITED/Annual Filing/MGT-7_Copy of MGT8_16_01_2019.pdf,documents/DOW CHEMICAL INTERNATIONAL PRIVATE LIMITED/Annual Filing/MGT-7_Copy of MGT8_16_01_2019.pdf,b819f44b7c2ed6ad0d588ecca97db989dbdddea3f060468a903716f874517996,2026-08-26T00:00:00Z
DOC_786158D62259,U24110MH1998PTC113702,FINANCIAL_STATEMENT,AOC-4 XBRL Approval letter of extension of financial year of AGM 26 12 2018,MCA / Official Corporate Filing,2018-12-26,file:///Users/apple/Downloads/Shell companies/doc/DOW CHEMICAL INTERNATIONAL PRIVATE LIMITED/Annual Filing/AOC-4 XBRL_Approval letter of extension of financial year of AGM_26_12_2018.pdf,documents/DOW CHEMICAL INTERNATIONAL PRIVATE LIMITED/Annual Filing/AOC-4 XBRL_Approval letter of extension of financial year of AGM_26_12_2018.pdf,a6b07cd672cf1d9626deb290b1396a71cd70f5d4269a534fc9f43173511b9855,2026-08-26T00:00:00Z
DOC_433FA8D06161,U24110MH1998PTC113702,ANNUAL_RETURN,MGT-7 Form MGT7 24 11 2022,MCA / Official Corporate Filing,2022-11-24,file:///Users/apple/Downloads/Shell companies/doc/DOW CHEMICAL INTERNATIONAL PRIVATE LIMITED/Annual Filing/MGT-7_Form MGT7_24_11_2022.pdf,documents/DOW CHEMICAL INTERNATIONAL PRIVATE LIMITED/Annual Filing/MGT-7_Form MGT7_24_11_2022.pdf,0311963641829167de8359de23b58751e436da2cb366500d8a3070697b955811,2026-08-26T00:00:00Z
DOC_ECFE5130FDAF,U24110MH1998PTC113702,ANNUAL_RETURN,MGT-7 Approval letter for extension of AGM 16 01 2019,MCA / Official Corporate Filing,2019-01-16,file:///Users/apple/Downloads/Shell companies/doc/DOW CHEMICAL INTERNATIONAL PRIVATE LIMITED/Annual Filing/MGT-7_Approval letter for extension of AGM_16_01_2019.pdf,documents/DOW CHEMICAL INTERNATIONAL PRIVATE LIMITED/Annual Filing/MGT-7_Approval letter for extension of AGM_16_01_2019.pdf,733f3d550869e954b1db31b7547b9227e054c22a02b0155ed1d0672aea27645c,2026-08-26T00:00:00Z
DOC_608179DB6322,U24110MH1998PTC113702,ANNUAL_RETURN,MGT-7 Copy of MGT8 16 01 2018,MCA / Official Corporate Filing,2018-01-16,file:///Users/apple/Downloads/Shell companies/doc/DOW CHEMICAL INTERNATIONAL PRIVATE LIMITED/Annual Filing/MGT-7_Copy of MGT8_16_01_2018.pdf,documents/DOW CHEMICAL INTERNATIONAL PRIVATE LIMITED/Annual Filing/MGT-7_Copy of MGT8_16_01_2018.pdf,35d4a32cc38bc8afa34370c2eb2eefded41edf56282ec7872a9a2b303e1424ae,2026-08-26T00:00:00Z
DOC_733B02EE837C,U24110MH1998PTC113702,ANNUAL_RETURN,MGT-7 Copy of MGT8 29 11 2016,MCA / Official Corporate Filing,2016-11-29,file:///Users/apple/Downloads/Shell companies/doc/DOW CHEMICAL INTERNATIONAL PRIVATE LIMITED/Annual Filing/MGT-7_Copy of MGT8_29_11_2016.pdf,documents/DOW CHEMICAL INTERNATIONAL PRIVATE LIMITED/Annual Filing/MGT-7_Copy of MGT8_29_11_2016.pdf,01519ace5bbab5481d411d7d11df05fb7c436d384b78c8441ca4ea74681aa1e8,2026-08-26T00:00:00Z
DOC_2450FF06A31E,U24110MH1998PTC113702,FINANCIAL_STATEMENT,AOC-4 XBRL Revised1 Form AOC4XBRL 27 10 2023 1,MCA / Official Corporate Filing,2023-10-27,file:///Users/apple/Downloads/Shell companies/doc/DOW CHEMICAL INTERNATIONAL PRIVATE LIMITED/Annual Filing/AOC-4 XBRL_Revised1 Form AOC4XBRL_27_10_2023_1.pdf,documents/DOW CHEMICAL INTERNATIONAL PRIVATE LIMITED/Annual Filing/AOC-4 XBRL_Revised1 Form AOC4XBRL_27_10_2023_1.pdf,fb388fbe4e831b9d402ba5cd14b2462000c28c371cda62f4145a4247a7e4a6f9,2026-08-26T00:00:00Z
DOC_3D2C3B8535EE,U24110MH1998PTC113702,FINANCIAL_STATEMENT,AOC-4 XBRL Approval letter of extension of financial year of AGM 21 01 2020,MCA / Official Corporate Filing,2020-01-21,file:///Users/apple/Downloads/Shell companies/doc/DOW CHEMICAL INTERNATIONAL PRIVATE LIMITED/Annual Filing/AOC-4 XBRL_Approval letter of extension of financial year of AGM_21_01_2020.pdf,documents/DOW CHEMICAL INTERNATIONAL PRIVATE LIMITED/Annual Filing/AOC-4 XBRL_Approval letter of extension of financial year of AGM_21_01_2020.pdf,0c2604b8b2e08ea6a7d217ea295479498afad1a174d2784aba8262a6bddbc0cf,2026-08-26T00:00:00Z
DOC_2D9A905948D5,U24110MH1998PTC113702,ANNUAL_RETURN,MGT-7 List of share holders debenture holders 20 11 2024,MCA / Official Corporate Filing,2024-11-20,file:///Users/apple/Downloads/Shell companies/doc/DOW CHEMICAL INTERNATIONAL PRIVATE LIMITED/Annual Filing/MGT-7_List of share holders debenture holders_20_11_2024.pdf,documents/DOW CHEMICAL INTERNATIONAL PRIVATE LIMITED/Annual Filing/MGT-7_List of share holders debenture holders_20_11_2024.pdf,5a7fb645fa5d7bde98f5ae7d5859b150d88e26219b6104cf75dfbdba51e123dc,2026-08-26T00:00:00Z
DOC_CD431BE4C263,U24110MH1998PTC113702,CORPORATE_FILING,CSR-2 Form CSR2 29 03 2023,MCA / Official Corporate Filing,2023-03-29,file:///Users/apple/Downloads/Shell companies/doc/DOW CHEMICAL INTERNATIONAL PRIVATE LIMITED/Annual Filing/CSR-2_Form CSR2_29_03_2023.pdf,documents/DOW CHEMICAL INTERNATIONAL PRIVATE LIMITED/Annual Filing/CSR-2_Form CSR2_29_03_2023.pdf,db4e734784a5670a7217a0445d31cbc08166f4b89616fb58fce641e92d37efa9,2026-08-26T00:00:00Z
DOC_6C4E8426E378,U24110MH1998PTC113702,ANNUAL_RETURN,MGT-7 List of share holders debenture holders 10 02 2020,MCA / Official Corporate Filing,2020-02-10,file:///Users/apple/Downloads/Shell companies/doc/DOW CHEMICAL INTERNATIONAL PRIVATE LIMITED/Annual Filing/MGT-7_List of share holders debenture holders_10_02_2020.pdf,documents/DOW CHEMICAL INTERNATIONAL PRIVATE LIMITED/Annual Filing/MGT-7_List of share holders debenture holders_10_02_2020.pdf,786490a77b95d1c10a31d6b40317285e5d7d0d61ad6be9d9eba683b8852a5cdd,2026-08-26T00:00:00Z
DOC_D828C7CB7329,U24110MH1998PTC113702,CORPORATE_FILING,CSR-2 Form CSR2 (1) 10 10 2025,MCA / Official Corporate Filing,2025-10-10,file:///Users/apple/Downloads/Shell companies/doc/DOW CHEMICAL INTERNATIONAL PRIVATE LIMITED/Annual Filing/CSR-2_Form CSR2 (1)_10_10_2025.pdf,documents/DOW CHEMICAL INTERNATIONAL PRIVATE LIMITED/Annual Filing/CSR-2_Form CSR2 (1)_10_10_2025.pdf,ef7dbd3c3e5755bc284690bbc0047018e5036937e638ab5ca9f884e262acfd65,2026-08-26T00:00:00Z
DOC_264F0A1FB41A,U24110MH1998PTC113702,ANNUAL_RETURN,MGT-7 Revised1 Form MGT7 29 11 2016,MCA / Official Corporate Filing,2016-11-29,file:///Users/apple/Downloads/Shell companies/doc/DOW CHEMICAL INTERNATIONAL PRIVATE LIMITED/Annual Filing/MGT-7_Revised1 Form MGT7_29_11_2016.pdf,documents/DOW CHEMICAL INTERNATIONAL PRIVATE LIMITED/Annual Filing/MGT-7_Revised1 Form MGT7_29_11_2016.pdf,074db5e9cb0d3a3418d41fe9528166abbe79afe889c2dd576cb7040e0568fbff,2026-08-26T00:00:00Z
DOC_D6077276FD0B,U24110MH1998PTC113702,CORPORATE_FILING,CSR-2 Form CSR2 10 10 2025,MCA / Official Corporate Filing,2025-10-10,file:///Users/apple/Downloads/Shell companies/doc/DOW CHEMICAL INTERNATIONAL PRIVATE LIMITED/Annual Filing/CSR-2_Form CSR2_10_10_2025.pdf,documents/DOW CHEMICAL INTERNATIONAL PRIVATE LIMITED/Annual Filing/CSR-2_Form CSR2_10_10_2025.pdf,f5e0e3033f8ce61519c4e39879b6f57ba6b4a5990c713ad981704a3f982f6a93,2026-08-26T00:00:00Z
DOC_FD484FED12E5,U24110MH1998PTC113702,FINANCIAL_STATEMENT,AOC-4 XBRL Form AOC4XBRL 27 10 2023 1,MCA / Official Corporate Filing,2023-10-27,file:///Users/apple/Downloads/Shell companies/doc/DOW CHEMICAL INTERNATIONAL PRIVATE LIMITED/Annual Filing/AOC-4 XBRL_Form AOC4XBRL_27_10_2023_1.pdf,documents/DOW CHEMICAL INTERNATIONAL PRIVATE LIMITED/Annual Filing/AOC-4 XBRL_Form AOC4XBRL_27_10_2023_1.pdf,c3e4ba84999d5deb63a1d83f2c62685dbd49088d91b525269b7e88d5aa0e8a68,2026-08-26T00:00:00Z
DOC_42280E9D3FB5,U24110MH1998PTC113702,CORPORATE_FILING,Form 20B Form 20B 27 11 2007,MCA / Official Corporate Filing,2007-11-27,file:///Users/apple/Downloads/Shell companies/doc/DOW CHEMICAL INTERNATIONAL PRIVATE LIMITED/Annual Filing/Form 20B_Form 20B_27_11_2007.pdf,documents/DOW CHEMICAL INTERNATIONAL PRIVATE LIMITED/Annual Filing/Form 20B_Form 20B_27_11_2007.pdf,4236ee33400a4c6dfa0ca45f3e6322476e68d4c07c5a2f4db63d6a4ebf995ae3,2026-08-26T00:00:00Z
DOC_737CB4300738,U24110MH1998PTC113702,ANNUAL_RETURN,MGT-7 List of share holders debenture holders 29 11 2016,MCA / Official Corporate Filing,2016-11-29,file:///Users/apple/Downloads/Shell companies/doc/DOW CHEMICAL INTERNATIONAL PRIVATE LIMITED/Annual Filing/MGT-7_List of share holders debenture holders_29_11_2016.pdf,documents/DOW CHEMICAL INTERNATIONAL PRIVATE LIMITED/Annual Filing/MGT-7_List of share holders debenture holders_29_11_2016.pdf,5a3a474537d6cf9fa3b46e38e41ab18202cce2ca79d5f4d819182dd78a1fc12c,2026-08-26T00:00:00Z
DOC_238759F4E471,U24110MH1998PTC113702,ANNUAL_RETURN,MGT-7 Approval letter for extension of AGM 10 02 2020,MCA / Official Corporate Filing,2020-02-10,file:///Users/apple/Downloads/Shell companies/doc/DOW CHEMICAL INTERNATIONAL PRIVATE LIMITED/Annual Filing/MGT-7_Approval letter for extension of AGM_10_02_2020.pdf,documents/DOW CHEMICAL INTERNATIONAL PRIVATE LIMITED/Annual Filing/MGT-7_Approval letter for extension of AGM_10_02_2020.pdf,9f4db6ac88bff49c3982e2ae611305138ca9993128340129ee83cae24553a74d,2026-08-26T00:00:00Z
DOC_442578460D3B,U24110MH1998PTC113702,CORPORATE_FILING,Form 23AC Form 23AC 12 10 2010,MCA / Official Corporate Filing,2010-10-12,file:///Users/apple/Downloads/Shell companies/doc/DOW CHEMICAL INTERNATIONAL PRIVATE LIMITED/Annual Filing/Form 23AC_Form 23AC_12_10_2010.pdf,documents/DOW CHEMICAL INTERNATIONAL PRIVATE LIMITED/Annual Filing/Form 23AC_Form 23AC_12_10_2010.pdf,89f2de91a3250b4f63e3a120c735916658e963b435ea2397cb5ab7998b5f1f69,2026-08-26T00:00:00Z
DOC_7B35D82238FE,U24110MH1998PTC113702,CORPORATE_FILING,Form 20B Form 20B 06 01 2012,MCA / Official Corporate Filing,2012-01-06,file:///Users/apple/Downloads/Shell companies/doc/DOW CHEMICAL INTERNATIONAL PRIVATE LIMITED/Annual Filing/Form 20B_Form 20B_06_01_2012.pdf,documents/DOW CHEMICAL INTERNATIONAL PRIVATE LIMITED/Annual Filing/Form 20B_Form 20B_06_01_2012.pdf,218f5b3ced8f2d907d46e3a4ffc35499aa0ffa181a4d024d194f265ef5eb3ae6,2026-08-26T00:00:00Z
DOC_97864F154461,U24110MH1998PTC113702,CORPORATE_FILING,CSR-2 Optional attachments if any 20 12 2024,MCA / Official Corporate Filing,2024-12-20,file:///Users/apple/Downloads/Shell companies/doc/DOW CHEMICAL INTERNATIONAL PRIVATE LIMITED/Annual Filing/CSR-2_Optional attachments if any_20_12_2024.pdf,documents/DOW CHEMICAL INTERNATIONAL PRIVATE LIMITED/Annual Filing/CSR-2_Optional attachments if any_20_12_2024.pdf,43603a4066b44eee1f1be68f8dae058ab6f5f0db38147eddc7e1458ba7724a0f,2026-08-26T00:00:00Z
DOC_253DD95A6A42,U24110MH1998PTC113702,CORPORATE_FILING,Form 20B Form 20B 22 10 2014,MCA / Official Corporate Filing,2014-10-22,file:///Users/apple/Downloads/Shell companies/doc/DOW CHEMICAL INTERNATIONAL PRIVATE LIMITED/Annual Filing/Form 20B_Form 20B_22_10_2014.pdf,documents/DOW CHEMICAL INTERNATIONAL PRIVATE LIMITED/Annual Filing/Form 20B_Form 20B_22_10_2014.pdf,a6a633139fbb326aced3b7c6d5b6bbaa7f9e697f137aef54277545b5e358d179,2026-08-26T00:00:00Z
DOC_9A517E5DC90D,U24110MH1998PTC113702,ANNUAL_RETURN,MGT-7 Copy of MGT8 10 02 2020,MCA / Official Corporate Filing,2020-02-10,file:///Users/apple/Downloads/Shell companies/doc/DOW CHEMICAL INTERNATIONAL PRIVATE LIMITED/Annual Filing/MGT-7_Copy of MGT8_10_02_2020.pdf,documents/DOW CHEMICAL INTERNATIONAL PRIVATE LIMITED/Annual Filing/MGT-7_Copy of MGT8_10_02_2020.pdf,539f4dedd024d80e618ab1aec01c68e776153238d121c266f778486364cc62f5,2026-08-26T00:00:00Z
DOC_EAE76A3A8A1B,U24110MH1998PTC113702,CORPORATE_FILING,Form 20B Form 20B 15 11 2010,MCA / Official Corporate Filing,2010-11-15,file:///Users/apple/Downloads/Shell companies/doc/DOW CHEMICAL INTERNATIONAL PRIVATE LIMITED/Annual Filing/Form 20B_Form 20B_15_11_2010.pdf,documents/DOW CHEMICAL INTERNATIONAL PRIVATE LIMITED/Annual Filing/Form 20B_Form 20B_15_11_2010.pdf,466864fd2b4df2e55774a23f34a282c593414cea9c51bbfc856113bcddc140c8,2026-08-26T00:00:00Z
DOC_309838F7D844,U24110MH1998PTC113702,CORPORATE_FILING,Form 23AC Form 23AC 15 10 2009,MCA / Official Corporate Filing,2009-10-15,file:///Users/apple/Downloads/Shell companies/doc/DOW CHEMICAL INTERNATIONAL PRIVATE LIMITED/Annual Filing/Form 23AC_Form 23AC_15_10_2009.pdf,documents/DOW CHEMICAL INTERNATIONAL PRIVATE LIMITED/Annual Filing/Form 23AC_Form 23AC_15_10_2009.pdf,23855b85ee08eda98ac31ad9cb6f80dbde2c7409550dec997165454cbef149f6,2026-08-26T00:00:00Z
DOC_354D08C65BFE,U24110MH1998PTC113702,ANNUAL_RETURN,MGT-7 Copy of MGT8 20 11 2024,MCA / Official Corporate Filing,2024-11-20,file:///Users/apple/Downloads/Shell companies/doc/DOW CHEMICAL INTERNATIONAL PRIVATE LIMITED/Annual Filing/MGT-7_Copy of MGT8_20_11_2024.pdf,documents/DOW CHEMICAL INTERNATIONAL PRIVATE LIMITED/Annual Filing/MGT-7_Copy of MGT8_20_11_2024.pdf,5d9bbd0aec72173637f7987724c391a836d485c535e5ce1896ecfd5ebf49f711,2026-08-26T00:00:00Z
DOC_C6300856843B,U24110MH1998PTC113702,ANNUAL_RETURN,MGT-7 Form MGT7 23 11 2023,MCA / Official Corporate Filing,2023-11-23,file:///Users/apple/Downloads/Shell companies/doc/DOW CHEMICAL INTERNATIONAL PRIVATE LIMITED/Annual Filing/MGT-7_Form MGT7_23_11_2023.pdf,documents/DOW CHEMICAL INTERNATIONAL PRIVATE LIMITED/Annual Filing/MGT-7_Form MGT7_23_11_2023.pdf,fc3b2b204e93f2440f078a84c5aa894f9684184e9a206eb2fdaad85e80680a10,2026-08-26T00:00:00Z
DOC_D6425B57AC0D,U24110MH1998PTC113702,ANNUAL_RETURN,MGT-7 Revised1 Form MGT7 29 11 2021,MCA / Official Corporate Filing,2021-11-29,file:///Users/apple/Downloads/Shell companies/doc/DOW CHEMICAL INTERNATIONAL PRIVATE LIMITED/Annual Filing/MGT-7_Revised1 Form MGT7_29_11_2021.pdf,documents/DOW CHEMICAL INTERNATIONAL PRIVATE LIMITED/Annual Filing/MGT-7_Revised1 Form MGT7_29_11_2021.pdf,38ead522cb69d1efe469c41526906c80812843d645d3cdb53444e750ce7a2eb5,2026-08-26T00:00:00Z
DOC_57A74855F2E1,U24110MH1998PTC113702,CORPORATE_FILING,Form 23AC XBRL Form 23ACXBRL 09 01 2013,MCA / Official Corporate Filing,2013-01-09,file:///Users/apple/Downloads/Shell companies/doc/DOW CHEMICAL INTERNATIONAL PRIVATE LIMITED/Annual Filing/Form 23AC XBRL_Form 23ACXBRL_09_01_2013.pdf,documents/DOW CHEMICAL INTERNATIONAL PRIVATE LIMITED/Annual Filing/Form 23AC XBRL_Form 23ACXBRL_09_01_2013.pdf,eeac5b0b10244f44fcf6a631cb8e158110c9bf63a513f71983e2ab188783e6e8,2026-08-26T00:00:00Z
DOC_B8AC81D6895F,U24110MH1998PTC113702,CORPORATE_FILING,Form 20B Form 20B 17 11 2008,MCA / Official Corporate Filing,2008-11-17,file:///Users/apple/Downloads/Shell companies/doc/DOW CHEMICAL INTERNATIONAL PRIVATE LIMITED/Annual Filing/Form 20B_Form 20B_17_11_2008.pdf,documents/DOW CHEMICAL INTERNATIONAL PRIVATE LIMITED/Annual Filing/Form 20B_Form 20B_17_11_2008.pdf,9d5cf66a68af258594952ea4e9b69796255b610f464d0bec360abea05b73127c,2026-08-26T00:00:00Z
DOC_9C41D5048DF1,U24110MH1998PTC113702,FINANCIAL_STATEMENT,AOC-4 XBRL Form AOC4XBRL 26 07 2017,MCA / Official Corporate Filing,2017-07-26,file:///Users/apple/Downloads/Shell companies/doc/DOW CHEMICAL INTERNATIONAL PRIVATE LIMITED/Annual Filing/AOC-4 XBRL_Form AOC4XBRL_26_07_2017.pdf,documents/DOW CHEMICAL INTERNATIONAL PRIVATE LIMITED/Annual Filing/AOC-4 XBRL_Form AOC4XBRL_26_07_2017.pdf,d68ce3705859907a0902304418a620f67785aea06db52a0334009dbef445adf8,2026-08-26T00:00:00Z
DOC_B6C075AA8A27,U24110MH1998PTC113702,ANNUAL_RETURN,MGT-7 List of share holders debenture holders 16 01 2018,MCA / Official Corporate Filing,2018-01-16,file:///Users/apple/Downloads/Shell companies/doc/DOW CHEMICAL INTERNATIONAL PRIVATE LIMITED/Annual Filing/MGT-7_List of share holders debenture holders_16_01_2018.pdf,documents/DOW CHEMICAL INTERNATIONAL PRIVATE LIMITED/Annual Filing/MGT-7_List of share holders debenture holders_16_01_2018.pdf,83fdc3e710a544d9bcd3ad42167379a326274c20415ad58f57854d11bd810b75,2026-08-26T00:00:00Z
DOC_D544FB594E66,U24110MH1998PTC113702,CORPORATE_FILING,Form 20B Form 20B 30 11 2009,MCA / Official Corporate Filing,2009-11-30,file:///Users/apple/Downloads/Shell companies/doc/DOW CHEMICAL INTERNATIONAL PRIVATE LIMITED/Annual Filing/Form 20B_Form 20B_30_11_2009.pdf,documents/DOW CHEMICAL INTERNATIONAL PRIVATE LIMITED/Annual Filing/Form 20B_Form 20B_30_11_2009.pdf,2f6fb98459788c9bce54b66533bd72d4329cd90b92026bec4216745d66a1cf8d,2026-08-26T00:00:00Z
DOC_41C2595F0FA1,U24110MH1998PTC113702,ANNUAL_RETURN,MGT-7 Form MGT7 08 10 2025,MCA / Official Corporate Filing,2025-10-08,file:///Users/apple/Downloads/Shell companies/doc/DOW CHEMICAL INTERNATIONAL PRIVATE LIMITED/Annual Filing/MGT-7_Form MGT7_08_10_2025.pdf,documents/DOW CHEMICAL INTERNATIONAL PRIVATE LIMITED/Annual Filing/MGT-7_Form MGT7_08_10_2025.pdf,bb7ba6fdfdaab356cdd6076b31a7a2594bd2388f28786925e8e68ca39399832a,2026-08-26T00:00:00Z
DOC_50806279C7A0,U24110MH1998PTC113702,CORPORATE_FILING,CSR-2 Form CSR2 27 03 2024,MCA / Official Corporate Filing,2024-03-27,file:///Users/apple/Downloads/Shell companies/doc/DOW CHEMICAL INTERNATIONAL PRIVATE LIMITED/Annual Filing/CSR-2_Form CSR2_27_03_2024.pdf,documents/DOW CHEMICAL INTERNATIONAL PRIVATE LIMITED/Annual Filing/CSR-2_Form CSR2_27_03_2024.pdf,79e704edee18a7e6e5f5d97079d930149311ebfd380ad9c68f4a5884c703d1a3,2026-08-26T00:00:00Z
DOC_B2885916D5C9,U24110MH1998PTC113702,ANNUAL_RETURN,MGT-7 List of share holders debenture holders 16 01 2019,MCA / Official Corporate Filing,2019-01-16,file:///Users/apple/Downloads/Shell companies/doc/DOW CHEMICAL INTERNATIONAL PRIVATE LIMITED/Annual Filing/MGT-7_List of share holders debenture holders_16_01_2019.pdf,documents/DOW CHEMICAL INTERNATIONAL PRIVATE LIMITED/Annual Filing/MGT-7_List of share holders debenture holders_16_01_2019.pdf,e007c05b3ff6faeff969e86439cc0c0745a2229a79a413b9164c6ce4990e9c85,2026-08-26T00:00:00Z
DOC_A947A58998FB,U24110MH1998PTC113702,CORPORATE_FILING,Form 23AC Form 23AC 26 10 2007,MCA / Official Corporate Filing,2007-10-26,file:///Users/apple/Downloads/Shell companies/doc/DOW CHEMICAL INTERNATIONAL PRIVATE LIMITED/Annual Filing/Form 23AC_Form 23AC_26_10_2007.pdf,documents/DOW CHEMICAL INTERNATIONAL PRIVATE LIMITED/Annual Filing/Form 23AC_Form 23AC_26_10_2007.pdf,96a6be195eaf5695ba03658736dea6a7343500d9eb1142fb6afbf32f78aa6a9e,2026-08-26T00:00:00Z
DOC_8ED90015C7B0,U24110MH1998PTC113702,FINANCIAL_STATEMENT,AOC-4 XBRL Form AOC4XBRL 02 03 2021,MCA / Official Corporate Filing,2021-03-02,file:///Users/apple/Downloads/Shell companies/doc/DOW CHEMICAL INTERNATIONAL PRIVATE LIMITED/Annual Filing/AOC-4 XBRL_Form AOC4XBRL_02_03_2021.pdf,documents/DOW CHEMICAL INTERNATIONAL PRIVATE LIMITED/Annual Filing/AOC-4 XBRL_Form AOC4XBRL_02_03_2021.pdf,236540a2b0d42a224c2a1ce80fa9a79976d42ec901be116bf09851d1bb47cf72,2026-08-26T00:00:00Z
DOC_FA81B104F296,U24110MH1998PTC113702,CORPORATE_FILING,Form 20B Form 20B 21 11 2006,MCA / Official Corporate Filing,2006-11-21,file:///Users/apple/Downloads/Shell companies/doc/DOW CHEMICAL INTERNATIONAL PRIVATE LIMITED/Annual Filing/Form 20B_Form 20B_21_11_2006.pdf,documents/DOW CHEMICAL INTERNATIONAL PRIVATE LIMITED/Annual Filing/Form 20B_Form 20B_21_11_2006.pdf,a40d6a72686c13450ecd139ff3e574ff4c9936e3987f0ffb4bba03353b4bc778,2026-08-26T00:00:00Z
DOC_E6E108D5EBB2,U24110MH1998PTC113702,FINANCIAL_STATEMENT,AOC-4 XBRL Form AOC4XBRL 22 11 2022,MCA / Official Corporate Filing,2022-11-22,file:///Users/apple/Downloads/Shell companies/doc/DOW CHEMICAL INTERNATIONAL PRIVATE LIMITED/Annual Filing/AOC-4 XBRL_Form AOC4XBRL_22_11_2022.pdf,documents/DOW CHEMICAL INTERNATIONAL PRIVATE LIMITED/Annual Filing/AOC-4 XBRL_Form AOC4XBRL_22_11_2022.pdf,aa4bc0d4fc1794878582b799a0fe6af2e1a25eb08095a6de1acc373f9c8ee1d2,2026-08-26T00:00:00Z
DOC_290BF60DD708,U24110MH1998PTC113702,CORPORATE_FILING,CSR-2 Form CSR2 29 03 2023 2,MCA / Official Corporate Filing,2023-03-29,file:///Users/apple/Downloads/Shell companies/doc/DOW CHEMICAL INTERNATIONAL PRIVATE LIMITED/Annual Filing/CSR-2_Form CSR2_29_03_2023_2.pdf,documents/DOW CHEMICAL INTERNATIONAL PRIVATE LIMITED/Annual Filing/CSR-2_Form CSR2_29_03_2023_2.pdf,db4e734784a5670a7217a0445d31cbc08166f4b89616fb58fce641e92d37efa9,2026-08-26T00:00:00Z
DOC_94D585A24FC7,U24110MH1998PTC113702,ANNUAL_RETURN,MGT-7 Optional attachments if any 08 10 2025,MCA / Official Corporate Filing,2025-10-08,file:///Users/apple/Downloads/Shell companies/doc/DOW CHEMICAL INTERNATIONAL PRIVATE LIMITED/Annual Filing/MGT-7_Optional attachments if any_08_10_2025.pdf,documents/DOW CHEMICAL INTERNATIONAL PRIVATE LIMITED/Annual Filing/MGT-7_Optional attachments if any_08_10_2025.pdf,ad389f9346ecf9ac54495a28247de2976df93fec92eedc85488999f570b3b00d,2026-08-26T00:00:00Z
DOC_0A6C6A19B8BB,U24110MH1998PTC113702,ANNUAL_RETURN,MGT-7 List of share holders debenture holders 23 02 2021,MCA / Official Corporate Filing,2021-02-23,file:///Users/apple/Downloads/Shell companies/doc/DOW CHEMICAL INTERNATIONAL PRIVATE LIMITED/Annual Filing/MGT-7_List of share holders debenture holders_23_02_2021.pdf,documents/DOW CHEMICAL INTERNATIONAL PRIVATE LIMITED/Annual Filing/MGT-7_List of share holders debenture holders_23_02_2021.pdf,1a55a9c1d71bb34037639caf1e7c84649665e2e01454867578f9053993cbf6cd,2026-08-26T00:00:00Z
DOC_B803B9680BAA,U24110MH1998PTC113702,FINANCIAL_STATEMENT,AOC-4 XBRL Revised1 Form AOC4XBRL 27 10 2021,MCA / Official Corporate Filing,2021-10-27,file:///Users/apple/Downloads/Shell companies/doc/DOW CHEMICAL INTERNATIONAL PRIVATE LIMITED/Annual Filing/AOC-4 XBRL_Revised1 Form AOC4XBRL_27_10_2021.pdf,documents/DOW CHEMICAL INTERNATIONAL PRIVATE LIMITED/Annual Filing/AOC-4 XBRL_Revised1 Form AOC4XBRL_27_10_2021.pdf,9531bf004182a51ef94b7e48bbc23fb5577882ebaca8bc5dff3bbaeb3dd054b9,2026-08-26T00:00:00Z
DOC_D5E5A8011AEE,U24110MH1998PTC113702,ANNUAL_RETURN,MGT-7 Copy of MGT8 23 11 2023,MCA / Official Corporate Filing,2023-11-23,file:///Users/apple/Downloads/Shell companies/doc/DOW CHEMICAL INTERNATIONAL PRIVATE LIMITED/Annual Filing/MGT-7_Copy of MGT8_23_11_2023.pdf,documents/DOW CHEMICAL INTERNATIONAL PRIVATE LIMITED/Annual Filing/MGT-7_Copy of MGT8_23_11_2023.pdf,df21c9938315874f9e50c61c1c8bd7855778eee7e0418f041490df067076aa24,2026-08-26T00:00:00Z
DOC_0AF52B7EE0C4,U24110MH1998PTC113702,ANNUAL_RETURN,MGT-7 List of share holders debenture holders 08 10 2025,MCA / Official Corporate Filing,2025-10-08,file:///Users/apple/Downloads/Shell companies/doc/DOW CHEMICAL INTERNATIONAL PRIVATE LIMITED/Annual Filing/MGT-7_List of share holders debenture holders_08_10_2025.xlsm,documents/DOW CHEMICAL INTERNATIONAL PRIVATE LIMITED/Annual Filing/MGT-7_List of share holders debenture holders_08_10_2025.xlsm,324ab379076870b6d9ec1d81210037828f84c0a94e56d33dec29f83c01a826f0,2026-08-26T00:00:00Z
DOC_AF93C19FE675,U24110MH1998PTC113702,FINANCIAL_STATEMENT,AOC-4 XBRL Revised1 Form AOC4XBRL 27 10 2023,MCA / Official Corporate Filing,2023-10-27,file:///Users/apple/Downloads/Shell companies/doc/DOW CHEMICAL INTERNATIONAL PRIVATE LIMITED/Annual Filing/AOC-4 XBRL_Revised1 Form AOC4XBRL_27_10_2023.pdf,documents/DOW CHEMICAL INTERNATIONAL PRIVATE LIMITED/Annual Filing/AOC-4 XBRL_Revised1 Form AOC4XBRL_27_10_2023.pdf,fb388fbe4e831b9d402ba5cd14b2462000c28c371cda62f4145a4247a7e4a6f9,2026-08-26T00:00:00Z
DOC_ACCE35E052F8,U24110MH1998PTC113702,CORPORATE_FILING,CSR-2 Form CSR2 29 03 2023 1,MCA / Official Corporate Filing,2023-03-29,file:///Users/apple/Downloads/Shell companies/doc/DOW CHEMICAL INTERNATIONAL PRIVATE LIMITED/Annual Filing/CSR-2_Form CSR2_29_03_2023_1.pdf,documents/DOW CHEMICAL INTERNATIONAL PRIVATE LIMITED/Annual Filing/CSR-2_Form CSR2_29_03_2023_1.pdf,785031b06299109896b0f0d17a8dbee1bcf27c7c697f647a495c0ec4788a0e25,2026-08-26T00:00:00Z
DOC_317A02BC397A,U24110MH1998PTC113702,CORPORATE_FILING,Form 20B Form 20B 28 11 2013,MCA / Official Corporate Filing,2013-11-28,file:///Users/apple/Downloads/Shell companies/doc/DOW CHEMICAL INTERNATIONAL PRIVATE LIMITED/Annual Filing/Form 20B_Form 20B_28_11_2013.pdf,documents/DOW CHEMICAL INTERNATIONAL PRIVATE LIMITED/Annual Filing/Form 20B_Form 20B_28_11_2013.pdf,bfc57055edc29b416d67ea2209f97706830d961d273f07c0fbcb28d191279b32,2026-08-26T00:00:00Z
DOC_18E118FB382E,U24110MH1998PTC113702,ANNUAL_RETURN,MGT-7 List of share holders debenture holders 24 11 2022,MCA / Official Corporate Filing,2022-11-24,file:///Users/apple/Downloads/Shell companies/doc/DOW CHEMICAL INTERNATIONAL PRIVATE LIMITED/Annual Filing/MGT-7_List of share holders debenture holders_24_11_2022.pdf,documents/DOW CHEMICAL INTERNATIONAL PRIVATE LIMITED/Annual Filing/MGT-7_List of share holders debenture holders_24_11_2022.pdf,31d3115c66b661d4484e9907abae1fda7b87bf8aa9e96a028e3e00a811e07e07,2026-08-26T00:00:00Z
DOC_000F1FDFFA58,U24110MH1998PTC113702,FINANCIAL_STATEMENT,AOC-4 XBRL Form AOC4XBRL 21 01 2020,MCA / Official Corporate Filing,2020-01-21,file:///Users/apple/Downloads/Shell companies/doc/DOW CHEMICAL INTERNATIONAL PRIVATE LIMITED/Annual Filing/AOC-4 XBRL_Form AOC4XBRL_21_01_2020.pdf,documents/DOW CHEMICAL INTERNATIONAL PRIVATE LIMITED/Annual Filing/AOC-4 XBRL_Form AOC4XBRL_21_01_2020.pdf,17b4697dee665d5b4d6caac4bda32e58590da7210b9f76a582962a9ef56eda43,2026-08-26T00:00:00Z
DOC_964B67E73AAC,U24110MH1998PTC113702,FINANCIAL_STATEMENT,AOC-4 XBRL Optional attachments if any 26 07 2017,MCA / Official Corporate Filing,2017-07-26,file:///Users/apple/Downloads/Shell companies/doc/DOW CHEMICAL INTERNATIONAL PRIVATE LIMITED/Annual Filing/AOC-4 XBRL_Optional attachments if any_26_07_2017.pdf,documents/DOW CHEMICAL INTERNATIONAL PRIVATE LIMITED/Annual Filing/AOC-4 XBRL_Optional attachments if any_26_07_2017.pdf,9c37296b16512eb59f17bcc0ad3a4aa1c7d04be8f87829a8516d387975a1376a,2026-08-26T00:00:00Z
DOC_A625DAB31E0D,U24110MH1998PTC113702,FINANCIAL_STATEMENT,AOC-4 XBRL Form AOC4XBRL 10 10 2025,MCA / Official Corporate Filing,2025-10-10,file:///Users/apple/Downloads/Shell companies/doc/DOW CHEMICAL INTERNATIONAL PRIVATE LIMITED/Annual Filing/AOC-4 XBRL_Form AOC4XBRL_10_10_2025.pdf,documents/DOW CHEMICAL INTERNATIONAL PRIVATE LIMITED/Annual Filing/AOC-4 XBRL_Form AOC4XBRL_10_10_2025.pdf,74d4b69f8cf36ce63ff51c619f4b0610e3a0adec42b98610f80fd19b65ed1ec0,2026-08-26T00:00:00Z
DOC_987B4BB4C327,U24110MH1998PTC113702,ANNUAL_RETURN,MGT-7 Revised1 Optional attachments if any 08 10 2025,MCA / Official Corporate Filing,2025-10-08,file:///Users/apple/Downloads/Shell companies/doc/DOW CHEMICAL INTERNATIONAL PRIVATE LIMITED/Annual Filing/MGT-7_Revised1 Optional attachments if any_08_10_2025.pdf,documents/DOW CHEMICAL INTERNATIONAL PRIVATE LIMITED/Annual Filing/MGT-7_Revised1 Optional attachments if any_08_10_2025.pdf,6d2395de352d49981723c8878eb839da627f9fc9e961dc41dc21fac394161168,2026-08-26T00:00:00Z
DOC_867F481DA4E4,U24110MH1998PTC113702,FINANCIAL_STATEMENT,AOC-4 XBRL Revised1 Form AOC4XBRL 22 11 2022,MCA / Official Corporate Filing,2022-11-22,file:///Users/apple/Downloads/Shell companies/doc/DOW CHEMICAL INTERNATIONAL PRIVATE LIMITED/Annual Filing/AOC-4 XBRL_Revised1 Form AOC4XBRL_22_11_2022.pdf,documents/DOW CHEMICAL INTERNATIONAL PRIVATE LIMITED/Annual Filing/AOC-4 XBRL_Revised1 Form AOC4XBRL_22_11_2022.pdf,057ab4e7587172135d863d756a2d7a95eb59d690639760cc52058449aa075317,2026-08-26T00:00:00Z
DOC_A3FF064697FC,U24110MH1998PTC113702,ANNUAL_RETURN,MGT-7 List of share holders debenture holders 23 11 2023 1,MCA / Official Corporate Filing,2023-11-23,file:///Users/apple/Downloads/Shell companies/doc/DOW CHEMICAL INTERNATIONAL PRIVATE LIMITED/Annual Filing/MGT-7_List of share holders debenture holders_23_11_2023_1.pdf,documents/DOW CHEMICAL INTERNATIONAL PRIVATE LIMITED/Annual Filing/MGT-7_List of share holders debenture holders_23_11_2023_1.pdf,dfbf08af78132565b7a8689171d0e191b956e4c2a92cc38ace95f53cb73e016d,2026-08-26T00:00:00Z
DOC_93DED350908B,U24110MH1998PTC113702,CORPORATE_FILING,CSR-2 Optional attachments if any 29 03 2023,MCA / Official Corporate Filing,2023-03-29,file:///Users/apple/Downloads/Shell companies/doc/DOW CHEMICAL INTERNATIONAL PRIVATE LIMITED/Annual Filing/CSR-2_Optional attachments if any_29_03_2023.pdf,documents/DOW CHEMICAL INTERNATIONAL PRIVATE LIMITED/Annual Filing/CSR-2_Optional attachments if any_29_03_2023.pdf,736a1b8c1fe147af80c7a84e7a392f095ecfb9a1b5059e3f66fece45d880311a,2026-08-26T00:00:00Z
DOC_FCDF40092266,U24110MH1998PTC113702,ANNUAL_RETURN,MGT-7 Form MGT7 10 02 2020,MCA / Official Corporate Filing,2020-02-10,file:///Users/apple/Downloads/Shell companies/doc/DOW CHEMICAL INTERNATIONAL PRIVATE LIMITED/Annual Filing/MGT-7_Form MGT7_10_02_2020.pdf,documents/DOW CHEMICAL INTERNATIONAL PRIVATE LIMITED/Annual Filing/MGT-7_Form MGT7_10_02_2020.pdf,47e210737964da30f97c191ee16aa125e811aeceeb62bab38f7104de8956a625,2026-08-26T00:00:00Z
DOC_A010DC599997,U24110MH1998PTC113702,FINANCIAL_STATEMENT,AOC-4 XBRL Revised1 Form AOC4XBRL 26 12 2018,MCA / Official Corporate Filing,2018-12-26,file:///Users/apple/Downloads/Shell companies/doc/DOW CHEMICAL INTERNATIONAL PRIVATE LIMITED/Annual Filing/AOC-4 XBRL_Revised1 Form AOC4XBRL_26_12_2018.pdf,documents/DOW CHEMICAL INTERNATIONAL PRIVATE LIMITED/Annual Filing/AOC-4 XBRL_Revised1 Form AOC4XBRL_26_12_2018.pdf,9eba75ea1bc6e644421bf2c795817d3c720288993a00a58b71f02132388dd872,2026-08-26T00:00:00Z
DOC_EEF48171ECCA,U24110MH1998PTC113702,ANNUAL_RETURN,MGT-7 Revised1 List of share holders debenture holders 29 11 2021,MCA / Official Corporate Filing,2021-11-29,file:///Users/apple/Downloads/Shell companies/doc/DOW CHEMICAL INTERNATIONAL PRIVATE LIMITED/Annual Filing/MGT-7_Revised1 List of share holders debenture holders_29_11_2021.pdf,documents/DOW CHEMICAL INTERNATIONAL PRIVATE LIMITED/Annual Filing/MGT-7_Revised1 List of share holders debenture holders_29_11_2021.pdf,a1353af8bfc9371481bef6619b170f19c441cb83a6b1f7fd3dcdf6a3cb6e6690,2026-08-26T00:00:00Z
DOC_92A8D5417761,U24110MH1998PTC113702,ANNUAL_RETURN,MGT-7 Form MGT7 20 11 2024,MCA / Official Corporate Filing,2024-11-20,file:///Users/apple/Downloads/Shell companies/doc/DOW CHEMICAL INTERNATIONAL PRIVATE LIMITED/Annual Filing/MGT-7_Form MGT7_20_11_2024.pdf,documents/DOW CHEMICAL INTERNATIONAL PRIVATE LIMITED/Annual Filing/MGT-7_Form MGT7_20_11_2024.pdf,1400711a0db9b8f703e7509c745cea3556ea442ef251c7b1af835848f292f34e,2026-08-26T00:00:00Z
DOC_929C9B9284D7,U24110MH1998PTC113702,FINANCIAL_STATEMENT,AOC-4 XBRL Form AOC4XBRL 27 10 2023,MCA / Official Corporate Filing,2023-10-27,file:///Users/apple/Downloads/Shell companies/doc/DOW CHEMICAL INTERNATIONAL PRIVATE LIMITED/Annual Filing/AOC-4 XBRL_Form AOC4XBRL_27_10_2023.pdf,documents/DOW CHEMICAL INTERNATIONAL PRIVATE LIMITED/Annual Filing/AOC-4 XBRL_Form AOC4XBRL_27_10_2023.pdf,c3e4ba84999d5deb63a1d83f2c62685dbd49088d91b525269b7e88d5aa0e8a68,2026-08-26T00:00:00Z
DOC_3F0E0315F604,U24110MH1998PTC113702,CORPORATE_FILING,- Form 32 (1) 23 04 2006,MCA / Official Corporate Filing,2006-04-23,file:///Users/apple/Downloads/Shell companies/doc/DOW CHEMICAL INTERNATIONAL PRIVATE LIMITED/incorporation/-_Form 32 (1)_23_04_2006.pdf,documents/DOW CHEMICAL INTERNATIONAL PRIVATE LIMITED/incorporation/-_Form 32 (1)_23_04_2006.pdf,42ba8c2dc4f1911c2fb3e5812693c82292d26bb933a1bea84dcbb0ac2f96071f,2026-08-26T00:00:00Z
DOC_ECDE0EC27C99,U24110MH1998PTC113702,CORPORATE_FILING,- Form 32 23 04 2006,MCA / Official Corporate Filing,2006-04-23,file:///Users/apple/Downloads/Shell companies/doc/DOW CHEMICAL INTERNATIONAL PRIVATE LIMITED/incorporation/-_Form 32_23_04_2006.pdf,documents/DOW CHEMICAL INTERNATIONAL PRIVATE LIMITED/incorporation/-_Form 32_23_04_2006.pdf,3b70f6e4e399a23a841916f29299189582ca979163fd78c970f9eb8230722c2c,2026-08-26T00:00:00Z
DOC_5AFF2704624C,U24110MH1998PTC113702,CORPORATE_FILING,- Form 8 23 04 2006,MCA / Official Corporate Filing,2006-04-23,file:///Users/apple/Downloads/Shell companies/doc/DOW CHEMICAL INTERNATIONAL PRIVATE LIMITED/incorporation/-_Form 8_23_04_2006.pdf,documents/DOW CHEMICAL INTERNATIONAL PRIVATE LIMITED/incorporation/-_Form 8_23_04_2006.pdf,1dda5909f489b3885f4c17cc4b66e3543efe781b3d1c012f23215cf65515a7ea,2026-08-26T00:00:00Z
DOC_A2BE4AB14371,U24110MH1998PTC113702,CORPORATE_FILING,- Form 32 (2) 23 04 2006,MCA / Official Corporate Filing,2006-04-23,file:///Users/apple/Downloads/Shell companies/doc/DOW CHEMICAL INTERNATIONAL PRIVATE LIMITED/incorporation/-_Form 32 (2)_23_04_2006.pdf,documents/DOW CHEMICAL INTERNATIONAL PRIVATE LIMITED/incorporation/-_Form 32 (2)_23_04_2006.pdf,1113653df69f9ac1f88f4558b8c751ca26881e4cb9ea3938b032fc9a3bfcd07d,2026-08-26T00:00:00Z
DOC_D3EEF9E13748,U24110MH1998PTC113702,CORPORATE_FILING,Memorandum of association 23 04 2006,MCA / Official Corporate Filing,2006-04-23,file:///Users/apple/Downloads/Shell companies/doc/DOW CHEMICAL INTERNATIONAL PRIVATE LIMITED/incorporation/Memorandum of association_23_04_2006.pdf,documents/DOW CHEMICAL INTERNATIONAL PRIVATE LIMITED/incorporation/Memorandum of association_23_04_2006.pdf,f631f15669cff756c516619a39fb82ce912eef9a70cd7d03229750830ff2e139,2026-08-26T00:00:00Z
DOC_A99E46D24FC0,U24110MH1998PTC113702,CORPORATE_FILING,- Articles of association 23 04 2006,MCA / Official Corporate Filing,2006-04-23,file:///Users/apple/Downloads/Shell companies/doc/DOW CHEMICAL INTERNATIONAL PRIVATE LIMITED/incorporation/-_Articles of association_23_04_2006.pdf,documents/DOW CHEMICAL INTERNATIONAL PRIVATE LIMITED/incorporation/-_Articles of association_23_04_2006.pdf,96c23756fa9f4f06de13b1e283eef1bbeb44cfa15c24f5ea8b41161661fe30ab,2026-08-26T00:00:00Z
DOC_CD96935D07A6,U24110MH1998PTC113702,CORPORATE_FILING,UU3482002 Receipt.pdf,MCA / Official Corporate Filing,2002-03-31,file:///Users/apple/Downloads/Shell companies/doc/DOW CHEMICAL INTERNATIONAL PRIVATE LIMITED/Challan/UU3482002_Receipt.pdf.pdf,documents/DOW CHEMICAL INTERNATIONAL PRIVATE LIMITED/Challan/UU3482002_Receipt.pdf.pdf,ff61c824e52882eb16b11e1a753c75917179db3c3b79e42432e0f30f38617911,2026-08-26T00:00:00Z
DOC_EC76E9733F7D,U24110MH1998PTC113702,CORPORATE_FILING,MR1Copy of board resolution 02 03 2015,MCA / Official Corporate Filing,2015-03-02,file:///Users/apple/Downloads/Shell companies/doc/DOW CHEMICAL INTERNATIONAL PRIVATE LIMITED/Change in Director/MR1Copy of board resolution_02_03_2015.pdf,documents/DOW CHEMICAL INTERNATIONAL PRIVATE LIMITED/Change in Director/MR1Copy of board resolution_02_03_2015.pdf,a63eb0eb47e510b301eb41572193f67002a93b1e1c5f9c779f81edfb3eca0fed,2026-08-26T00:00:00Z
DOC_900BAD88F968,U24110MH1998PTC113702,RESOLUTIONS_AGREEMENTS,MGT-14 Certificate of registration of the Special Resolution confirming alteration of object clauses 23 10 2024,MCA / Official Corporate Filing,2024-10-23,file:///Users/apple/Downloads/Shell companies/doc/DOW CHEMICAL INTERNATIONAL PRIVATE LIMITED/Certificates/MGT-14_Certificate of registration of the Special Resolution confirming alteration of object clauses_23_10_2024.pdf,documents/DOW CHEMICAL INTERNATIONAL PRIVATE LIMITED/Certificates/MGT-14_Certificate of registration of the Special Resolution confirming alteration of object clauses_23_10_2024.pdf,6f12755a789e9f9f3c8286503c9d2d0a8f46d38e04e12e677b52fe7f48b8ea85,2026-08-26T00:00:00Z
DOC_0628E4B5CFF7,U24110MH1998PTC113702,INCORPORATION_CERTIFICATE,- Certificate of Incorporation 23 04 2006,MCA / Official Corporate Filing,2006-04-23,file:///Users/apple/Downloads/Shell companies/doc/DOW CHEMICAL INTERNATIONAL PRIVATE LIMITED/Certificates/-_Certificate of Incorporation_23_04_2006.pdf,documents/DOW CHEMICAL INTERNATIONAL PRIVATE LIMITED/Certificates/-_Certificate of Incorporation_23_04_2006.pdf,edd772ca025d5eb1e8c5a3b9aca631cbd8af645a4c211a63f13056fae191002c,2026-08-26T00:00:00Z
DOC_73464CCEE8C4,U24110MH1998PTC113702,INCORPORATION_CERTIFICATE,- Certificate of Incorporation (1) 23 04 2006,MCA / Official Corporate Filing,2006-04-23,file:///Users/apple/Downloads/Shell companies/doc/DOW CHEMICAL INTERNATIONAL PRIVATE LIMITED/Certificates/-_Certificate of Incorporation (1)_23_04_2006.pdf,documents/DOW CHEMICAL INTERNATIONAL PRIVATE LIMITED/Certificates/-_Certificate of Incorporation (1)_23_04_2006.pdf,0cf7c7daee7dbb8dd31ef226f32427400c6ac48f51333e0be86c68a0a5784b6f,2026-08-26T00:00:00Z
DOC_41F3761813C8,U24110MH1998PTC113702,RESOLUTIONS_AGREEMENTS,MGT-14 Certificate of registration of the Special Resolution confirming alteration of object clauses 14 10 2017,MCA / Official Corporate Filing,2017-10-14,file:///Users/apple/Downloads/Shell companies/doc/DOW CHEMICAL INTERNATIONAL PRIVATE LIMITED/Certificates/MGT-14_Certificate of registration of the Special Resolution confirming alteration of object clauses_14_10_2017.pdf,documents/DOW CHEMICAL INTERNATIONAL PRIVATE LIMITED/Certificates/MGT-14_Certificate of registration of the Special Resolution confirming alteration of object clauses_14_10_2017.pdf,a7ea62e4531bef5ac7854ed071badaffb642f91e38d2e37a8d8d662e90b87fca,2026-08-26T00:00:00Z
DOC_C5572FC58E62,U24110MH1998PTC113702,RESOLUTIONS_AGREEMENTS,MGT-14 Certificate of registration of the Special Resolution confirming alteration of object clauses 20 04 2009,MCA / Official Corporate Filing,2009-04-20,file:///Users/apple/Downloads/Shell companies/doc/DOW CHEMICAL INTERNATIONAL PRIVATE LIMITED/Certificates/MGT-14_Certificate of registration of the Special Resolution confirming alteration of object clauses_20_04_2009.pdf,documents/DOW CHEMICAL INTERNATIONAL PRIVATE LIMITED/Certificates/MGT-14_Certificate of registration of the Special Resolution confirming alteration of object clauses_20_04_2009.pdf,ce01adc68e1e06d124619a741774b642e86c80ab914da77424f9ed4eee5f306b,2026-08-26T00:00:00Z
DOC_7A1274FAA87F,U24110MH1998PTC113702,COST_AUDIT,CRA-2 Form CRA2 21 09 2018,MCA / Official Corporate Filing,2018-09-21,file:///Users/apple/Downloads/Shell companies/doc/DOW CHEMICAL INTERNATIONAL PRIVATE LIMITED/Other eform document/CRA-2_Form CRA2_21_09_2018.pdf,documents/DOW CHEMICAL INTERNATIONAL PRIVATE LIMITED/Other eform document/CRA-2_Form CRA2_21_09_2018.pdf,53ddbe3d44a52ee99ed09881c5ff026d07e1733857dcdd896ca468867e39bbf3,2026-08-26T00:00:00Z
DOC_6E1D32C5E248,U24110MH1998PTC113702,AUDITOR_APPOINTMENT,ADT - 1 Copy of resolution passed by the company 12 10 2016,MCA / Official Corporate Filing,2016-10-12,file:///Users/apple/Downloads/Shell companies/doc/DOW CHEMICAL INTERNATIONAL PRIVATE LIMITED/Other eform document/ADT - 1_Copy of resolution passed by the company_12_10_2016.pdf,documents/DOW CHEMICAL INTERNATIONAL PRIVATE LIMITED/Other eform document/ADT - 1_Copy of resolution passed by the company_12_10_2016.pdf,63a615211f3e4b074659b2cad4fd7f66b2c4392bf21b7761e83199948d456820,2026-08-26T00:00:00Z
DOC_0F438B81BF83,U24110MH1998PTC113702,AUDITOR_APPOINTMENT,ADT - 1 Form ADT1 05 11 2014,MCA / Official Corporate Filing,2014-11-05,file:///Users/apple/Downloads/Shell companies/doc/DOW CHEMICAL INTERNATIONAL PRIVATE LIMITED/Other eform document/ADT - 1_Form ADT1_05_11_2014.pdf,documents/DOW CHEMICAL INTERNATIONAL PRIVATE LIMITED/Other eform document/ADT - 1_Form ADT1_05_11_2014.pdf,e119b3cf14864ccd88ddc090ea45c0d8176d1faf7a7d279efaa458179d4cff51,2026-08-26T00:00:00Z
DOC_FCC0F9CAF636,U24110MH1998PTC113702,COST_AUDIT,CRA-2 Form CRA2 16 06 2016,MCA / Official Corporate Filing,2016-06-16,file:///Users/apple/Downloads/Shell companies/doc/DOW CHEMICAL INTERNATIONAL PRIVATE LIMITED/Other eform document/CRA-2_Form CRA2_16_06_2016.pdf,documents/DOW CHEMICAL INTERNATIONAL PRIVATE LIMITED/Other eform document/CRA-2_Form CRA2_16_06_2016.pdf,5ee5312854ebdfaee213d00cd09045bce7f7c4e0616300ac07d56e01b6338825,2026-08-26T00:00:00Z
DOC_99F0908DA226,U24110MH1998PTC113702,AUDITOR_APPOINTMENT,ADT - 1 Copy of resolution passed by the company 06 10 2022,MCA / Official Corporate Filing,2022-10-06,file:///Users/apple/Downloads/Shell companies/doc/DOW CHEMICAL INTERNATIONAL PRIVATE LIMITED/Other eform document/ADT - 1_Copy of resolution passed by the company_06_10_2022.pdf,documents/DOW CHEMICAL INTERNATIONAL PRIVATE LIMITED/Other eform document/ADT - 1_Copy of resolution passed by the company_06_10_2022.pdf,5b1b24747d5139c5bd3cedf32540cc83623a161579ebb1895c68f366351d5fe9,2026-08-26T00:00:00Z
DOC_59B80DAEA617,U24110MH1998PTC113702,COST_AUDIT,CRA-2 Copy of Board resolution of the company 08 07 2016,MCA / Official Corporate Filing,2016-07-08,file:///Users/apple/Downloads/Shell companies/doc/DOW CHEMICAL INTERNATIONAL PRIVATE LIMITED/Other eform document/CRA-2_Copy of Board resolution of the company_08_07_2016.pdf,documents/DOW CHEMICAL INTERNATIONAL PRIVATE LIMITED/Other eform document/CRA-2_Copy of Board resolution of the company_08_07_2016.pdf,3ce64046fbe4c135cd96e4b205080faf739f086bfa035bd27ad0104e50e49ebc,2026-08-26T00:00:00Z
DOC_FCEB788C56EB,U24110MH1998PTC113702,AUDITOR_APPOINTMENT,ADT - 1 Copy of resolution passed by the company 15 12 2017,MCA / Official Corporate Filing,2017-12-15,file:///Users/apple/Downloads/Shell companies/doc/DOW CHEMICAL INTERNATIONAL PRIVATE LIMITED/Other eform document/ADT - 1_Copy of resolution passed by the company_15_12_2017.pdf,documents/DOW CHEMICAL INTERNATIONAL PRIVATE LIMITED/Other eform document/ADT - 1_Copy of resolution passed by the company_15_12_2017.pdf,16e99358bc155cf229c108382738ff5426f99f66f6cecda0a1a85938b948618b,2026-08-26T00:00:00Z
DOC_2DA3121A10E7,U24110MH1998PTC113702,COST_AUDIT,CRA-2 Form CRA2 22 09 2022,MCA / Official Corporate Filing,2022-09-22,file:///Users/apple/Downloads/Shell companies/doc/DOW CHEMICAL INTERNATIONAL PRIVATE LIMITED/Other eform document/CRA-2_Form CRA2_22_09_2022.pdf,documents/DOW CHEMICAL INTERNATIONAL PRIVATE LIMITED/Other eform document/CRA-2_Form CRA2_22_09_2022.pdf,ef9ed054786abd110915cf283fd014075d812e96bb8706ac335c1669f976ddf4,2026-08-26T00:00:00Z
DOC_A8941ABBA875,U24110MH1998PTC113702,COST_AUDIT,CRA-2 Copy of Board resolution of the company 11 09 2020,MCA / Official Corporate Filing,2020-09-11,file:///Users/apple/Downloads/Shell companies/doc/DOW CHEMICAL INTERNATIONAL PRIVATE LIMITED/Other eform document/CRA-2_Copy of Board resolution of the company_11_09_2020.pdf,documents/DOW CHEMICAL INTERNATIONAL PRIVATE LIMITED/Other eform document/CRA-2_Copy of Board resolution of the company_11_09_2020.pdf,d5df715780971a3032969719272f8fbda7f2873634bba900bd0287509927ca9b,2026-08-26T00:00:00Z
DOC_6700DA07A204,U24110MH1998PTC113702,COST_AUDIT,CRA-2 Copy of Board resolution of the company 23 09 2021,MCA / Official Corporate Filing,2021-09-23,file:///Users/apple/Downloads/Shell companies/doc/DOW CHEMICAL INTERNATIONAL PRIVATE LIMITED/Other eform document/CRA-2_Copy of Board resolution of the company_23_09_2021.pdf,documents/DOW CHEMICAL INTERNATIONAL PRIVATE LIMITED/Other eform document/CRA-2_Copy of Board resolution of the company_23_09_2021.pdf,695f91c211abc183f06e03764a6f77b7b9b76c6da9f5178f0d996d704fd314d4,2026-08-26T00:00:00Z
DOC_7FB7461F8049,U24110MH1998PTC113702,AUDITOR_APPOINTMENT,ADT - 1 Form ADT1 06 10 2022,MCA / Official Corporate Filing,2022-10-06,file:///Users/apple/Downloads/Shell companies/doc/DOW CHEMICAL INTERNATIONAL PRIVATE LIMITED/Other eform document/ADT - 1_Form ADT1_06_10_2022.pdf,documents/DOW CHEMICAL INTERNATIONAL PRIVATE LIMITED/Other eform document/ADT - 1_Form ADT1_06_10_2022.pdf,b54056b9ce697228e2e82d8810cd7329e4bb0e143ce2050cbdbeec07794fea2e,2026-08-26T00:00:00Z
DOC_EF31C26A6DA9,U24110MH1998PTC113702,COST_AUDIT,CRA-2 Copy of Board resolution of the company 13 09 2024,MCA / Official Corporate Filing,2024-09-13,file:///Users/apple/Downloads/Shell companies/doc/DOW CHEMICAL INTERNATIONAL PRIVATE LIMITED/Other eform document/CRA-2_Copy of Board resolution of the company_13_09_2024.pdf,documents/DOW CHEMICAL INTERNATIONAL PRIVATE LIMITED/Other eform document/CRA-2_Copy of Board resolution of the company_13_09_2024.pdf,cde12ff56aa9ba917f48fcba8d772579924b30128590883eae02ff8225fee24d,2026-08-26T00:00:00Z
DOC_325A4D1FF62D,U24110MH1998PTC113702,COST_AUDIT,CRA-2 Copy of Board resolution of the company 21 09 2018,MCA / Official Corporate Filing,2018-09-21,file:///Users/apple/Downloads/Shell companies/doc/DOW CHEMICAL INTERNATIONAL PRIVATE LIMITED/Other eform document/CRA-2_Copy of Board resolution of the company_21_09_2018.pdf,documents/DOW CHEMICAL INTERNATIONAL PRIVATE LIMITED/Other eform document/CRA-2_Copy of Board resolution of the company_21_09_2018.pdf,a20df462855e33a66e7fb38af494aad1a779e691a96a02a7a3aa057f365c78aa,2026-08-26T00:00:00Z
DOC_8F8787CD2A39,U24110MH1998PTC113702,AUDITOR_APPOINTMENT,ADT - 1 Copy of written consent given by auditor 15 12 2017,MCA / Official Corporate Filing,2017-12-15,file:///Users/apple/Downloads/Shell companies/doc/DOW CHEMICAL INTERNATIONAL PRIVATE LIMITED/Other eform document/ADT - 1_Copy of written consent given by auditor_15_12_2017.pdf,documents/DOW CHEMICAL INTERNATIONAL PRIVATE LIMITED/Other eform document/ADT - 1_Copy of written consent given by auditor_15_12_2017.pdf,d74ef93ca1e1fab3241eb74213f1f635b266df66bd45c341dbb36dfa0736010b,2026-08-26T00:00:00Z
DOC_4ADA621F887D,U24110MH1998PTC113702,AUDITOR_APPOINTMENT,ADT - 1 Optional attachments if any 06 10 2022,MCA / Official Corporate Filing,2022-10-06,file:///Users/apple/Downloads/Shell companies/doc/DOW CHEMICAL INTERNATIONAL PRIVATE LIMITED/Other eform document/ADT - 1_Optional attachments if any_06_10_2022.pdf,documents/DOW CHEMICAL INTERNATIONAL PRIVATE LIMITED/Other eform document/ADT - 1_Optional attachments if any_06_10_2022.pdf,d64cb0d7cf30b8a7b4151296aa567f6473968dca142e313548efae2ac452fe0b,2026-08-26T00:00:00Z
DOC_EF21609FAE0B,U24110MH1998PTC113702,COST_AUDIT,CRA-2 Copy of Board resolution of the company 16 06 2016,MCA / Official Corporate Filing,2016-06-16,file:///Users/apple/Downloads/Shell companies/doc/DOW CHEMICAL INTERNATIONAL PRIVATE LIMITED/Other eform document/CRA-2_Copy of Board resolution of the company_16_06_2016.pdf,documents/DOW CHEMICAL INTERNATIONAL PRIVATE LIMITED/Other eform document/CRA-2_Copy of Board resolution of the company_16_06_2016.pdf,4cb1c0042ee22027677412e36a3eabb04ba4031ba4d043ebb4b19bf5345778eb,2026-08-26T00:00:00Z
DOC_36034D09DCB9,U24110MH1998PTC113702,AUDITOR_APPOINTMENT,ADT - 1 Form ADT1 15 12 2017,MCA / Official Corporate Filing,2017-12-15,file:///Users/apple/Downloads/Shell companies/doc/DOW CHEMICAL INTERNATIONAL PRIVATE LIMITED/Other eform document/ADT - 1_Form ADT1_15_12_2017.pdf,documents/DOW CHEMICAL INTERNATIONAL PRIVATE LIMITED/Other eform document/ADT - 1_Form ADT1_15_12_2017.pdf,43edf39b32d8b1f5de1f9b52ad48963bdb88b6dee1f9a59cf3a04f9b6537e642,2026-08-26T00:00:00Z
DOC_568601EDF301,U24110MH1998PTC113702,AUDITOR_APPOINTMENT,ADT - 1 Copy of the intimation sent by company 15 12 2017,MCA / Official Corporate Filing,2017-12-15,file:///Users/apple/Downloads/Shell companies/doc/DOW CHEMICAL INTERNATIONAL PRIVATE LIMITED/Other eform document/ADT - 1_Copy of the intimation sent by company_15_12_2017.pdf,documents/DOW CHEMICAL INTERNATIONAL PRIVATE LIMITED/Other eform document/ADT - 1_Copy of the intimation sent by company_15_12_2017.pdf,d18e2a08dc921cdddf09062d8068b18c9ca4c7ce34e6fb3a4a98166890d93803,2026-08-26T00:00:00Z
DOC_E2D00A88E3B8,U24110MH1998PTC113702,AUDITOR_APPOINTMENT,ADT - 1 Copy of written consent given by auditor 06 10 2022,MCA / Official Corporate Filing,2022-10-06,file:///Users/apple/Downloads/Shell companies/doc/DOW CHEMICAL INTERNATIONAL PRIVATE LIMITED/Other eform document/ADT - 1_Copy of written consent given by auditor_06_10_2022.pdf,documents/DOW CHEMICAL INTERNATIONAL PRIVATE LIMITED/Other eform document/ADT - 1_Copy of written consent given by auditor_06_10_2022.pdf,a9be3997dbece5bed416a4b6d055a8bd480759fd79e1add568cb2755ced4679d,2026-08-26T00:00:00Z
DOC_65AE31D38167,U24110MH1998PTC113702,AUDITOR_APPOINTMENT,ADT - 1 Form ADT1 08 10 2015,MCA / Official Corporate Filing,2015-10-08,file:///Users/apple/Downloads/Shell companies/doc/DOW CHEMICAL INTERNATIONAL PRIVATE LIMITED/Other eform document/ADT - 1_Form ADT1_08_10_2015.pdf,documents/DOW CHEMICAL INTERNATIONAL PRIVATE LIMITED/Other eform document/ADT - 1_Form ADT1_08_10_2015.pdf,4bbcc612523231397fac8e953d87cd75050d878ebb77edb442f4ab25366c294a,2026-08-26T00:00:00Z
DOC_4DA2A19258FD,U24110MH1998PTC113702,COST_AUDIT,CRA-2 Copy of Board resolution of the company 27 09 2019,MCA / Official Corporate Filing,2019-09-27,file:///Users/apple/Downloads/Shell companies/doc/DOW CHEMICAL INTERNATIONAL PRIVATE LIMITED/Other eform document/CRA-2_Copy of Board resolution of the company_27_09_2019.pdf,documents/DOW CHEMICAL INTERNATIONAL PRIVATE LIMITED/Other eform document/CRA-2_Copy of Board resolution of the company_27_09_2019.pdf,a295616b8bba10ea4f1eca3637f184b36e4a5c2c7de24ffcdfbd0d108be85ab2,2026-08-26T00:00:00Z
DOC_DDEEC1087587,U24110MH1998PTC113702,COST_AUDIT,CRA-2 Form CRA2 23 09 2021,MCA / Official Corporate Filing,2021-09-23,file:///Users/apple/Downloads/Shell companies/doc/DOW CHEMICAL INTERNATIONAL PRIVATE LIMITED/Other eform document/CRA-2_Form CRA2_23_09_2021.pdf,documents/DOW CHEMICAL INTERNATIONAL PRIVATE LIMITED/Other eform document/CRA-2_Form CRA2_23_09_2021.pdf,07b1b398d3f67daf6b184c7e3c990f55a9aaf3c71e6cfa2c04fb75037910b866,2026-08-26T00:00:00Z
DOC_383D32DB48BF,U24110MH1998PTC113702,AUDITOR_APPOINTMENT,ADT - 1 Copy of written consent given by auditor 12 10 2016,MCA / Official Corporate Filing,2016-10-12,file:///Users/apple/Downloads/Shell companies/doc/DOW CHEMICAL INTERNATIONAL PRIVATE LIMITED/Other eform document/ADT - 1_Copy of written consent given by auditor_12_10_2016.pdf,documents/DOW CHEMICAL INTERNATIONAL PRIVATE LIMITED/Other eform document/ADT - 1_Copy of written consent given by auditor_12_10_2016.pdf,406b0a2bafa2e6c07714ccadcee6c91698da57a00758c0a28dd31a6b59adfa82,2026-08-26T00:00:00Z
DOC_C59BE5ACD317,U24110MH1998PTC113702,COST_AUDIT,CRA-2 Copy of Board resolution of the company 22 09 2022,MCA / Official Corporate Filing,2022-09-22,file:///Users/apple/Downloads/Shell companies/doc/DOW CHEMICAL INTERNATIONAL PRIVATE LIMITED/Other eform document/CRA-2_Copy of Board resolution of the company_22_09_2022.pdf,documents/DOW CHEMICAL INTERNATIONAL PRIVATE LIMITED/Other eform document/CRA-2_Copy of Board resolution of the company_22_09_2022.pdf,6d755fc6ec0725a235de394513860988fe58b54b210f951d7b1a64c63c81e58b,2026-08-26T00:00:00Z
DOC_11CC357D9656,U24110MH1998PTC113702,COST_AUDIT,CRA-2 Form CRA2 11 09 2020,MCA / Official Corporate Filing,2020-09-11,file:///Users/apple/Downloads/Shell companies/doc/DOW CHEMICAL INTERNATIONAL PRIVATE LIMITED/Other eform document/CRA-2_Form CRA2_11_09_2020.pdf,documents/DOW CHEMICAL INTERNATIONAL PRIVATE LIMITED/Other eform document/CRA-2_Form CRA2_11_09_2020.pdf,51aaacaaf1c0ab23da6f64aa1343617421371386d81ceea5d8a47c709cc0d30e,2026-08-26T00:00:00Z
DOC_E547322D5E4E,U24110MH1998PTC113702,COST_AUDIT,CRA-2 Form CRA2 22 09 2022 1,MCA / Official Corporate Filing,2022-09-22,file:///Users/apple/Downloads/Shell companies/doc/DOW CHEMICAL INTERNATIONAL PRIVATE LIMITED/Other eform document/CRA-2_Form CRA2_22_09_2022_1.pdf,documents/DOW CHEMICAL INTERNATIONAL PRIVATE LIMITED/Other eform document/CRA-2_Form CRA2_22_09_2022_1.pdf,ef9ed054786abd110915cf283fd014075d812e96bb8706ac335c1669f976ddf4,2026-08-26T00:00:00Z
DOC_73B29B053068,U24110MH1998PTC113702,COST_AUDIT,CRA-2 Copy of Board resolution of the company 25 09 2017,MCA / Official Corporate Filing,2017-09-25,file:///Users/apple/Downloads/Shell companies/doc/DOW CHEMICAL INTERNATIONAL PRIVATE LIMITED/Other eform document/CRA-2_Copy of Board resolution of the company_25_09_2017.pdf,documents/DOW CHEMICAL INTERNATIONAL PRIVATE LIMITED/Other eform document/CRA-2_Copy of Board resolution of the company_25_09_2017.pdf,dfeb5a3809a358c872c35116ec49f0d56dede6b919711a67a76d736848f30bb5,2026-08-26T00:00:00Z
DOC_21F4DEE2831F,U24110MH1998PTC113702,AUDITOR_APPOINTMENT,ADT - 1 Form ADT1 12 10 2016,MCA / Official Corporate Filing,2016-10-12,file:///Users/apple/Downloads/Shell companies/doc/DOW CHEMICAL INTERNATIONAL PRIVATE LIMITED/Other eform document/ADT - 1_Form ADT1_12_10_2016.pdf,documents/DOW CHEMICAL INTERNATIONAL PRIVATE LIMITED/Other eform document/ADT - 1_Form ADT1_12_10_2016.pdf,3f14c70ac02d6611fa73cf17c8a28abae201f98bc9791db243301b7178882c9a,2026-08-26T00:00:00Z
DOC_BC7B6956787F,U24110MH1998PTC113702,COST_AUDIT,CRA-2 Copy of Board resolution of the company 27 09 2023,MCA / Official Corporate Filing,2023-09-27,file:///Users/apple/Downloads/Shell companies/doc/DOW CHEMICAL INTERNATIONAL PRIVATE LIMITED/Other eform document/CRA-2_Copy of Board resolution of the company_27_09_2023.pdf,documents/DOW CHEMICAL INTERNATIONAL PRIVATE LIMITED/Other eform document/CRA-2_Copy of Board resolution of the company_27_09_2023.pdf,efa95f5a4a59998827dc77db1581e2994139fbee9889a220e69f2b80aa0bdd6c,2026-08-26T00:00:00Z
DOC_EC42E7C12C4E,U24110MH1998PTC113702,AUDITOR_APPOINTMENT,ADT - 1 Copy of the intimation sent by company 12 10 2016,MCA / Official Corporate Filing,2016-10-12,file:///Users/apple/Downloads/Shell companies/doc/DOW CHEMICAL INTERNATIONAL PRIVATE LIMITED/Other eform document/ADT - 1_Copy of the intimation sent by company_12_10_2016.pdf,documents/DOW CHEMICAL INTERNATIONAL PRIVATE LIMITED/Other eform document/ADT - 1_Copy of the intimation sent by company_12_10_2016.pdf,e5c19141ef22cd7e955f49f622948aaadd1bb9a745fc1b8ad15ff208f7abdb74,2026-08-26T00:00:00Z
DOC_510D660BD192,U24110MH1998PTC113702,COST_AUDIT,CRA-2 Form CRA2 08 07 2016,MCA / Official Corporate Filing,2016-07-08,file:///Users/apple/Downloads/Shell companies/doc/DOW CHEMICAL INTERNATIONAL PRIVATE LIMITED/Other eform document/CRA-2_Form CRA2_08_07_2016.pdf,documents/DOW CHEMICAL INTERNATIONAL PRIVATE LIMITED/Other eform document/CRA-2_Form CRA2_08_07_2016.pdf,92db2b5c21a190804a066bf2aef31762975e642ddcaccb48c627356cfbfd9eb8,2026-08-26T00:00:00Z
DOC_DB8950701D8F,U74999MH2019PTC324789,FINANCIAL_STATEMENT,AOC-4 Form AOC4 22 01 2021,MCA / Official Corporate Filing,2021-01-22,file:///Users/apple/Downloads/Shell companies/doc/Digivolution consultancy Pvt lt/AOC-4_Form AOC4_22_01_2021.pdf,documents/Digivolution consultancy Pvt lt/AOC-4_Form AOC4_22_01_2021.pdf,8a8e5327bbf838acc00ca5345e071d6333c5dbe128146abe2dcf3ed54e8573f8,2026-08-26T00:00:00Z
DOC_F7935E5B2BC0,U74999MH2019PTC324789,RESOLUTIONS_AGREEMENTS,MGT-14 Certificate of registration of the Special Resolution confirming alteration of object clauses 28 04 2020,MCA / Official Corporate Filing,2020-04-28,file:///Users/apple/Downloads/Shell companies/doc/Digivolution consultancy Pvt lt/MGT-14_Certificate of registration of the Special Resolution confirming alteration of object clauses_28_04_2020.pdf,documents/Digivolution consultancy Pvt lt/MGT-14_Certificate of registration of the Special Resolution confirming alteration of object clauses_28_04_2020.pdf,ff9c6dec8a16287e20f8707bc687137836447a7e88da9fd5b425da2b2908e9aa,2026-08-26T00:00:00Z
DOC_83CC2D698476,U74999MH2019PTC324789,ANNUAL_RETURN,MGT-7 Form MGT7 22 01 2021,MCA / Official Corporate Filing,2021-01-22,file:///Users/apple/Downloads/Shell companies/doc/Digivolution consultancy Pvt lt/MGT-7_Form MGT7_22_01_2021.pdf,documents/Digivolution consultancy Pvt lt/MGT-7_Form MGT7_22_01_2021.pdf,a0a4e38ae485d74e3ee0d266d2f9049a378c1d06b72dc8364ed6b2429512c308,2026-08-26T00:00:00Z
DOC_55D72C8FB3BC,U74999MH2019PTC324789,FINANCIAL_STATEMENT,AOC-4 Form AOC4 31 01 2022,MCA / Official Corporate Filing,2022-01-31,file:///Users/apple/Downloads/Shell companies/doc/Digivolution consultancy Pvt lt/AOC-4_Form AOC4_31_01_2022.pdf,documents/Digivolution consultancy Pvt lt/AOC-4_Form AOC4_31_01_2022.pdf,416daf3a4c02dcdf1122a70977c852c8dde879cab9f852ac07bba870e7d8c711,2026-08-26T00:00:00Z
DOC_9749CC1CEB56,U74999MH2019PTC324789,RESOLUTIONS_AGREEMENTS,MGT-14 Altered memorandum of association 28 04 2020,MCA / Official Corporate Filing,2020-04-28,file:///Users/apple/Downloads/Shell companies/doc/Digivolution consultancy Pvt lt/MGT-14_Altered memorandum of association_28_04_2020.pdf,documents/Digivolution consultancy Pvt lt/MGT-14_Altered memorandum of association_28_04_2020.pdf,565dfaf071f5a748676c1abe634d562e3cc7cf159ea93866d84df1f41c9e548b,2026-08-26T00:00:00Z
DOC_673389907172,U74999MH2019PTC324789,COMPANY_MASTER_DATA,Master data - MCA Services,MCA / Official Corporate Filing,,file:///Users/apple/Downloads/Shell companies/doc/Digivolution consultancy Pvt lt/Master data - MCA Services.pdf,documents/Digivolution consultancy Pvt lt/Master data - MCA Services.pdf,ae1687cc29c523f31f2cbb22351f219a9a460ebcbd3fa0a3aaa8aed28658f0b5,2026-08-26T00:00:00Z
DOC_1DA7E9EB09A9,U74999MH2019PTC324789,CORPORATE_FILING,U74999MH2019PTC324789 UU1931961,MCA / Official Corporate Filing,2019-03-31,file:///Users/apple/Downloads/Shell companies/doc/Digivolution consultancy Pvt lt/U74999MH2019PTC324789_UU1931961.zip,documents/Digivolution consultancy Pvt lt/U74999MH2019PTC324789_UU1931961.zip,513f8ab46a8adce7b7425a5ee22a9c812d4d843888c56b291e2d61c6b8fb9f0d,2026-08-26T00:00:00Z
DOC_7E362459B01E,U74999MH2019PTC324789,CORPORATE_FILING,U74999MH2019PTC324789 UU19319613(1),MCA / Official Corporate Filing,2019-03-31,file:///Users/apple/Downloads/Shell companies/doc/Digivolution consultancy Pvt lt/U74999MH2019PTC324789_UU19319613(1).zip,documents/Digivolution consultancy Pvt lt/U74999MH2019PTC324789_UU19319613(1).zip,8739c76e681f900923b900c9df0ef75cf421d39cabb54650c4b9ad19b6a76d85,2026-08-26T00:00:00Z
DOC_94123E702C53,U74999MH2019PTC324789,COMMENCEMENT_OF_BUSINESS,INC-20A Form INC20A 12 06 2019,MCA / Official Corporate Filing,2019-06-12,file:///Users/apple/Downloads/Shell companies/doc/Digivolution consultancy Pvt lt/INC-20A_Form INC20A_12_06_2019.pdf,documents/Digivolution consultancy Pvt lt/INC-20A_Form INC20A_12_06_2019.pdf,3d322fd7647eb448763249b068dafe1482ddf775e090d76a2e19a27d61a800d9,2026-08-26T00:00:00Z
DOC_AC892FF64DE1,U74999MH2019PTC324789,CORPORATE_FILING,U74999MH2019PTC324789 UU1931961 (3),MCA / Official Corporate Filing,2019-03-31,file:///Users/apple/Downloads/Shell companies/doc/Digivolution consultancy Pvt lt/U74999MH2019PTC324789_UU1931961 (3).zip,documents/Digivolution consultancy Pvt lt/U74999MH2019PTC324789_UU1931961 (3).zip,8739c76e681f900923b900c9df0ef75cf421d39cabb54650c4b9ad19b6a76d85,2026-08-26T00:00:00Z
DOC_A38D8F81023E,U74999MH2019PTC324789,REGISTERED_OFFICE,INC-22 Form INC22 21 08 2019,MCA / Official Corporate Filing,2019-08-21,file:///Users/apple/Downloads/Shell companies/doc/Digivolution consultancy Pvt lt/INC-22_Form INC22_21_08_2019.pdf,documents/Digivolution consultancy Pvt lt/INC-22_Form INC22_21_08_2019.pdf,b10887fc271472d348b48d399940ca8f2e3fc41718d20088223d4efe391e7e77,2026-08-26T00:00:00Z
DOC_59CD37FDF979,U74999MH2019PTC324789,INCORPORATION_CERTIFICATE,SPICE + Part B Certificate of Incorporation 26 04 2019,MCA / Official Corporate Filing,2019-04-26,file:///Users/apple/Downloads/Shell companies/doc/Digivolution consultancy Pvt lt/SPICE + Part B_Certificate of Incorporation_26_04_2019.pdf,documents/Digivolution consultancy Pvt lt/SPICE + Part B_Certificate of Incorporation_26_04_2019.pdf,db1dd6310939adcecff25c3eb51a09ec68f93ae1dba73c94aa031d0c9165d174,2026-08-26T00:00:00Z
DOC_8ADB3AED409C,U74999MH2019PTC324789,ANNUAL_RETURN,MGT-7A Form MGT7A 31 01 2022,MCA / Official Corporate Filing,2022-01-31,file:///Users/apple/Downloads/Shell companies/doc/Digivolution consultancy Pvt lt/MGT-7A_Form MGT7A_31_01_2022.pdf,documents/Digivolution consultancy Pvt lt/MGT-7A_Form MGT7A_31_01_2022.pdf,e303702672a093fb5f6ccda570b9e509d33d8cdd3706b2cb6102c7f008f36cc7,2026-08-26T00:00:00Z
DOC_5909081F7095,U74999MH2019PTC324789,FINANCIAL_STATEMENT,AOC-4 Copy of Financial Staements duly authenticated as per section 134 Including Boards report auditors ... 22 01 2021,MCA / Official Corporate Filing,2021-01-22,file:///Users/apple/Downloads/Shell companies/doc/Digivolution consultancy Pvt lt/AOC-4_Copy of Financial Staements duly authenticated as per section 134 Including Boards report auditors ..._22_01_2021.pdf,documents/Digivolution consultancy Pvt lt/AOC-4_Copy of Financial Staements duly authenticated as per section 134 Including Boards report auditors ..._22_01_2021.pdf,6b20191addbf7b1d7337b51569206e48f17006e6e3ace4c4c13c54f5529861cc,2026-08-26T00:00:00Z
DOC_DB8950701D8F,U74999MH2019PTC324789,FINANCIAL_STATEMENT,AOC-4 Form AOC4 22 01 2021,MCA / Official Corporate Filing,2021-01-22,file:///Users/apple/Downloads/Shell companies/doc/Digivolution consultancy Pvt lt/U74999MH2019PTC324789_UU1931961/AOC-4_Form AOC4_22_01_2021.pdf,documents/Digivolution consultancy Pvt lt/U74999MH2019PTC324789_UU1931961/AOC-4_Form AOC4_22_01_2021.pdf,8a8e5327bbf838acc00ca5345e071d6333c5dbe128146abe2dcf3ed54e8573f8,2026-08-26T00:00:00Z
DOC_83CC2D698476,U74999MH2019PTC324789,ANNUAL_RETURN,MGT-7 Form MGT7 22 01 2021,MCA / Official Corporate Filing,2021-01-22,file:///Users/apple/Downloads/Shell companies/doc/Digivolution consultancy Pvt lt/U74999MH2019PTC324789_UU1931961/MGT-7_Form MGT7_22_01_2021.pdf,documents/Digivolution consultancy Pvt lt/U74999MH2019PTC324789_UU1931961/MGT-7_Form MGT7_22_01_2021.pdf,a0a4e38ae485d74e3ee0d266d2f9049a378c1d06b72dc8364ed6b2429512c308,2026-08-26T00:00:00Z
DOC_55D72C8FB3BC,U74999MH2019PTC324789,FINANCIAL_STATEMENT,AOC-4 Form AOC4 31 01 2022,MCA / Official Corporate Filing,2022-01-31,file:///Users/apple/Downloads/Shell companies/doc/Digivolution consultancy Pvt lt/U74999MH2019PTC324789_UU1931961/AOC-4_Form AOC4_31_01_2022.pdf,documents/Digivolution consultancy Pvt lt/U74999MH2019PTC324789_UU1931961/AOC-4_Form AOC4_31_01_2022.pdf,416daf3a4c02dcdf1122a70977c852c8dde879cab9f852ac07bba870e7d8c711,2026-08-26T00:00:00Z
DOC_8ADB3AED409C,U74999MH2019PTC324789,ANNUAL_RETURN,MGT-7A Form MGT7A 31 01 2022,MCA / Official Corporate Filing,2022-01-31,file:///Users/apple/Downloads/Shell companies/doc/Digivolution consultancy Pvt lt/U74999MH2019PTC324789_UU1931961/MGT-7A_Form MGT7A_31_01_2022.pdf,documents/Digivolution consultancy Pvt lt/U74999MH2019PTC324789_UU1931961/MGT-7A_Form MGT7A_31_01_2022.pdf,e303702672a093fb5f6ccda570b9e509d33d8cdd3706b2cb6102c7f008f36cc7,2026-08-26T00:00:00Z
DOC_5909081F7095,U74999MH2019PTC324789,FINANCIAL_STATEMENT,AOC-4 Copy of Financial Staements duly authenticated as per section 134 Including Boards report auditors ... 22 01 2021,MCA / Official Corporate Filing,2021-01-22,file:///Users/apple/Downloads/Shell companies/doc/Digivolution consultancy Pvt lt/U74999MH2019PTC324789_UU1931961/AOC-4_Copy of Financial Staements duly authenticated as per section 134 Including Boards report auditors ..._22_01_2021.pdf,documents/Digivolution consultancy Pvt lt/U74999MH2019PTC324789_UU1931961/AOC-4_Copy of Financial Staements duly authenticated as per section 134 Including Boards report auditors ..._22_01_2021.pdf,6b20191addbf7b1d7337b51569206e48f17006e6e3ace4c4c13c54f5529861cc,2026-08-26T00:00:00Z
DOC_B4704DBA6C07,L11711GJ1984PLC007048,COMPANY_MASTER_DATA,Company Master Data Record - ANJANI SYNTHETICS LIMITED,Ministry of Corporate Affairs (MCA),2026-08-26,https://www.bseindia.com/stock-share-price/anjani-synthetics-limited/ANJANISYN/514330/,documents/ANJANI SYNTHETICS LIMITED/Company_Master_Data.pdf,5edc145965708b37e5720d9651368b2c04b6863b7a84e92e52494584d9a6c834,2026-08-26T17:10:00Z
DOC_11796E8DD81A,L11711GJ1984PLC007048,FINANCIAL_STATEMENT,Form AOC-4 Financial Statements FY 2024-25 - ANJANI SYNTHETICS LIMITED,MCA / BSE Corporate Disclosures,2025-03-31,https://www.bseindia.com/stock-share-price/anjani-synthetics-limited/ANJANISYN/514330/,documents/ANJANI SYNTHETICS LIMITED/AOC-4_Financial_Statements_FY25.pdf,86b974d230e77b8253b9ed1e069af29c9e8f032ea18584dc5b3970fe5dfd9542,2026-08-26T17:10:00Z
DOC_E5D8128EF840,L11711GJ1984PLC007048,ANNUAL_RETURN,Form MGT-7 Annual Return & Shareholding Pattern FY 2024-25 - ANJANI SYNTHETICS LIMITED,MCA / Exchange Disclosures,2025-09-30,https://www.bseindia.com/stock-share-price/anjani-synthetics-limited/ANJANISYN/514330/,documents/ANJANI SYNTHETICS LIMITED/MGT-7_Annual_Return_FY25.pdf,9f2a6d7e59c88730459945840e22a292420c5a9903ad37e7d7f3217f938e1020,2026-08-26T17:10:00Z
DOC_CC2454B9AE3F,L11711GJ1984PLC007048,DIRECTOR_KMP_CHANGES,Form DIR-12 Director Profiles & KMP Appointments - ANJANI SYNTHETICS LIMITED,MCA Corporate Filings,2024-11-15,https://www.bseindia.com/stock-share-price/anjani-synthetics-limited/ANJANISYN/514330/,documents/ANJANI SYNTHETICS LIMITED/DIR-12_Director_Records.pdf,d8c4f1730fac7282754e34b1aad46f393a65f8371840836ec7053bdd6c1bcc16,2026-08-26T17:10:00Z
DOC_6F01AC469480,L11711GJ1984PLC007048,AUDITOR_APPOINTMENT,Form ADT-1 Auditor Appointment Resolution - ANJANI SYNTHETICS LIMITED,MCA Corporate Filings,2024-09-28,https://www.bseindia.com/stock-share-price/anjani-synthetics-limited/ANJANISYN/514330/,documents/ANJANI SYNTHETICS LIMITED/ADT-1_Auditor_Appointment.pdf,5d2184d81c779cdc53e3d258a8befd031003c815601063744361515ba6e98b8b,2026-08-26T17:10:00Z
DOC_552C77F3ABB2,L11711GJ1984PLC007048,REGISTERED_OFFICE,Form INC-22 Registered Office Location & Proof - ANJANI SYNTHETICS LIMITED,MCA Corporate Filings,2023-05-10,https://www.bseindia.com/stock-share-price/anjani-synthetics-limited/ANJANISYN/514330/,documents/ANJANI SYNTHETICS LIMITED/INC-22_Registered_Office_Proof.pdf,f46df8b6b021e56654fe9103e1cd982c87e8d73e3fc8302c943f212f90cc8594,2026-08-26T17:10:00Z
DOC_064E86685634,L11711GJ1984PLC007048,RESOLUTIONS_AGREEMENTS,Form MGT-14 Special Resolutions & Alterations - ANJANI SYNTHETICS LIMITED,MCA Corporate Filings,2024-03-20,https://www.bseindia.com/stock-share-price/anjani-synthetics-limited/ANJANISYN/514330/,documents/ANJANI SYNTHETICS LIMITED/MGT-14_Special_Resolutions.pdf,366e3b78d4870c336438bc4877463783238835357a67c5f7d4511ae0c3bf013d,2026-08-26T17:10:00Z
DOC_4DD5A4FDBF80,L11711GJ1984PLC007048,GST_TAXPAYER_DATA,GST Public Taxpayer Registration & Business Footprint - ANJANI SYNTHETICS LIMITED,GST Council Public Portal,2026-01-10,https://www.bseindia.com/stock-share-price/anjani-synthetics-limited/ANJANISYN/514330/,documents/ANJANI SYNTHETICS LIMITED/GST_Place_of_Business_Registration.pdf,6c820026a7b60299f983a7b1c1ad3bf67130783304c10a4e23c655bb047b45f0,2026-08-26T17:10:00Z
DOC_E3250D6AE3A5,L15142GJ1983PLC006574,COMPANY_MASTER_DATA,Company Master Data Record - PRASHANT INDIA LIMITED,Ministry of Corporate Affairs (MCA),2026-08-26,https://www.bseindia.com/stock-share-price/prashant-india-limited/PRASHANT/514014/,documents/PRASHANT INDIA LIMITED/Company_Master_Data.pdf,928e05160870b8803ab8700f3af89064df87bf780d29fb9c624d449ea0c58cb8,2026-08-26T17:10:00Z
DOC_FC7912635B67,L15142GJ1983PLC006574,FINANCIAL_STATEMENT,Form AOC-4 Financial Statements FY 2024-25 - PRASHANT INDIA LIMITED,MCA / BSE Corporate Disclosures,2025-03-31,https://www.bseindia.com/stock-share-price/prashant-india-limited/PRASHANT/514014/,documents/PRASHANT INDIA LIMITED/AOC-4_Financial_Statements_FY25.pdf,898d28f20955d5d78d51fd9f8191af194048aaf1c939b0dd696ed09850faea93,2026-08-26T17:10:00Z
DOC_E814343A1C45,L15142GJ1983PLC006574,ANNUAL_RETURN,Form MGT-7 Annual Return & Shareholding Pattern FY 2024-25 - PRASHANT INDIA LIMITED,MCA / Exchange Disclosures,2025-09-30,https://www.bseindia.com/stock-share-price/prashant-india-limited/PRASHANT/514014/,documents/PRASHANT INDIA LIMITED/MGT-7_Annual_Return_FY25.pdf,ac3554f588e81f15a457a334af9c08417de7784809a27f6ad8432c7304049768,2026-08-26T17:10:00Z
DOC_06D8F2D69AAF,L15142GJ1983PLC006574,DIRECTOR_KMP_CHANGES,Form DIR-12 Director Profiles & KMP Appointments - PRASHANT INDIA LIMITED,MCA Corporate Filings,2024-11-15,https://www.bseindia.com/stock-share-price/prashant-india-limited/PRASHANT/514014/,documents/PRASHANT INDIA LIMITED/DIR-12_Director_Records.pdf,3b12145e825f0b2e53aa6df87bad8cb623a8618cf9d7b5fa13d9b13b25c5bc20,2026-08-26T17:10:00Z
DOC_F465870AFD82,L15142GJ1983PLC006574,AUDITOR_APPOINTMENT,Form ADT-1 Auditor Appointment Resolution - PRASHANT INDIA LIMITED,MCA Corporate Filings,2024-09-28,https://www.bseindia.com/stock-share-price/prashant-india-limited/PRASHANT/514014/,documents/PRASHANT INDIA LIMITED/ADT-1_Auditor_Appointment.pdf,7142a69e74ab24947eec64fb23ecc29a3b41dc4ff904db981ddce51d08aa8c77,2026-08-26T17:10:00Z
DOC_CF67EEFAC75F,L15142GJ1983PLC006574,REGISTERED_OFFICE,Form INC-22 Registered Office Location & Proof - PRASHANT INDIA LIMITED,MCA Corporate Filings,2023-05-10,https://www.bseindia.com/stock-share-price/prashant-india-limited/PRASHANT/514014/,documents/PRASHANT INDIA LIMITED/INC-22_Registered_Office_Proof.pdf,453bdc04e58770f3aaaf81204250a8a74651675cee8ed6b0a4985f560f26e2c8,2026-08-26T17:10:00Z
DOC_08CAC2340DC1,L15142GJ1983PLC006574,RESOLUTIONS_AGREEMENTS,Form MGT-14 Special Resolutions & Alterations - PRASHANT INDIA LIMITED,MCA Corporate Filings,2024-03-20,https://www.bseindia.com/stock-share-price/prashant-india-limited/PRASHANT/514014/,documents/PRASHANT INDIA LIMITED/MGT-14_Special_Resolutions.pdf,50cd2aba9f37b00888efe3c5547ce24322777e4c5824847d39c7c1a35db9581b,2026-08-26T17:10:00Z
DOC_5B1EE774921F,L15142GJ1983PLC006574,GST_TAXPAYER_DATA,GST Public Taxpayer Registration & Business Footprint - PRASHANT INDIA LIMITED,GST Council Public Portal,2026-01-10,https://www.bseindia.com/stock-share-price/prashant-india-limited/PRASHANT/514014/,documents/PRASHANT INDIA LIMITED/GST_Place_of_Business_Registration.pdf,740a1096bcc5196669940200d54ae3064dbf5ba9a05bf90ff83e5a1727ce849e,2026-08-26T17:10:00Z
DOC_4ED2F2F7D0AB,L15142GJ1986PLC008598,COMPANY_MASTER_DATA,Company Master Data Record - M RAVJI OIL INDUSTRIES LIMITED,Ministry of Corporate Affairs (MCA),2026-08-26,https://www.bseindia.com/stock-share-price/m-ravji-oil-industries-limited/RAVJIOIL/519349/,documents/M RAVJI OIL INDUSTRIES LIMITED/Company_Master_Data.pdf,17d8c2449c96f22aaac20a224dd08d18f522f7a0427274f010bc326bc93afd3e,2026-08-26T17:10:00Z
DOC_EE70743D966B,L15142GJ1986PLC008598,FINANCIAL_STATEMENT,Form AOC-4 Financial Statements FY 2024-25 - M RAVJI OIL INDUSTRIES LIMITED,MCA / BSE Corporate Disclosures,2025-03-31,https://www.bseindia.com/stock-share-price/m-ravji-oil-industries-limited/RAVJIOIL/519349/,documents/M RAVJI OIL INDUSTRIES LIMITED/AOC-4_Financial_Statements_FY25.pdf,53d94c84d37346df8d203255f41f488b0a17941cef684d69eda41233bab3d73a,2026-08-26T17:10:00Z
DOC_A83D30E46AE7,L15142GJ1986PLC008598,ANNUAL_RETURN,Form MGT-7 Annual Return & Shareholding Pattern FY 2024-25 - M RAVJI OIL INDUSTRIES LIMITED,MCA / Exchange Disclosures,2025-09-30,https://www.bseindia.com/stock-share-price/m-ravji-oil-industries-limited/RAVJIOIL/519349/,documents/M RAVJI OIL INDUSTRIES LIMITED/MGT-7_Annual_Return_FY25.pdf,5b921c35b1b0a7e6267949c18c37d01d730c1a9a9fb7c1163c413cc15a653c14,2026-08-26T17:10:00Z
DOC_BD405936DC60,L15142GJ1986PLC008598,DIRECTOR_KMP_CHANGES,Form DIR-12 Director Profiles & KMP Appointments - M RAVJI OIL INDUSTRIES LIMITED,MCA Corporate Filings,2024-11-15,https://www.bseindia.com/stock-share-price/m-ravji-oil-industries-limited/RAVJIOIL/519349/,documents/M RAVJI OIL INDUSTRIES LIMITED/DIR-12_Director_Records.pdf,e8786b4ab8afd8e2aa22d5cdea7d20b13e867322e85cf0ce7b3e95193eef2f45,2026-08-26T17:10:00Z
DOC_16CCAAB961AF,L15142GJ1986PLC008598,AUDITOR_APPOINTMENT,Form ADT-1 Auditor Appointment Resolution - M RAVJI OIL INDUSTRIES LIMITED,MCA Corporate Filings,2024-09-28,https://www.bseindia.com/stock-share-price/m-ravji-oil-industries-limited/RAVJIOIL/519349/,documents/M RAVJI OIL INDUSTRIES LIMITED/ADT-1_Auditor_Appointment.pdf,be67b287fe1a930a81b346240fe5efa41dd3962f41c4a716f6430a1787127dc9,2026-08-26T17:10:00Z
DOC_5C8CD0A201A7,L15142GJ1986PLC008598,REGISTERED_OFFICE,Form INC-22 Registered Office Location & Proof - M RAVJI OIL INDUSTRIES LIMITED,MCA Corporate Filings,2023-05-10,https://www.bseindia.com/stock-share-price/m-ravji-oil-industries-limited/RAVJIOIL/519349/,documents/M RAVJI OIL INDUSTRIES LIMITED/INC-22_Registered_Office_Proof.pdf,db7c897a869ca29c609fbe414d82d2fefa37ed1e8a734226211dcb270f4eb7ff,2026-08-26T17:10:00Z
DOC_75E449B85593,L15142GJ1986PLC008598,RESOLUTIONS_AGREEMENTS,Form MGT-14 Special Resolutions & Alterations - M RAVJI OIL INDUSTRIES LIMITED,MCA Corporate Filings,2024-03-20,https://www.bseindia.com/stock-share-price/m-ravji-oil-industries-limited/RAVJIOIL/519349/,documents/M RAVJI OIL INDUSTRIES LIMITED/MGT-14_Special_Resolutions.pdf,6a8e7a59b5648cfe8f6c4e8c7f78a57e80dc7485d5bfd29447dc0c78434b57c7,2026-08-26T17:10:00Z
DOC_D94189939FA2,L15142GJ1986PLC008598,GST_TAXPAYER_DATA,GST Public Taxpayer Registration & Business Footprint - M RAVJI OIL INDUSTRIES LIMITED,GST Council Public Portal,2026-01-10,https://www.bseindia.com/stock-share-price/m-ravji-oil-industries-limited/RAVJIOIL/519349/,documents/M RAVJI OIL INDUSTRIES LIMITED/GST_Place_of_Business_Registration.pdf,31fe1f8e677dbb59999db8bc608054128830afc3a704c0119afe45587b0a1247,2026-08-26T17:10:00Z
DOC_474427E7D065,L15200GJ1986PLC009146,COMPANY_MASTER_DATA,Company Master Data Record - DHARNENDRA INDUSTRIES LIMITED,Ministry of Corporate Affairs (MCA),2026-08-26,https://www.bseindia.com/stock-share-price/dharnendra-industries-limited/DHARNEND/519479/,documents/DHARNENDRA INDUSTRIES LIMITED/Company_Master_Data.pdf,190040e0633f60a5553ffb72809a82fa3315160d5f846d55e192a994a7eb68a7,2026-08-26T17:10:00Z
DOC_F81471C25FAB,L15200GJ1986PLC009146,FINANCIAL_STATEMENT,Form AOC-4 Financial Statements FY 2024-25 - DHARNENDRA INDUSTRIES LIMITED,MCA / BSE Corporate Disclosures,2025-03-31,https://www.bseindia.com/stock-share-price/dharnendra-industries-limited/DHARNEND/519479/,documents/DHARNENDRA INDUSTRIES LIMITED/AOC-4_Financial_Statements_FY25.pdf,0106bff93364d0a592214961f3c1097443297b373b4f0c8944cf4d8df74f1c96,2026-08-26T17:10:00Z
DOC_D4242E24B5D7,L15200GJ1986PLC009146,ANNUAL_RETURN,Form MGT-7 Annual Return & Shareholding Pattern FY 2024-25 - DHARNENDRA INDUSTRIES LIMITED,MCA / Exchange Disclosures,2025-09-30,https://www.bseindia.com/stock-share-price/dharnendra-industries-limited/DHARNEND/519479/,documents/DHARNENDRA INDUSTRIES LIMITED/MGT-7_Annual_Return_FY25.pdf,0ff104386b9f0894d10fdcda74a48b89a185bf2cd309c36797fd8c1b69852f88,2026-08-26T17:10:00Z
DOC_B3AF6D2739AD,L15200GJ1986PLC009146,DIRECTOR_KMP_CHANGES,Form DIR-12 Director Profiles & KMP Appointments - DHARNENDRA INDUSTRIES LIMITED,MCA Corporate Filings,2024-11-15,https://www.bseindia.com/stock-share-price/dharnendra-industries-limited/DHARNEND/519479/,documents/DHARNENDRA INDUSTRIES LIMITED/DIR-12_Director_Records.pdf,95344f19bcce0ebc319e4a36072fd470bb12139c41337a656bce26be493368d0,2026-08-26T17:10:00Z
DOC_9DF6D76FE39C,L15200GJ1986PLC009146,AUDITOR_APPOINTMENT,Form ADT-1 Auditor Appointment Resolution - DHARNENDRA INDUSTRIES LIMITED,MCA Corporate Filings,2024-09-28,https://www.bseindia.com/stock-share-price/dharnendra-industries-limited/DHARNEND/519479/,documents/DHARNENDRA INDUSTRIES LIMITED/ADT-1_Auditor_Appointment.pdf,e504e1728747d2056c8f7ad2c7c73fbb4b86cfc3504fe1e02c2bd0249270969a,2026-08-26T17:10:00Z
DOC_35CE08E68D30,L15200GJ1986PLC009146,REGISTERED_OFFICE,Form INC-22 Registered Office Location & Proof - DHARNENDRA INDUSTRIES LIMITED,MCA Corporate Filings,2023-05-10,https://www.bseindia.com/stock-share-price/dharnendra-industries-limited/DHARNEND/519479/,documents/DHARNENDRA INDUSTRIES LIMITED/INC-22_Registered_Office_Proof.pdf,1fa9c1446f2ac30d44158e0cecd7de07dee5b3b2ce873e95e0512ed7a1466a24,2026-08-26T17:10:00Z
DOC_8AA0E198CC8D,L15200GJ1986PLC009146,RESOLUTIONS_AGREEMENTS,Form MGT-14 Special Resolutions & Alterations - DHARNENDRA INDUSTRIES LIMITED,MCA Corporate Filings,2024-03-20,https://www.bseindia.com/stock-share-price/dharnendra-industries-limited/DHARNEND/519479/,documents/DHARNENDRA INDUSTRIES LIMITED/MGT-14_Special_Resolutions.pdf,84c1f38994202bd1698e531a3c45e3f4f40d49e9d1cad2f4bd423e93814d7479,2026-08-26T17:10:00Z
DOC_C36CAD80B40C,L15200GJ1986PLC009146,GST_TAXPAYER_DATA,GST Public Taxpayer Registration & Business Footprint - DHARNENDRA INDUSTRIES LIMITED,GST Council Public Portal,2026-01-10,https://www.bseindia.com/stock-share-price/dharnendra-industries-limited/DHARNEND/519479/,documents/DHARNENDRA INDUSTRIES LIMITED/GST_Place_of_Business_Registration.pdf,f66ca19d99f05d8fbaf4f3969cf38a8a73f04ae76c91025fac133f3625b3bc9a,2026-08-26T17:10:00Z
DOC_60D46022F75C,L15400GJ1985PLC007773,COMPANY_MASTER_DATA,Company Master Data Record - RAJHANS FOOD LIMITED,Ministry of Corporate Affairs (MCA),2026-08-26,https://www.bseindia.com/stock-share-price/rajhans-food-limited/RAJHANS/519280/,documents/RAJHANS FOOD LIMITED/Company_Master_Data.pdf,adc0a4dc197537960a53aa4fe18f1c0e4ef3afa99465b1f6e1f126bdff9fd782,2026-08-26T17:10:00Z
DOC_A5BFD9153D73,L15400GJ1985PLC007773,FINANCIAL_STATEMENT,Form AOC-4 Financial Statements FY 2024-25 - RAJHANS FOOD LIMITED,MCA / BSE Corporate Disclosures,2025-03-31,https://www.bseindia.com/stock-share-price/rajhans-food-limited/RAJHANS/519280/,documents/RAJHANS FOOD LIMITED/AOC-4_Financial_Statements_FY25.pdf,f5fd089709c30b3023b5add5fc7cd6db20951254dce90a5a11cbea53d0749c3a,2026-08-26T17:10:00Z
DOC_D9C3CB775528,L15400GJ1985PLC007773,ANNUAL_RETURN,Form MGT-7 Annual Return & Shareholding Pattern FY 2024-25 - RAJHANS FOOD LIMITED,MCA / Exchange Disclosures,2025-09-30,https://www.bseindia.com/stock-share-price/rajhans-food-limited/RAJHANS/519280/,documents/RAJHANS FOOD LIMITED/MGT-7_Annual_Return_FY25.pdf,60daf9f89843999c1a3d96be7e43ff246abb72ee6039c26355db2f6c59bd4b54,2026-08-26T17:10:00Z
DOC_0A1EA7D54C04,L15400GJ1985PLC007773,DIRECTOR_KMP_CHANGES,Form DIR-12 Director Profiles & KMP Appointments - RAJHANS FOOD LIMITED,MCA Corporate Filings,2024-11-15,https://www.bseindia.com/stock-share-price/rajhans-food-limited/RAJHANS/519280/,documents/RAJHANS FOOD LIMITED/DIR-12_Director_Records.pdf,e3e677e93167af5cc67b75a6cc83e290a15d3784965d55e52e2e4795fbff5007,2026-08-26T17:10:00Z
DOC_75F5E891656A,L15400GJ1985PLC007773,AUDITOR_APPOINTMENT,Form ADT-1 Auditor Appointment Resolution - RAJHANS FOOD LIMITED,MCA Corporate Filings,2024-09-28,https://www.bseindia.com/stock-share-price/rajhans-food-limited/RAJHANS/519280/,documents/RAJHANS FOOD LIMITED/ADT-1_Auditor_Appointment.pdf,88c2af1c93126121d64410c0e810f70efecef2287ab5d7176c069246a6143849,2026-08-26T17:10:00Z
DOC_A42A0F405000,L15400GJ1985PLC007773,REGISTERED_OFFICE,Form INC-22 Registered Office Location & Proof - RAJHANS FOOD LIMITED,MCA Corporate Filings,2023-05-10,https://www.bseindia.com/stock-share-price/rajhans-food-limited/RAJHANS/519280/,documents/RAJHANS FOOD LIMITED/INC-22_Registered_Office_Proof.pdf,7d5957052fd55d445d5118b0f0e7cc9dc02b8a1b13ec976b391f1e774aad1b7f,2026-08-26T17:10:00Z
DOC_3BDA27056F50,L15400GJ1985PLC007773,RESOLUTIONS_AGREEMENTS,Form MGT-14 Special Resolutions & Alterations - RAJHANS FOOD LIMITED,MCA Corporate Filings,2024-03-20,https://www.bseindia.com/stock-share-price/rajhans-food-limited/RAJHANS/519280/,documents/RAJHANS FOOD LIMITED/MGT-14_Special_Resolutions.pdf,bf46b6bb121641d7f475731ff10b280ebb7871c703fc696aa4f3413ff2291aee,2026-08-26T17:10:00Z
DOC_81A6921D5585,L15400GJ1985PLC007773,GST_TAXPAYER_DATA,GST Public Taxpayer Registration & Business Footprint - RAJHANS FOOD LIMITED,GST Council Public Portal,2026-01-10,https://www.bseindia.com/stock-share-price/rajhans-food-limited/RAJHANS/519280/,documents/RAJHANS FOOD LIMITED/GST_Place_of_Business_Registration.pdf,85467e871331b47512d7d7ba87d18801d3a2fbf916f901ff38f1557daa2fede8,2026-08-26T17:10:00Z
DOC_13523AA9F6E0,L15419GJ1982PLC005071,COMPANY_MASTER_DATA,Company Master Data Record - SHAH FOODS LIMITED,Ministry of Corporate Affairs (MCA),2026-08-26,https://www.bseindia.com/stock-share-price/shah-foods-limited/SHAHFOOD/519031/,documents/SHAH FOODS LIMITED/Company_Master_Data.pdf,1a9b6b64be9b7bd5b52d8cefcebb3029a80e2c16953eab2fb93a1e6d91f13faf,2026-08-26T17:10:00Z
DOC_145AAA52B75E,L15419GJ1982PLC005071,FINANCIAL_STATEMENT,Form AOC-4 Financial Statements FY 2024-25 - SHAH FOODS LIMITED,MCA / BSE Corporate Disclosures,2025-03-31,https://www.bseindia.com/stock-share-price/shah-foods-limited/SHAHFOOD/519031/,documents/SHAH FOODS LIMITED/AOC-4_Financial_Statements_FY25.pdf,a0600ce5de068e9f44c9a25a905fce42f74c725b89f1d0083e43bf636de22579,2026-08-26T17:10:00Z
DOC_05E66D79379E,L15419GJ1982PLC005071,ANNUAL_RETURN,Form MGT-7 Annual Return & Shareholding Pattern FY 2024-25 - SHAH FOODS LIMITED,MCA / Exchange Disclosures,2025-09-30,https://www.bseindia.com/stock-share-price/shah-foods-limited/SHAHFOOD/519031/,documents/SHAH FOODS LIMITED/MGT-7_Annual_Return_FY25.pdf,3afdaf2dc261d6381ffb60003b2c75af54e21ae11e2c2b6517335b2e15524e7f,2026-08-26T17:10:00Z
DOC_D4F2703907FE,L15419GJ1982PLC005071,DIRECTOR_KMP_CHANGES,Form DIR-12 Director Profiles & KMP Appointments - SHAH FOODS LIMITED,MCA Corporate Filings,2024-11-15,https://www.bseindia.com/stock-share-price/shah-foods-limited/SHAHFOOD/519031/,documents/SHAH FOODS LIMITED/DIR-12_Director_Records.pdf,f2031d5e0d784d50475095ccd624581991b622e1150aa4a944209f951f8c336d,2026-08-26T17:10:00Z
DOC_E4889C9BDE68,L15419GJ1982PLC005071,AUDITOR_APPOINTMENT,Form ADT-1 Auditor Appointment Resolution - SHAH FOODS LIMITED,MCA Corporate Filings,2024-09-28,https://www.bseindia.com/stock-share-price/shah-foods-limited/SHAHFOOD/519031/,documents/SHAH FOODS LIMITED/ADT-1_Auditor_Appointment.pdf,49f7fa123629d8af9c3fdf002b52bf8810cbc5e98d06187b3ad2deaabcd015fe,2026-08-26T17:10:00Z
DOC_6BD9549A91E5,L15419GJ1982PLC005071,REGISTERED_OFFICE,Form INC-22 Registered Office Location & Proof - SHAH FOODS LIMITED,MCA Corporate Filings,2023-05-10,https://www.bseindia.com/stock-share-price/shah-foods-limited/SHAHFOOD/519031/,documents/SHAH FOODS LIMITED/INC-22_Registered_Office_Proof.pdf,77c4914db0218a1bdfbba05ba97aff000f1e4d22ef84eaaecc2f1b1e9788e601,2026-08-26T17:10:00Z
DOC_F803A55F34C3,L15419GJ1982PLC005071,RESOLUTIONS_AGREEMENTS,Form MGT-14 Special Resolutions & Alterations - SHAH FOODS LIMITED,MCA Corporate Filings,2024-03-20,https://www.bseindia.com/stock-share-price/shah-foods-limited/SHAHFOOD/519031/,documents/SHAH FOODS LIMITED/MGT-14_Special_Resolutions.pdf,3c69299688146abc5f6ad0b6167b5922771dc7c37362be2cadf3604bf7db2182,2026-08-26T17:10:00Z
DOC_69EA99DE2160,L15419GJ1982PLC005071,GST_TAXPAYER_DATA,GST Public Taxpayer Registration & Business Footprint - SHAH FOODS LIMITED,GST Council Public Portal,2026-01-10,https://www.bseindia.com/stock-share-price/shah-foods-limited/SHAHFOOD/519031/,documents/SHAH FOODS LIMITED/GST_Place_of_Business_Registration.pdf,d3dce9eef992099042e8676cc96ffa37ddb365af7842c8ed27edc9aa400a1b18,2026-08-26T17:10:00Z
DOC_C90FC767B174,L17100GJ1983PLC028990,COMPANY_MASTER_DATA,Company Master Data Record - AARNAV FASHIONS LIMITED,Ministry of Corporate Affairs (MCA),2026-08-26,https://www.bseindia.com/stock-share-price/aarnav-fashions-limited/AARNAV/539513/,documents/AARNAV FASHIONS LIMITED/Company_Master_Data.pdf,3a7e48822d931b428c495cc112e5bdc57f473fc65df45f992b8060c00f0a80bd,2026-08-26T17:10:00Z
DOC_A1B38E597107,L17100GJ1983PLC028990,FINANCIAL_STATEMENT,Form AOC-4 Financial Statements FY 2024-25 - AARNAV FASHIONS LIMITED,MCA / BSE Corporate Disclosures,2025-03-31,https://www.bseindia.com/stock-share-price/aarnav-fashions-limited/AARNAV/539513/,documents/AARNAV FASHIONS LIMITED/AOC-4_Financial_Statements_FY25.pdf,4684339cbeb85e54a0e04c1e45557c797202129b8a0c23f6400dde92e9d1f298,2026-08-26T17:10:00Z
DOC_071E335CAE00,L17100GJ1983PLC028990,ANNUAL_RETURN,Form MGT-7 Annual Return & Shareholding Pattern FY 2024-25 - AARNAV FASHIONS LIMITED,MCA / Exchange Disclosures,2025-09-30,https://www.bseindia.com/stock-share-price/aarnav-fashions-limited/AARNAV/539513/,documents/AARNAV FASHIONS LIMITED/MGT-7_Annual_Return_FY25.pdf,4e8d380e55f34a43218fc8d35422f7080baf3b355a9ef64346c2e2946756f667,2026-08-26T17:10:00Z
DOC_A8A02CB191EC,L17100GJ1983PLC028990,DIRECTOR_KMP_CHANGES,Form DIR-12 Director Profiles & KMP Appointments - AARNAV FASHIONS LIMITED,MCA Corporate Filings,2024-11-15,https://www.bseindia.com/stock-share-price/aarnav-fashions-limited/AARNAV/539513/,documents/AARNAV FASHIONS LIMITED/DIR-12_Director_Records.pdf,57596cf79a5c1abaaa0ed75f93720605c3a98457500db9ca5f0d51e2dd0d7f3f,2026-08-26T17:10:00Z
DOC_0CAACBEED45B,L17100GJ1983PLC028990,AUDITOR_APPOINTMENT,Form ADT-1 Auditor Appointment Resolution - AARNAV FASHIONS LIMITED,MCA Corporate Filings,2024-09-28,https://www.bseindia.com/stock-share-price/aarnav-fashions-limited/AARNAV/539513/,documents/AARNAV FASHIONS LIMITED/ADT-1_Auditor_Appointment.pdf,b96cfd4f24f6829c15aa213c2fa1e5e4c36827a8bccd2002f8f7f81fee0ac65e,2026-08-26T17:10:00Z
DOC_FE9FD9714D20,L17100GJ1983PLC028990,REGISTERED_OFFICE,Form INC-22 Registered Office Location & Proof - AARNAV FASHIONS LIMITED,MCA Corporate Filings,2023-05-10,https://www.bseindia.com/stock-share-price/aarnav-fashions-limited/AARNAV/539513/,documents/AARNAV FASHIONS LIMITED/INC-22_Registered_Office_Proof.pdf,5983a22aa441569194a1646608b9c54e0ce6c4cc012dd97e60cb90e233566687,2026-08-26T17:10:00Z
DOC_6DD2604E219B,L17100GJ1983PLC028990,RESOLUTIONS_AGREEMENTS,Form MGT-14 Special Resolutions & Alterations - AARNAV FASHIONS LIMITED,MCA Corporate Filings,2024-03-20,https://www.bseindia.com/stock-share-price/aarnav-fashions-limited/AARNAV/539513/,documents/AARNAV FASHIONS LIMITED/MGT-14_Special_Resolutions.pdf,20910bbfb6bcd850df61a14e066c17cffb535b0f3587d5477db43866c0a88c2c,2026-08-26T17:10:00Z
DOC_BB9F67E4A8DB,L17100GJ1983PLC028990,GST_TAXPAYER_DATA,GST Public Taxpayer Registration & Business Footprint - AARNAV FASHIONS LIMITED,GST Council Public Portal,2026-01-10,https://www.bseindia.com/stock-share-price/aarnav-fashions-limited/AARNAV/539513/,documents/AARNAV FASHIONS LIMITED/GST_Place_of_Business_Registration.pdf,2540f57137275e3c759793e3821b289e4472ba72c54be9c733c93aee878d74a8,2026-08-26T17:10:00Z
DOC_32C2AB261C9E,L17110GJ1982PLC004960,COMPANY_MASTER_DATA,Company Master Data Record - GSL (INDIA) LIMITED,Ministry of Corporate Affairs (MCA),2026-08-26,https://www.bseindia.com/stock-share-price/gsl-(india)-limited/GSL/503903/,documents/GSL (INDIA) LIMITED/Company_Master_Data.pdf,20c6c638f7296a554a9661b3599bef56b78b8ef590e53d8c7dbd252276674115,2026-08-26T17:10:00Z
DOC_A25CA54C1DC1,L17110GJ1982PLC004960,FINANCIAL_STATEMENT,Form AOC-4 Financial Statements FY 2024-25 - GSL (INDIA) LIMITED,MCA / BSE Corporate Disclosures,2025-03-31,https://www.bseindia.com/stock-share-price/gsl-(india)-limited/GSL/503903/,documents/GSL (INDIA) LIMITED/AOC-4_Financial_Statements_FY25.pdf,79aa32c4017ae3600e0f1c810b28e920c563f4b22b68fac4cf832f7a286e965b,2026-08-26T17:10:00Z
DOC_D23F7290CEDD,L17110GJ1982PLC004960,ANNUAL_RETURN,Form MGT-7 Annual Return & Shareholding Pattern FY 2024-25 - GSL (INDIA) LIMITED,MCA / Exchange Disclosures,2025-09-30,https://www.bseindia.com/stock-share-price/gsl-(india)-limited/GSL/503903/,documents/GSL (INDIA) LIMITED/MGT-7_Annual_Return_FY25.pdf,15de17958cfca698a8d6956ed41e7b1c70def6d10fa829339313afa2202bd1a6,2026-08-26T17:10:00Z
DOC_825D62C43C65,L17110GJ1982PLC004960,DIRECTOR_KMP_CHANGES,Form DIR-12 Director Profiles & KMP Appointments - GSL (INDIA) LIMITED,MCA Corporate Filings,2024-11-15,https://www.bseindia.com/stock-share-price/gsl-(india)-limited/GSL/503903/,documents/GSL (INDIA) LIMITED/DIR-12_Director_Records.pdf,af8a640310b17a5f9f109e1217d8a2c9ca73fdf82764de07ac0739356cb92c95,2026-08-26T17:10:00Z
DOC_B3BD87178E6E,L17110GJ1982PLC004960,AUDITOR_APPOINTMENT,Form ADT-1 Auditor Appointment Resolution - GSL (INDIA) LIMITED,MCA Corporate Filings,2024-09-28,https://www.bseindia.com/stock-share-price/gsl-(india)-limited/GSL/503903/,documents/GSL (INDIA) LIMITED/ADT-1_Auditor_Appointment.pdf,c99c78c0cb4b881d0b6412a15c1a2ed92b58058656fe6c074c81a8c8b81e9016,2026-08-26T17:10:00Z
DOC_F3BF5801A44F,L17110GJ1982PLC004960,REGISTERED_OFFICE,Form INC-22 Registered Office Location & Proof - GSL (INDIA) LIMITED,MCA Corporate Filings,2023-05-10,https://www.bseindia.com/stock-share-price/gsl-(india)-limited/GSL/503903/,documents/GSL (INDIA) LIMITED/INC-22_Registered_Office_Proof.pdf,36e647eee368348882df637b70fed809b2d7e0ab35d6fe05c474e380761b282b,2026-08-26T17:10:00Z
DOC_4A41467DB84C,L17110GJ1982PLC004960,RESOLUTIONS_AGREEMENTS,Form MGT-14 Special Resolutions & Alterations - GSL (INDIA) LIMITED,MCA Corporate Filings,2024-03-20,https://www.bseindia.com/stock-share-price/gsl-(india)-limited/GSL/503903/,documents/GSL (INDIA) LIMITED/MGT-14_Special_Resolutions.pdf,d8b079a8d8e29242942dab432dc33e3009f2ada29910ecee70874676063b794d,2026-08-26T17:10:00Z
DOC_0B17064A0AF0,L17110GJ1982PLC004960,GST_TAXPAYER_DATA,GST Public Taxpayer Registration & Business Footprint - GSL (INDIA) LIMITED,GST Council Public Portal,2026-01-10,https://www.bseindia.com/stock-share-price/gsl-(india)-limited/GSL/503903/,documents/GSL (INDIA) LIMITED/GST_Place_of_Business_Registration.pdf,862d578c499b8724d7b75cc3acdfba8d7ef9bf5cf45e43a80f5545885005f242,2026-08-26T17:10:00Z
DOC_547320DA2B27,L17110GJ1983PLC006309,COMPANY_MASTER_DATA,Company Master Data Record - SANRHEA TECHNICAL TEXTILES LIMITED,Ministry of Corporate Affairs (MCA),2026-08-26,https://www.bseindia.com/stock-share-price/sanrhea-technical-textiles-limited/SANRHEA/530073/,documents/SANRHEA TECHNICAL TEXTILES LIMITED/Company_Master_Data.pdf,958b253b83d89fef101bdb2e093a93f9e285abaea58bdce44311e7d65180d929,2026-08-26T17:10:00Z
DOC_53B8BA852937,L17110GJ1983PLC006309,FINANCIAL_STATEMENT,Form AOC-4 Financial Statements FY 2024-25 - SANRHEA TECHNICAL TEXTILES LIMITED,MCA / BSE Corporate Disclosures,2025-03-31,https://www.bseindia.com/stock-share-price/sanrhea-technical-textiles-limited/SANRHEA/530073/,documents/SANRHEA TECHNICAL TEXTILES LIMITED/AOC-4_Financial_Statements_FY25.pdf,c2ec3aa75e9f02fe39027436f4aa9124b752eea77238129b2505dc2060a7be69,2026-08-26T17:10:00Z
DOC_568916F8C23D,L17110GJ1983PLC006309,ANNUAL_RETURN,Form MGT-7 Annual Return & Shareholding Pattern FY 2024-25 - SANRHEA TECHNICAL TEXTILES LIMITED,MCA / Exchange Disclosures,2025-09-30,https://www.bseindia.com/stock-share-price/sanrhea-technical-textiles-limited/SANRHEA/530073/,documents/SANRHEA TECHNICAL TEXTILES LIMITED/MGT-7_Annual_Return_FY25.pdf,2ddb7118999bfac3c480b646a428e3041ec4d459cd7c63be2cd8d1ea7c6ef5c5,2026-08-26T17:10:00Z
DOC_29135BCD9BBF,L17110GJ1983PLC006309,DIRECTOR_KMP_CHANGES,Form DIR-12 Director Profiles & KMP Appointments - SANRHEA TECHNICAL TEXTILES LIMITED,MCA Corporate Filings,2024-11-15,https://www.bseindia.com/stock-share-price/sanrhea-technical-textiles-limited/SANRHEA/530073/,documents/SANRHEA TECHNICAL TEXTILES LIMITED/DIR-12_Director_Records.pdf,99dc575541717b3df88793ff355ffbf373ef1ea38a25441eff949f962aec5430,2026-08-26T17:10:00Z
DOC_BC71C270E1BF,L17110GJ1983PLC006309,AUDITOR_APPOINTMENT,Form ADT-1 Auditor Appointment Resolution - SANRHEA TECHNICAL TEXTILES LIMITED,MCA Corporate Filings,2024-09-28,https://www.bseindia.com/stock-share-price/sanrhea-technical-textiles-limited/SANRHEA/530073/,documents/SANRHEA TECHNICAL TEXTILES LIMITED/ADT-1_Auditor_Appointment.pdf,b84411bd1489cdd6cfd3934e9e01847bf8f695de4fd48714a02b71992049f06a,2026-08-26T17:10:00Z
DOC_B13DA63697A3,L17110GJ1983PLC006309,REGISTERED_OFFICE,Form INC-22 Registered Office Location & Proof - SANRHEA TECHNICAL TEXTILES LIMITED,MCA Corporate Filings,2023-05-10,https://www.bseindia.com/stock-share-price/sanrhea-technical-textiles-limited/SANRHEA/530073/,documents/SANRHEA TECHNICAL TEXTILES LIMITED/INC-22_Registered_Office_Proof.pdf,0a9d9168e85bd03c052033cefbea850b7b3a092b7ef402cf61ed36e7093d3eac,2026-08-26T17:10:00Z
DOC_910A39525962,L17110GJ1983PLC006309,RESOLUTIONS_AGREEMENTS,Form MGT-14 Special Resolutions & Alterations - SANRHEA TECHNICAL TEXTILES LIMITED,MCA Corporate Filings,2024-03-20,https://www.bseindia.com/stock-share-price/sanrhea-technical-textiles-limited/SANRHEA/530073/,documents/SANRHEA TECHNICAL TEXTILES LIMITED/MGT-14_Special_Resolutions.pdf,5ecb04e2aacca8336544513365d967a87c29c13f846ecbbaac184a904aaa06a3,2026-08-26T17:10:00Z
DOC_FC74F6B22316,L17110GJ1983PLC006309,GST_TAXPAYER_DATA,GST Public Taxpayer Registration & Business Footprint - SANRHEA TECHNICAL TEXTILES LIMITED,GST Council Public Portal,2026-01-10,https://www.bseindia.com/stock-share-price/sanrhea-technical-textiles-limited/SANRHEA/530073/,documents/SANRHEA TECHNICAL TEXTILES LIMITED/GST_Place_of_Business_Registration.pdf,d5183b625de06b0c1dd8947cb0fc2a9c471adc15dbc53f8eb63efc8961695ca7,2026-08-26T17:10:00Z
DOC_F69AAD142946,L17110GJ1983PLC006462,COMPANY_MASTER_DATA,Company Master Data Record - JAYATMA INDUSTRIES LIMITED,Ministry of Corporate Affairs (MCA),2026-08-26,https://www.bseindia.com/stock-share-price/jayatma-industries-limited/JAYATMA/521131/,documents/JAYATMA INDUSTRIES LIMITED/Company_Master_Data.pdf,4292cfaf8d4df1ef645e96aa70fb94ccc1a6a8a8757a1fea2ce2d6d37acf7f82,2026-08-26T17:10:00Z
DOC_AF979CDEEF36,L17110GJ1983PLC006462,FINANCIAL_STATEMENT,Form AOC-4 Financial Statements FY 2024-25 - JAYATMA INDUSTRIES LIMITED,MCA / BSE Corporate Disclosures,2025-03-31,https://www.bseindia.com/stock-share-price/jayatma-industries-limited/JAYATMA/521131/,documents/JAYATMA INDUSTRIES LIMITED/AOC-4_Financial_Statements_FY25.pdf,a15481a26e27302180da2b243027383e7411f04293f1f4a946fdd9a0c7ba6d01,2026-08-26T17:10:00Z
DOC_0E5211ACF8E6,L17110GJ1983PLC006462,ANNUAL_RETURN,Form MGT-7 Annual Return & Shareholding Pattern FY 2024-25 - JAYATMA INDUSTRIES LIMITED,MCA / Exchange Disclosures,2025-09-30,https://www.bseindia.com/stock-share-price/jayatma-industries-limited/JAYATMA/521131/,documents/JAYATMA INDUSTRIES LIMITED/MGT-7_Annual_Return_FY25.pdf,34834f217a5004b34836d92de447da19d264ecad92ed75117b806e1a7a062656,2026-08-26T17:10:00Z
DOC_5BE83D73B521,L17110GJ1983PLC006462,DIRECTOR_KMP_CHANGES,Form DIR-12 Director Profiles & KMP Appointments - JAYATMA INDUSTRIES LIMITED,MCA Corporate Filings,2024-11-15,https://www.bseindia.com/stock-share-price/jayatma-industries-limited/JAYATMA/521131/,documents/JAYATMA INDUSTRIES LIMITED/DIR-12_Director_Records.pdf,3f68e8391c55948b886af0e149b25cab3aadf9c84638932d6f416c71f7caaca0,2026-08-26T17:10:00Z
DOC_32ADF55D557A,L17110GJ1983PLC006462,AUDITOR_APPOINTMENT,Form ADT-1 Auditor Appointment Resolution - JAYATMA INDUSTRIES LIMITED,MCA Corporate Filings,2024-09-28,https://www.bseindia.com/stock-share-price/jayatma-industries-limited/JAYATMA/521131/,documents/JAYATMA INDUSTRIES LIMITED/ADT-1_Auditor_Appointment.pdf,439abebab066d7b87e76fa235e6b58db221169c2fcdeb5855f76086a4ec10a2a,2026-08-26T17:10:00Z
DOC_8662E8D167B2,L17110GJ1983PLC006462,REGISTERED_OFFICE,Form INC-22 Registered Office Location & Proof - JAYATMA INDUSTRIES LIMITED,MCA Corporate Filings,2023-05-10,https://www.bseindia.com/stock-share-price/jayatma-industries-limited/JAYATMA/521131/,documents/JAYATMA INDUSTRIES LIMITED/INC-22_Registered_Office_Proof.pdf,4cf3aa47cf6400e60b3f1267942cbde9f6ff5dc1e62155411dbe9ea26b11a757,2026-08-26T17:10:00Z
DOC_F211F48DF436,L17110GJ1983PLC006462,RESOLUTIONS_AGREEMENTS,Form MGT-14 Special Resolutions & Alterations - JAYATMA INDUSTRIES LIMITED,MCA Corporate Filings,2024-03-20,https://www.bseindia.com/stock-share-price/jayatma-industries-limited/JAYATMA/521131/,documents/JAYATMA INDUSTRIES LIMITED/MGT-14_Special_Resolutions.pdf,7e224a41de7a0d4c7fc99c0aa967143c3144e89c95b988dfc4f5c633c94d60c5,2026-08-26T17:10:00Z
DOC_B1ED295963DC,L17110GJ1983PLC006462,GST_TAXPAYER_DATA,GST Public Taxpayer Registration & Business Footprint - JAYATMA INDUSTRIES LIMITED,GST Council Public Portal,2026-01-10,https://www.bseindia.com/stock-share-price/jayatma-industries-limited/JAYATMA/521131/,documents/JAYATMA INDUSTRIES LIMITED/GST_Place_of_Business_Registration.pdf,f06c8fbe17620be7543586feb740b84d238de5bf778966ccdf90325f9572fa6e,2026-08-26T17:10:00Z
DOC_1389DCF6928C,L17110GJ1984PLC007124,COMPANY_MASTER_DATA,Company Master Data Record - GUJARAT RAFFIA INDUSTRIES LIMITED,Ministry of Corporate Affairs (MCA),2026-08-26,https://www.bseindia.com/stock-share-price/gujarat-raffia-industries-limited/GUJRAFIA/523836/,documents/GUJARAT RAFFIA INDUSTRIES LIMITED/Company_Master_Data.pdf,bb6bfcc16261f6ab2a00942bf0fa4edc5d6c7a9e8ce1fe3af2af3a3397e2f65c,2026-08-26T17:10:00Z
DOC_4CB9047BD61B,L17110GJ1984PLC007124,FINANCIAL_STATEMENT,Form AOC-4 Financial Statements FY 2024-25 - GUJARAT RAFFIA INDUSTRIES LIMITED,MCA / BSE Corporate Disclosures,2025-03-31,https://www.bseindia.com/stock-share-price/gujarat-raffia-industries-limited/GUJRAFIA/523836/,documents/GUJARAT RAFFIA INDUSTRIES LIMITED/AOC-4_Financial_Statements_FY25.pdf,660e79eacdf87bde00662e88d707efcf96067220728e325a0e22578c4c2aee30,2026-08-26T17:10:00Z
DOC_93B51A32DEB3,L17110GJ1984PLC007124,ANNUAL_RETURN,Form MGT-7 Annual Return & Shareholding Pattern FY 2024-25 - GUJARAT RAFFIA INDUSTRIES LIMITED,MCA / Exchange Disclosures,2025-09-30,https://www.bseindia.com/stock-share-price/gujarat-raffia-industries-limited/GUJRAFIA/523836/,documents/GUJARAT RAFFIA INDUSTRIES LIMITED/MGT-7_Annual_Return_FY25.pdf,8080a896cd2977a34d2619e1596e71ba8c9cb0a1b34813de64de125e162065ce,2026-08-26T17:10:00Z
DOC_6D31DDAE9842,L17110GJ1984PLC007124,DIRECTOR_KMP_CHANGES,Form DIR-12 Director Profiles & KMP Appointments - GUJARAT RAFFIA INDUSTRIES LIMITED,MCA Corporate Filings,2024-11-15,https://www.bseindia.com/stock-share-price/gujarat-raffia-industries-limited/GUJRAFIA/523836/,documents/GUJARAT RAFFIA INDUSTRIES LIMITED/DIR-12_Director_Records.pdf,fe2475ba389b909c5d972285914be5afa4e9735d3f907aaff89495ac1e5e0a4b,2026-08-26T17:10:00Z
DOC_F1DD42BFD1FA,L17110GJ1984PLC007124,AUDITOR_APPOINTMENT,Form ADT-1 Auditor Appointment Resolution - GUJARAT RAFFIA INDUSTRIES LIMITED,MCA Corporate Filings,2024-09-28,https://www.bseindia.com/stock-share-price/gujarat-raffia-industries-limited/GUJRAFIA/523836/,documents/GUJARAT RAFFIA INDUSTRIES LIMITED/ADT-1_Auditor_Appointment.pdf,c7f70f2168828b798ed04a410ef466e7434299b1dd38ffaf8fbbabff73dab687,2026-08-26T17:10:00Z
DOC_EBF35C45C5DF,L17110GJ1984PLC007124,REGISTERED_OFFICE,Form INC-22 Registered Office Location & Proof - GUJARAT RAFFIA INDUSTRIES LIMITED,MCA Corporate Filings,2023-05-10,https://www.bseindia.com/stock-share-price/gujarat-raffia-industries-limited/GUJRAFIA/523836/,documents/GUJARAT RAFFIA INDUSTRIES LIMITED/INC-22_Registered_Office_Proof.pdf,8e28dde8dfe944a5e753eb687ba3aa8b968f34840e0855d69954c366cea8a408,2026-08-26T17:10:00Z
DOC_E3512D97D197,L17110GJ1984PLC007124,RESOLUTIONS_AGREEMENTS,Form MGT-14 Special Resolutions & Alterations - GUJARAT RAFFIA INDUSTRIES LIMITED,MCA Corporate Filings,2024-03-20,https://www.bseindia.com/stock-share-price/gujarat-raffia-industries-limited/GUJRAFIA/523836/,documents/GUJARAT RAFFIA INDUSTRIES LIMITED/MGT-14_Special_Resolutions.pdf,9f4b4f8a889cea2b1297dd61472d917a86260357b3dbc54b51e657d7ca33acd2,2026-08-26T17:10:00Z
DOC_B270930A4428,L17110GJ1984PLC007124,GST_TAXPAYER_DATA,GST Public Taxpayer Registration & Business Footprint - GUJARAT RAFFIA INDUSTRIES LIMITED,GST Council Public Portal,2026-01-10,https://www.bseindia.com/stock-share-price/gujarat-raffia-industries-limited/GUJRAFIA/523836/,documents/GUJARAT RAFFIA INDUSTRIES LIMITED/GST_Place_of_Business_Registration.pdf,01e2b1324ea5893a6dcb17d1b7478de77009bd2d022fc20d97375f19f580a279,2026-08-26T17:10:00Z
DOC_AC70C053910E,L17110GJ1984PLC007266,COMPANY_MASTER_DATA,Company Master Data Record - GUJARAT FILAMENTS LIMITED,Ministry of Corporate Affairs (MCA),2026-08-26,https://www.bseindia.com/stock-share-price/gujarat-filaments-limited/GUJFILA/514138/,documents/GUJARAT FILAMENTS LIMITED/Company_Master_Data.pdf,dc74fce9ccf1a3b56ca12be165113078ed948ccacffb3d395b331a1aab5d94df,2026-08-26T17:10:00Z
DOC_9E2A279A8FAB,L17110GJ1984PLC007266,FINANCIAL_STATEMENT,Form AOC-4 Financial Statements FY 2024-25 - GUJARAT FILAMENTS LIMITED,MCA / BSE Corporate Disclosures,2025-03-31,https://www.bseindia.com/stock-share-price/gujarat-filaments-limited/GUJFILA/514138/,documents/GUJARAT FILAMENTS LIMITED/AOC-4_Financial_Statements_FY25.pdf,92fbb7d111a9e048ecd07a116ac5f3cb65a26d9b7b0a56bbbfaf7e9c1f50dc72,2026-08-26T17:10:00Z
DOC_6217BB261C12,L17110GJ1984PLC007266,ANNUAL_RETURN,Form MGT-7 Annual Return & Shareholding Pattern FY 2024-25 - GUJARAT FILAMENTS LIMITED,MCA / Exchange Disclosures,2025-09-30,https://www.bseindia.com/stock-share-price/gujarat-filaments-limited/GUJFILA/514138/,documents/GUJARAT FILAMENTS LIMITED/MGT-7_Annual_Return_FY25.pdf,7a5fda90e50bd37f4e2fa35b48b32bcfd8c60d879a6daa492f58257843cede95,2026-08-26T17:10:00Z
DOC_79F5B54DD290,L17110GJ1984PLC007266,DIRECTOR_KMP_CHANGES,Form DIR-12 Director Profiles & KMP Appointments - GUJARAT FILAMENTS LIMITED,MCA Corporate Filings,2024-11-15,https://www.bseindia.com/stock-share-price/gujarat-filaments-limited/GUJFILA/514138/,documents/GUJARAT FILAMENTS LIMITED/DIR-12_Director_Records.pdf,b267042e0016d61e2a9d33b4bc467209c04fa95d56a6a41fc79de65f60716536,2026-08-26T17:10:00Z
DOC_1413355FA01E,L17110GJ1984PLC007266,AUDITOR_APPOINTMENT,Form ADT-1 Auditor Appointment Resolution - GUJARAT FILAMENTS LIMITED,MCA Corporate Filings,2024-09-28,https://www.bseindia.com/stock-share-price/gujarat-filaments-limited/GUJFILA/514138/,documents/GUJARAT FILAMENTS LIMITED/ADT-1_Auditor_Appointment.pdf,2f70a4650cc56062ccd4b0f1df98cf14e861ee6e8121661ede2065bb0dd9fc1d,2026-08-26T17:10:00Z
DOC_005E273EA34F,L17110GJ1984PLC007266,REGISTERED_OFFICE,Form INC-22 Registered Office Location & Proof - GUJARAT FILAMENTS LIMITED,MCA Corporate Filings,2023-05-10,https://www.bseindia.com/stock-share-price/gujarat-filaments-limited/GUJFILA/514138/,documents/GUJARAT FILAMENTS LIMITED/INC-22_Registered_Office_Proof.pdf,9a6daba7f91d81f9ba86c62af99a31bf82d40fac1ea64e6415cf57755873d23f,2026-08-26T17:10:00Z
DOC_D2BDB4AFE16C,L17110GJ1984PLC007266,RESOLUTIONS_AGREEMENTS,Form MGT-14 Special Resolutions & Alterations - GUJARAT FILAMENTS LIMITED,MCA Corporate Filings,2024-03-20,https://www.bseindia.com/stock-share-price/gujarat-filaments-limited/GUJFILA/514138/,documents/GUJARAT FILAMENTS LIMITED/MGT-14_Special_Resolutions.pdf,f885124ff8865f37e20729fed04b797c39a9eb59aaf04f988be5ae016ac1c55a,2026-08-26T17:10:00Z
DOC_8CC30C98C582,L17110GJ1984PLC007266,GST_TAXPAYER_DATA,GST Public Taxpayer Registration & Business Footprint - GUJARAT FILAMENTS LIMITED,GST Council Public Portal,2026-01-10,https://www.bseindia.com/stock-share-price/gujarat-filaments-limited/GUJFILA/514138/,documents/GUJARAT FILAMENTS LIMITED/GST_Place_of_Business_Registration.pdf,ea595bbc351e7ea3364bd82e407b0de11756297a830e7eb1b26b9e6b98c9c793,2026-08-26T17:10:00Z
DOC_6123FB77D897,L17110GJ1985PLC007799,COMPANY_MASTER_DATA,Company Master Data Record - ADITYA POLYMERS LIMITED,Ministry of Corporate Affairs (MCA),2026-08-26,https://www.bseindia.com/stock-share-price/aditya-polymers-limited/ADITYAPOLY/514332/,documents/ADITYA POLYMERS LIMITED/Company_Master_Data.pdf,4b7e4d9a554c4560a64800994bbb56f3454fc933998603f570b595189ab6a7df,2026-08-26T17:10:00Z
DOC_9B532B7A7D8C,L17110GJ1985PLC007799,FINANCIAL_STATEMENT,Form AOC-4 Financial Statements FY 2024-25 - ADITYA POLYMERS LIMITED,MCA / BSE Corporate Disclosures,2025-03-31,https://www.bseindia.com/stock-share-price/aditya-polymers-limited/ADITYAPOLY/514332/,documents/ADITYA POLYMERS LIMITED/AOC-4_Financial_Statements_FY25.pdf,127c85c48dec124d6d880b7bf836b43f744a95ff2d8d629fd4db676212f50557,2026-08-26T17:10:00Z
DOC_289E5ED59BD3,L17110GJ1985PLC007799,ANNUAL_RETURN,Form MGT-7 Annual Return & Shareholding Pattern FY 2024-25 - ADITYA POLYMERS LIMITED,MCA / Exchange Disclosures,2025-09-30,https://www.bseindia.com/stock-share-price/aditya-polymers-limited/ADITYAPOLY/514332/,documents/ADITYA POLYMERS LIMITED/MGT-7_Annual_Return_FY25.pdf,6bc751033086423777544788e65e2c6164deb75225649a2c2b4e6155c5b42cba,2026-08-26T17:10:00Z
DOC_49C9CF8E6357,L17110GJ1985PLC007799,DIRECTOR_KMP_CHANGES,Form DIR-12 Director Profiles & KMP Appointments - ADITYA POLYMERS LIMITED,MCA Corporate Filings,2024-11-15,https://www.bseindia.com/stock-share-price/aditya-polymers-limited/ADITYAPOLY/514332/,documents/ADITYA POLYMERS LIMITED/DIR-12_Director_Records.pdf,500582067b1e1fd408608fad2b782f15720b72a3b453d869c9a52906c7b19800,2026-08-26T17:10:00Z
DOC_1D2212C5AA68,L17110GJ1985PLC007799,AUDITOR_APPOINTMENT,Form ADT-1 Auditor Appointment Resolution - ADITYA POLYMERS LIMITED,MCA Corporate Filings,2024-09-28,https://www.bseindia.com/stock-share-price/aditya-polymers-limited/ADITYAPOLY/514332/,documents/ADITYA POLYMERS LIMITED/ADT-1_Auditor_Appointment.pdf,403a03b7309ac5bb09ca6a47c6cc9ebb6f6b735990c30d9ebfab101eb7ecc480,2026-08-26T17:10:00Z
DOC_7A344F63215D,L17110GJ1985PLC007799,REGISTERED_OFFICE,Form INC-22 Registered Office Location & Proof - ADITYA POLYMERS LIMITED,MCA Corporate Filings,2023-05-10,https://www.bseindia.com/stock-share-price/aditya-polymers-limited/ADITYAPOLY/514332/,documents/ADITYA POLYMERS LIMITED/INC-22_Registered_Office_Proof.pdf,faee526c772efb4d2fc2dc0be1e00387126760d6868e35e1d0e69f317719292f,2026-08-26T17:10:00Z
DOC_182447CED789,L17110GJ1985PLC007799,RESOLUTIONS_AGREEMENTS,Form MGT-14 Special Resolutions & Alterations - ADITYA POLYMERS LIMITED,MCA Corporate Filings,2024-03-20,https://www.bseindia.com/stock-share-price/aditya-polymers-limited/ADITYAPOLY/514332/,documents/ADITYA POLYMERS LIMITED/MGT-14_Special_Resolutions.pdf,e5cce4f84a20de38f9e02a1e1fc26a33c996486424c343e9df949479de92e8b3,2026-08-26T17:10:00Z
DOC_813DE93FEE31,L17110GJ1985PLC007799,GST_TAXPAYER_DATA,GST Public Taxpayer Registration & Business Footprint - ADITYA POLYMERS LIMITED,GST Council Public Portal,2026-01-10,https://www.bseindia.com/stock-share-price/aditya-polymers-limited/ADITYAPOLY/514332/,documents/ADITYA POLYMERS LIMITED/GST_Place_of_Business_Registration.pdf,a0af5ab8b21bddac3d312b8190f207fa90d93d421aa1f6f0dc5bd10b77857018,2026-08-26T17:10:00Z
DOC_A709ACC338DA,L17110GJ1985PLC007948,COMPANY_MASTER_DATA,Company Master Data Record - DHANENDRA OVERSAS LIMITED,Ministry of Corporate Affairs (MCA),2026-08-26,https://www.bseindia.com/stock-share-price/dhanendra-oversas-limited/DHANENDRA/521151/,documents/DHANENDRA OVERSAS LIMITED/Company_Master_Data.pdf,f0c8992ebb1359f26dc29a19227cb7137bf42ad173e21ee053d8c9eccffcfc4f,2026-08-26T17:10:00Z
DOC_04A17E539BB5,L17110GJ1985PLC007948,FINANCIAL_STATEMENT,Form AOC-4 Financial Statements FY 2024-25 - DHANENDRA OVERSAS LIMITED,MCA / BSE Corporate Disclosures,2025-03-31,https://www.bseindia.com/stock-share-price/dhanendra-oversas-limited/DHANENDRA/521151/,documents/DHANENDRA OVERSAS LIMITED/AOC-4_Financial_Statements_FY25.pdf,b3944c321b409347a861577aa35c76dcae22d5f1a107fc2ad40c9424589f2da4,2026-08-26T17:10:00Z
DOC_6112C1BC8715,L17110GJ1985PLC007948,ANNUAL_RETURN,Form MGT-7 Annual Return & Shareholding Pattern FY 2024-25 - DHANENDRA OVERSAS LIMITED,MCA / Exchange Disclosures,2025-09-30,https://www.bseindia.com/stock-share-price/dhanendra-oversas-limited/DHANENDRA/521151/,documents/DHANENDRA OVERSAS LIMITED/MGT-7_Annual_Return_FY25.pdf,451cb24ef22c4549e42845ef125745e67696d5c5b2170d69fa2c94d6c1b32c14,2026-08-26T17:10:00Z
DOC_B8FF5D0786D9,L17110GJ1985PLC007948,DIRECTOR_KMP_CHANGES,Form DIR-12 Director Profiles & KMP Appointments - DHANENDRA OVERSAS LIMITED,MCA Corporate Filings,2024-11-15,https://www.bseindia.com/stock-share-price/dhanendra-oversas-limited/DHANENDRA/521151/,documents/DHANENDRA OVERSAS LIMITED/DIR-12_Director_Records.pdf,eadb73a6cf14d476e81c6e0b25bf8374751e2cc3ce069be502b6ccedc0a503fb,2026-08-26T17:10:00Z
DOC_4C6B400D4761,L17110GJ1985PLC007948,AUDITOR_APPOINTMENT,Form ADT-1 Auditor Appointment Resolution - DHANENDRA OVERSAS LIMITED,MCA Corporate Filings,2024-09-28,https://www.bseindia.com/stock-share-price/dhanendra-oversas-limited/DHANENDRA/521151/,documents/DHANENDRA OVERSAS LIMITED/ADT-1_Auditor_Appointment.pdf,992832d1d2fc4636d08fe80ee91f6e5bcfa0428d9f053a6164e3e63834dd04d0,2026-08-26T17:10:00Z
DOC_C48419B5BE17,L17110GJ1985PLC007948,REGISTERED_OFFICE,Form INC-22 Registered Office Location & Proof - DHANENDRA OVERSAS LIMITED,MCA Corporate Filings,2023-05-10,https://www.bseindia.com/stock-share-price/dhanendra-oversas-limited/DHANENDRA/521151/,documents/DHANENDRA OVERSAS LIMITED/INC-22_Registered_Office_Proof.pdf,cc8251acfb5e524a17cdf60f92e98588b5e9875df8c43ac94937a0fb3a23cdae,2026-08-26T17:10:00Z
DOC_FA3C2636D0A8,L17110GJ1985PLC007948,RESOLUTIONS_AGREEMENTS,Form MGT-14 Special Resolutions & Alterations - DHANENDRA OVERSAS LIMITED,MCA Corporate Filings,2024-03-20,https://www.bseindia.com/stock-share-price/dhanendra-oversas-limited/DHANENDRA/521151/,documents/DHANENDRA OVERSAS LIMITED/MGT-14_Special_Resolutions.pdf,a96f464b21a992f6b64d0bc09bedd0c365dd46326aca24069110a7f45f7b255f,2026-08-26T17:10:00Z
DOC_D1440D89ECA3,L17110GJ1985PLC007948,GST_TAXPAYER_DATA,GST Public Taxpayer Registration & Business Footprint - DHANENDRA OVERSAS LIMITED,GST Council Public Portal,2026-01-10,https://www.bseindia.com/stock-share-price/dhanendra-oversas-limited/DHANENDRA/521151/,documents/DHANENDRA OVERSAS LIMITED/GST_Place_of_Business_Registration.pdf,9a56bb81bd0f9974d8d3823b2e82a70b1ba3fa2044487e9a7e0e086cf0b7a381,2026-08-26T17:10:00Z
DOC_C91EC4E79494,L17110GJ1985PLC008206,COMPANY_MASTER_DATA,Company Master Data Record - VISHAL FABRICS LIMITED,Ministry of Corporate Affairs (MCA),2026-08-26,https://www.bseindia.com/stock-share-price/vishal-fabrics-limited/VISHAL/538598/,documents/VISHAL FABRICS LIMITED/Company_Master_Data.pdf,6cc4313e52a9fb5050203d28559603e29394df15703c8ab51301b6090a6ac0b4,2026-08-26T17:10:00Z
DOC_CA381000B5A9,L17110GJ1985PLC008206,FINANCIAL_STATEMENT,Form AOC-4 Financial Statements FY 2024-25 - VISHAL FABRICS LIMITED,MCA / BSE Corporate Disclosures,2025-03-31,https://www.bseindia.com/stock-share-price/vishal-fabrics-limited/VISHAL/538598/,documents/VISHAL FABRICS LIMITED/AOC-4_Financial_Statements_FY25.pdf,02c18a7edd4902d0626685a53835722d40288c4c446772e78c0c65b9d2b97863,2026-08-26T17:10:00Z
DOC_64787BDCBECD,L17110GJ1985PLC008206,ANNUAL_RETURN,Form MGT-7 Annual Return & Shareholding Pattern FY 2024-25 - VISHAL FABRICS LIMITED,MCA / Exchange Disclosures,2025-09-30,https://www.bseindia.com/stock-share-price/vishal-fabrics-limited/VISHAL/538598/,documents/VISHAL FABRICS LIMITED/MGT-7_Annual_Return_FY25.pdf,dc665189cdc2f60bfdd596407e77ae5c9fa7e0b52a9271e75d0e5dd530087886,2026-08-26T17:10:00Z
DOC_2500B9AF39C8,L17110GJ1985PLC008206,DIRECTOR_KMP_CHANGES,Form DIR-12 Director Profiles & KMP Appointments - VISHAL FABRICS LIMITED,MCA Corporate Filings,2024-11-15,https://www.bseindia.com/stock-share-price/vishal-fabrics-limited/VISHAL/538598/,documents/VISHAL FABRICS LIMITED/DIR-12_Director_Records.pdf,603164297ef318c8b224ed96b4e5ad9c412508bc34cc193d77db1d3b18b25ee5,2026-08-26T17:10:00Z
DOC_54FB2DA0EDC3,L17110GJ1985PLC008206,AUDITOR_APPOINTMENT,Form ADT-1 Auditor Appointment Resolution - VISHAL FABRICS LIMITED,MCA Corporate Filings,2024-09-28,https://www.bseindia.com/stock-share-price/vishal-fabrics-limited/VISHAL/538598/,documents/VISHAL FABRICS LIMITED/ADT-1_Auditor_Appointment.pdf,31bd301c17b01e180c3d53fd927fcf643814d730db30e2a5e674ca7bd17d74df,2026-08-26T17:10:00Z
DOC_7BFB813BF8F5,L17110GJ1985PLC008206,REGISTERED_OFFICE,Form INC-22 Registered Office Location & Proof - VISHAL FABRICS LIMITED,MCA Corporate Filings,2023-05-10,https://www.bseindia.com/stock-share-price/vishal-fabrics-limited/VISHAL/538598/,documents/VISHAL FABRICS LIMITED/INC-22_Registered_Office_Proof.pdf,94e4aa35e6ac25102e53cda7695fd94829bc708f04ddfee2816751454312a46b,2026-08-26T17:10:00Z
DOC_0E641D271435,L17110GJ1985PLC008206,RESOLUTIONS_AGREEMENTS,Form MGT-14 Special Resolutions & Alterations - VISHAL FABRICS LIMITED,MCA Corporate Filings,2024-03-20,https://www.bseindia.com/stock-share-price/vishal-fabrics-limited/VISHAL/538598/,documents/VISHAL FABRICS LIMITED/MGT-14_Special_Resolutions.pdf,6a52735d21df1f56a0d10f29b0dbafe302b5d7e7d217ed432da966e83596647c,2026-08-26T17:10:00Z
DOC_B3CDDE4A2E67,L17110GJ1985PLC008206,GST_TAXPAYER_DATA,GST Public Taxpayer Registration & Business Footprint - VISHAL FABRICS LIMITED,GST Council Public Portal,2026-01-10,https://www.bseindia.com/stock-share-price/vishal-fabrics-limited/VISHAL/538598/,documents/VISHAL FABRICS LIMITED/GST_Place_of_Business_Registration.pdf,cc670122295b8989f74fa267502ec9dd820d58356aad60f83616441ab6437aa8,2026-08-26T17:10:00Z
DOC_CB08EDD7FCA2,L17110GJ1985PLC033271,COMPANY_MASTER_DATA,Company Master Data Record - WELSPUN INDIA LIMITED,Ministry of Corporate Affairs (MCA),2026-08-26,https://www.bseindia.com/stock-share-price/welspun-india-limited/WELSPUNIND/514162/,documents/WELSPUN INDIA LIMITED/Company_Master_Data.pdf,c6f46e4becbdb2b2eae98a4430f928e0eccf2a28dea7cc9a1dc6f162576c6bf3,2026-08-26T17:10:00Z
DOC_27F94E56B281,L17110GJ1985PLC033271,FINANCIAL_STATEMENT,Form AOC-4 Financial Statements FY 2024-25 - WELSPUN INDIA LIMITED,MCA / BSE Corporate Disclosures,2025-03-31,https://www.bseindia.com/stock-share-price/welspun-india-limited/WELSPUNIND/514162/,documents/WELSPUN INDIA LIMITED/AOC-4_Financial_Statements_FY25.pdf,517b28c16018fc359be7311dbdf9628eab6c09b32908c0a60837caeb64e4762a,2026-08-26T17:10:00Z
DOC_532509ADEC31,L17110GJ1985PLC033271,ANNUAL_RETURN,Form MGT-7 Annual Return & Shareholding Pattern FY 2024-25 - WELSPUN INDIA LIMITED,MCA / Exchange Disclosures,2025-09-30,https://www.bseindia.com/stock-share-price/welspun-india-limited/WELSPUNIND/514162/,documents/WELSPUN INDIA LIMITED/MGT-7_Annual_Return_FY25.pdf,62e82a62834656f6524b3bc31498b17ef21c87259186ff06f2ccd2f89f1d5dfc,2026-08-26T17:10:00Z
DOC_860151881E10,L17110GJ1985PLC033271,DIRECTOR_KMP_CHANGES,Form DIR-12 Director Profiles & KMP Appointments - WELSPUN INDIA LIMITED,MCA Corporate Filings,2024-11-15,https://www.bseindia.com/stock-share-price/welspun-india-limited/WELSPUNIND/514162/,documents/WELSPUN INDIA LIMITED/DIR-12_Director_Records.pdf,7693351ab1c5bb515fb2b7e0d2b9f05d50f002c794a2103a95897c21b9becf20,2026-08-26T17:10:00Z
DOC_02FE8732FD37,L17110GJ1985PLC033271,AUDITOR_APPOINTMENT,Form ADT-1 Auditor Appointment Resolution - WELSPUN INDIA LIMITED,MCA Corporate Filings,2024-09-28,https://www.bseindia.com/stock-share-price/welspun-india-limited/WELSPUNIND/514162/,documents/WELSPUN INDIA LIMITED/ADT-1_Auditor_Appointment.pdf,fbadcef9a2ee6867a8185b98525cf4e13d7b6b712ed8639d7a189f75bb3e1119,2026-08-26T17:10:00Z
DOC_BC5579D6C5CB,L17110GJ1985PLC033271,REGISTERED_OFFICE,Form INC-22 Registered Office Location & Proof - WELSPUN INDIA LIMITED,MCA Corporate Filings,2023-05-10,https://www.bseindia.com/stock-share-price/welspun-india-limited/WELSPUNIND/514162/,documents/WELSPUN INDIA LIMITED/INC-22_Registered_Office_Proof.pdf,b5035b7b6bfd2e9525af4a09a1ab9633b3dcfaae4446ab75d489b3dc9441e16b,2026-08-26T17:10:00Z
DOC_1DA9E86F7CCB,L17110GJ1985PLC033271,RESOLUTIONS_AGREEMENTS,Form MGT-14 Special Resolutions & Alterations - WELSPUN INDIA LIMITED,MCA Corporate Filings,2024-03-20,https://www.bseindia.com/stock-share-price/welspun-india-limited/WELSPUNIND/514162/,documents/WELSPUN INDIA LIMITED/MGT-14_Special_Resolutions.pdf,808ff15409fbd59f10b8b5ae80e8b634ccd67457ad6d0eb6d37b879aa0fe0a5d,2026-08-26T17:10:00Z
DOC_B247A23F5189,L17110GJ1985PLC033271,GST_TAXPAYER_DATA,GST Public Taxpayer Registration & Business Footprint - WELSPUN INDIA LIMITED,GST Council Public Portal,2026-01-10,https://www.bseindia.com/stock-share-price/welspun-india-limited/WELSPUNIND/514162/,documents/WELSPUN INDIA LIMITED/GST_Place_of_Business_Registration.pdf,3d4fe69ddb15ea89c57f8b32e2b155daa9e0726438cb58133be68fee33deb1d8,2026-08-26T17:10:00Z
DOC_BF73ED75AE8D,L17110GJ1986PLC008886,COMPANY_MASTER_DATA,Company Master Data Record - ARVIND PRODUCTS LIMITED,Ministry of Corporate Affairs (MCA),2026-08-26,https://www.bseindia.com/stock-share-price/arvind-products-limited/ARVINDPROD/532297/,documents/ARVIND PRODUCTS LIMITED/Company_Master_Data.pdf,7a129fe6190f17b3df08568df92a756ecb42ab37985d3053ad8ccb7af85883fb,2026-08-26T17:10:00Z
DOC_B34A6ED8581C,L17110GJ1986PLC008886,FINANCIAL_STATEMENT,Form AOC-4 Financial Statements FY 2024-25 - ARVIND PRODUCTS LIMITED,MCA / BSE Corporate Disclosures,2025-03-31,https://www.bseindia.com/stock-share-price/arvind-products-limited/ARVINDPROD/532297/,documents/ARVIND PRODUCTS LIMITED/AOC-4_Financial_Statements_FY25.pdf,1fe0b1d38904b0e10fad3018958d167516edfcf37e2e7becbcc0be2bb067848d,2026-08-26T17:10:00Z
DOC_8584A4F4CE7F,L17110GJ1986PLC008886,ANNUAL_RETURN,Form MGT-7 Annual Return & Shareholding Pattern FY 2024-25 - ARVIND PRODUCTS LIMITED,MCA / Exchange Disclosures,2025-09-30,https://www.bseindia.com/stock-share-price/arvind-products-limited/ARVINDPROD/532297/,documents/ARVIND PRODUCTS LIMITED/MGT-7_Annual_Return_FY25.pdf,832df94b3859a88e750bf3c41257ebda5015883e92bd71a81fbc798c3b736aac,2026-08-26T17:10:00Z
DOC_43BDEC8D78DC,L17110GJ1986PLC008886,DIRECTOR_KMP_CHANGES,Form DIR-12 Director Profiles & KMP Appointments - ARVIND PRODUCTS LIMITED,MCA Corporate Filings,2024-11-15,https://www.bseindia.com/stock-share-price/arvind-products-limited/ARVINDPROD/532297/,documents/ARVIND PRODUCTS LIMITED/DIR-12_Director_Records.pdf,d9ebb6053ae8b33b95f073a8aecafe6b342ba29e6c0c84a367e783205ad2b9c0,2026-08-26T17:10:00Z
DOC_B0CDCD4FAD81,L17110GJ1986PLC008886,AUDITOR_APPOINTMENT,Form ADT-1 Auditor Appointment Resolution - ARVIND PRODUCTS LIMITED,MCA Corporate Filings,2024-09-28,https://www.bseindia.com/stock-share-price/arvind-products-limited/ARVINDPROD/532297/,documents/ARVIND PRODUCTS LIMITED/ADT-1_Auditor_Appointment.pdf,0d048eb141cd7cc5298bc93d47ba37c2caf51e7bcc5c0da8574b71cf50e849f4,2026-08-26T17:10:00Z
DOC_2E9CFDDA4576,L17110GJ1986PLC008886,REGISTERED_OFFICE,Form INC-22 Registered Office Location & Proof - ARVIND PRODUCTS LIMITED,MCA Corporate Filings,2023-05-10,https://www.bseindia.com/stock-share-price/arvind-products-limited/ARVINDPROD/532297/,documents/ARVIND PRODUCTS LIMITED/INC-22_Registered_Office_Proof.pdf,27b554db6c4b53b94b7737d7371480d18b377e38a8cb84681f7d69ec9a8c1264,2026-08-26T17:10:00Z
DOC_E7F57F8D59D7,L17110GJ1986PLC008886,RESOLUTIONS_AGREEMENTS,Form MGT-14 Special Resolutions & Alterations - ARVIND PRODUCTS LIMITED,MCA Corporate Filings,2024-03-20,https://www.bseindia.com/stock-share-price/arvind-products-limited/ARVINDPROD/532297/,documents/ARVIND PRODUCTS LIMITED/MGT-14_Special_Resolutions.pdf,f37948610a4b65916e6370b0ae12dae5d184dea75a48ce53f7bc33ffacf6a1f2,2026-08-26T17:10:00Z
DOC_C6BC68190ACA,L17110GJ1986PLC008886,GST_TAXPAYER_DATA,GST Public Taxpayer Registration & Business Footprint - ARVIND PRODUCTS LIMITED,GST Council Public Portal,2026-01-10,https://www.bseindia.com/stock-share-price/arvind-products-limited/ARVINDPROD/532297/,documents/ARVIND PRODUCTS LIMITED/GST_Place_of_Business_Registration.pdf,9279d96b215282b6b26d1bb8915d367b483be1dbd39c95a79dc08e9e983f8db1,2026-08-26T17:10:00Z
DOC_DDAC7FA01E7F,L17110GJ1986PLC008942,COMPANY_MASTER_DATA,Company Master Data Record - JINDAL WORLDWIDE LIMITED,Ministry of Corporate Affairs (MCA),2026-08-26,https://www.bseindia.com/stock-share-price/jindal-worldwide-limited/JINDALWORLD/531543/,documents/JINDAL WORLDWIDE LIMITED/Company_Master_Data.pdf,f9d0aa713015eaee4ab834e89acbf73759f1ada5e101906ac40a096c2dfecf5c,2026-08-26T17:10:00Z
DOC_E3BFAED480F9,L17110GJ1986PLC008942,FINANCIAL_STATEMENT,Form AOC-4 Financial Statements FY 2024-25 - JINDAL WORLDWIDE LIMITED,MCA / BSE Corporate Disclosures,2025-03-31,https://www.bseindia.com/stock-share-price/jindal-worldwide-limited/JINDALWORLD/531543/,documents/JINDAL WORLDWIDE LIMITED/AOC-4_Financial_Statements_FY25.pdf,c8c48ea780132df7d034445a30df88be6132b791f111d926c73342e477961377,2026-08-26T17:10:00Z
DOC_156A7C4FC97E,L17110GJ1986PLC008942,ANNUAL_RETURN,Form MGT-7 Annual Return & Shareholding Pattern FY 2024-25 - JINDAL WORLDWIDE LIMITED,MCA / Exchange Disclosures,2025-09-30,https://www.bseindia.com/stock-share-price/jindal-worldwide-limited/JINDALWORLD/531543/,documents/JINDAL WORLDWIDE LIMITED/MGT-7_Annual_Return_FY25.pdf,5d646150fa622081b3982363bac7d44fb46c35c00827db7a69817e78bc994bd4,2026-08-26T17:10:00Z
DOC_57F79A7BB25F,L17110GJ1986PLC008942,DIRECTOR_KMP_CHANGES,Form DIR-12 Director Profiles & KMP Appointments - JINDAL WORLDWIDE LIMITED,MCA Corporate Filings,2024-11-15,https://www.bseindia.com/stock-share-price/jindal-worldwide-limited/JINDALWORLD/531543/,documents/JINDAL WORLDWIDE LIMITED/DIR-12_Director_Records.pdf,3fd49f70a36d5439a8b6f4aa3f94da17a31bb33bc646ea815d52490af297e467,2026-08-26T17:10:00Z
DOC_C877A986B15E,L17110GJ1986PLC008942,AUDITOR_APPOINTMENT,Form ADT-1 Auditor Appointment Resolution - JINDAL WORLDWIDE LIMITED,MCA Corporate Filings,2024-09-28,https://www.bseindia.com/stock-share-price/jindal-worldwide-limited/JINDALWORLD/531543/,documents/JINDAL WORLDWIDE LIMITED/ADT-1_Auditor_Appointment.pdf,a66dff5c7435a33077775cbc07251eb4aac2c9f6af158cee623e76bdd90931eb,2026-08-26T17:10:00Z
DOC_1ED602D7253A,L17110GJ1986PLC008942,REGISTERED_OFFICE,Form INC-22 Registered Office Location & Proof - JINDAL WORLDWIDE LIMITED,MCA Corporate Filings,2023-05-10,https://www.bseindia.com/stock-share-price/jindal-worldwide-limited/JINDALWORLD/531543/,documents/JINDAL WORLDWIDE LIMITED/INC-22_Registered_Office_Proof.pdf,7a27d54ca39972831eb9a81d5d996c1d1b3702e36e3e73d02e776382477b86c9,2026-08-26T17:10:00Z
DOC_215367349BE7,L17110GJ1986PLC008942,RESOLUTIONS_AGREEMENTS,Form MGT-14 Special Resolutions & Alterations - JINDAL WORLDWIDE LIMITED,MCA Corporate Filings,2024-03-20,https://www.bseindia.com/stock-share-price/jindal-worldwide-limited/JINDALWORLD/531543/,documents/JINDAL WORLDWIDE LIMITED/MGT-14_Special_Resolutions.pdf,0a0aeea6b64047215789a01f85374aed314ffe478f5c9ccd10eb33ed981fbc2b,2026-08-26T17:10:00Z
DOC_2C8B4A13E9E4,L17110GJ1986PLC008942,GST_TAXPAYER_DATA,GST Public Taxpayer Registration & Business Footprint - JINDAL WORLDWIDE LIMITED,GST Council Public Portal,2026-01-10,https://www.bseindia.com/stock-share-price/jindal-worldwide-limited/JINDALWORLD/531543/,documents/JINDAL WORLDWIDE LIMITED/GST_Place_of_Business_Registration.pdf,76795fec34c4597e8f6ba207e0585a499ee3b175ff025e86d1fb1daa523dcfc1,2026-08-26T17:10:00Z
DOC_961B2CE76389,L17110GJ1986PLC009099,COMPANY_MASTER_DATA,Company Master Data Record - KIRAN SYNTEX LIMITED,Ministry of Corporate Affairs (MCA),2026-08-26,https://www.bseindia.com/stock-share-price/kiran-syntex-limited/KIRANSY/530443/,documents/KIRAN SYNTEX LIMITED/Company_Master_Data.pdf,e39bcdd02f2748623daeec57a409c06b0ed27d398ce6eca9ec6d0842434fce32,2026-08-26T17:10:00Z
DOC_C15B746EE321,L17110GJ1986PLC009099,FINANCIAL_STATEMENT,Form AOC-4 Financial Statements FY 2024-25 - KIRAN SYNTEX LIMITED,MCA / BSE Corporate Disclosures,2025-03-31,https://www.bseindia.com/stock-share-price/kiran-syntex-limited/KIRANSY/530443/,documents/KIRAN SYNTEX LIMITED/AOC-4_Financial_Statements_FY25.pdf,b4e878a9dc83fdae6a065cf6e5a51db394e1d50cc0bee165382955b505e54b81,2026-08-26T17:10:00Z
DOC_C9AF77252BE8,L17110GJ1986PLC009099,ANNUAL_RETURN,Form MGT-7 Annual Return & Shareholding Pattern FY 2024-25 - KIRAN SYNTEX LIMITED,MCA / Exchange Disclosures,2025-09-30,https://www.bseindia.com/stock-share-price/kiran-syntex-limited/KIRANSY/530443/,documents/KIRAN SYNTEX LIMITED/MGT-7_Annual_Return_FY25.pdf,3c0ba48c65d1d0048626fbfe2573e91c02fc4d9b6a0263eb12aa77320aa6d588,2026-08-26T17:10:00Z
DOC_0C8F698C10BF,L17110GJ1986PLC009099,DIRECTOR_KMP_CHANGES,Form DIR-12 Director Profiles & KMP Appointments - KIRAN SYNTEX LIMITED,MCA Corporate Filings,2024-11-15,https://www.bseindia.com/stock-share-price/kiran-syntex-limited/KIRANSY/530443/,documents/KIRAN SYNTEX LIMITED/DIR-12_Director_Records.pdf,a2c057425090b33fc9a3fba3667c1bae0e9389f6e2bf8a46c0e6d171690f38bf,2026-08-26T17:10:00Z
DOC_C3CD77CE31BA,L17110GJ1986PLC009099,AUDITOR_APPOINTMENT,Form ADT-1 Auditor Appointment Resolution - KIRAN SYNTEX LIMITED,MCA Corporate Filings,2024-09-28,https://www.bseindia.com/stock-share-price/kiran-syntex-limited/KIRANSY/530443/,documents/KIRAN SYNTEX LIMITED/ADT-1_Auditor_Appointment.pdf,aaafe77be12a0d1bd6db1b23424b19b210f991e01e000789612cffba5f4c98a3,2026-08-26T17:10:00Z
DOC_65F62A8D3E38,L17110GJ1986PLC009099,REGISTERED_OFFICE,Form INC-22 Registered Office Location & Proof - KIRAN SYNTEX LIMITED,MCA Corporate Filings,2023-05-10,https://www.bseindia.com/stock-share-price/kiran-syntex-limited/KIRANSY/530443/,documents/KIRAN SYNTEX LIMITED/INC-22_Registered_Office_Proof.pdf,b52aaf486af4b89d89df2b95e7ace7514a10c3dd7017348a67c21ff6d14e4f47,2026-08-26T17:10:00Z
DOC_59C2F63D33B4,L17110GJ1986PLC009099,RESOLUTIONS_AGREEMENTS,Form MGT-14 Special Resolutions & Alterations - KIRAN SYNTEX LIMITED,MCA Corporate Filings,2024-03-20,https://www.bseindia.com/stock-share-price/kiran-syntex-limited/KIRANSY/530443/,documents/KIRAN SYNTEX LIMITED/MGT-14_Special_Resolutions.pdf,c3bd8609c7b58053ce03e348d663e542df8f93d551cb6f3fe6f4520b1705c4fe,2026-08-26T17:10:00Z
DOC_FF10FFA2C430,L17110GJ1986PLC009099,GST_TAXPAYER_DATA,GST Public Taxpayer Registration & Business Footprint - KIRAN SYNTEX LIMITED,GST Council Public Portal,2026-01-10,https://www.bseindia.com/stock-share-price/kiran-syntex-limited/KIRANSY/530443/,documents/KIRAN SYNTEX LIMITED/GST_Place_of_Business_Registration.pdf,0269be8cf26afc3b9efef0f28d58538f48803dcaa9b06adfac8931f4f11c8ace,2026-08-26T17:10:00Z
