document_id,CIN,document_type,title,publisher,document_date,download_url,local_filename,file_hash,retrieved_at
DOC_0D32B70EB24C,L17111GJ1984PLC045995,COMPANY_MASTER_DATA,Company Master Data Record - NAKODA LIMITED,Ministry of Corporate Affairs (MCA),2026-08-26,https://www.mca.gov.in/mcafast/companyMasterData.do?cin=L17111GJ1984PLC045995,documents/NAKODA LIMITED/Company_Master_Data.pdf,afa9eb0d9fd71b3504faf67b9278270fefa2690cc72ad121b3f172a1bb7fec04,2026-08-26T17:30:00Z
DOC_77B67CD5FA0E,L17111GJ1984PLC045995,FINANCIAL_STATEMENT,Form AOC-4 Financial Statements FY 2024-25 - NAKODA LIMITED,MCA Corporate Filings,2025-03-31,https://www.mca.gov.in/mcafast/companyMasterData.do?cin=L17111GJ1984PLC045995,documents/NAKODA LIMITED/AOC-4_Financial_Statements_FY25.pdf,16ea943fc85a84a39d15a94c3a496d701f21d5db9af12ed8beb365d9ce369767,2026-08-26T17:30:00Z
DOC_C48A0DE0035D,L17111GJ1984PLC045995,ANNUAL_RETURN,Form MGT-7 Annual Return FY 2024-25 - NAKODA LIMITED,MCA Corporate Filings,2025-09-30,https://www.mca.gov.in/mcafast/companyMasterData.do?cin=L17111GJ1984PLC045995,documents/NAKODA LIMITED/MGT-7_Annual_Return_FY25.pdf,bfcefb0df29a27105697ac9d96396b7cf45e7e000dfde59517e708d90381060a,2026-08-26T17:30:00Z
DOC_C44D76DDEA8D,L17111GJ1984PLC045995,DIRECTOR_KMP_CHANGES,Form DIR-12 Director Particulars & KMP - NAKODA LIMITED,MCA Corporate Filings,2024-10-12,https://www.mca.gov.in/mcafast/companyMasterData.do?cin=L17111GJ1984PLC045995,documents/NAKODA LIMITED/DIR-12_Director_Records.pdf,0179f3973d628c00a35be63fcbe34706495f3bb87b09db72e52ad64fb36a6402,2026-08-26T17:30:00Z
DOC_881B644CC650,L17111GJ1984PLC045995,AUDITOR_APPOINTMENT,Form ADT-1 Auditor Appointment Resolution - NAKODA LIMITED,MCA Corporate Filings,2024-09-25,https://www.mca.gov.in/mcafast/companyMasterData.do?cin=L17111GJ1984PLC045995,documents/NAKODA LIMITED/ADT-1_Auditor_Appointment.pdf,fb6be74e438341836a9028be24f7a25eebe64c720afcd8af44e8685247c4e407,2026-08-26T17:30:00Z
DOC_EB7BEB6814D1,L17111GJ1984PLC045995,REGISTERED_OFFICE,Form INC-22 Registered Office Proof - NAKODA LIMITED,MCA Corporate Filings,2023-04-18,https://www.mca.gov.in/mcafast/companyMasterData.do?cin=L17111GJ1984PLC045995,documents/NAKODA LIMITED/INC-22_Registered_Office_Proof.pdf,c98c258db628e8360ae33b1a17998204c0dd78ae324666e02e6b436a75846481,2026-08-26T17:30:00Z
DOC_45678098D5B6,L17111GJ1984PLC045995,RESOLUTIONS_AGREEMENTS,Form MGT-14 Special Resolutions - NAKODA LIMITED,MCA Corporate Filings,2024-02-14,https://www.mca.gov.in/mcafast/companyMasterData.do?cin=L17111GJ1984PLC045995,documents/NAKODA LIMITED/MGT-14_Special_Resolutions.pdf,b52defcf566f21b78f624f078313c5fb89160a216ed77bd2a6d39ce85788e46d,2026-08-26T17:30:00Z
DOC_1F01761D7D24,L17111GJ1984PLC045995,GST_TAXPAYER_DATA,GST Public Taxpayer Registration - NAKODA LIMITED,GST Council Public Portal,2026-01-15,https://www.mca.gov.in/mcafast/companyMasterData.do?cin=L17111GJ1984PLC045995,documents/NAKODA LIMITED/GST_Place_of_Business_Registration.pdf,5299a49148880f9e9273d8667b73f4b5d21dbca7bd96d6f63ad435e4049655ac,2026-08-26T17:30:00Z
DOC_FC01B82E5434,L17111GJ1986PLC048202,COMPANY_MASTER_DATA,Company Master Data Record - RECRON SYNTHETICS LIMITED.,Ministry of Corporate Affairs (MCA),2026-08-26,https://www.mca.gov.in/mcafast/companyMasterData.do?cin=L17111GJ1986PLC048202,documents/RECRON SYNTHETICS LIMITED./Company_Master_Data.pdf,56cbc683658e27b34a6cdb2df69b01a98f18e4ef8c93ddd8beecbdb1caa931cf,2026-08-26T17:30:00Z
DOC_7E9E17495393,L17111GJ1986PLC048202,FINANCIAL_STATEMENT,Form AOC-4 Financial Statements FY 2024-25 - RECRON SYNTHETICS LIMITED.,MCA Corporate Filings,2025-03-31,https://www.mca.gov.in/mcafast/companyMasterData.do?cin=L17111GJ1986PLC048202,documents/RECRON SYNTHETICS LIMITED./AOC-4_Financial_Statements_FY25.pdf,c43ceff3b97a9350b9b39aaac366f6b2eb86aaca5254e01935c365b2fd8aa201,2026-08-26T17:30:00Z
DOC_507C2E57A69D,L17111GJ1986PLC048202,ANNUAL_RETURN,Form MGT-7 Annual Return FY 2024-25 - RECRON SYNTHETICS LIMITED.,MCA Corporate Filings,2025-09-30,https://www.mca.gov.in/mcafast/companyMasterData.do?cin=L17111GJ1986PLC048202,documents/RECRON SYNTHETICS LIMITED./MGT-7_Annual_Return_FY25.pdf,736be8fa055b106d687067f0c38ff0d0f5a9382087aecd4996c79b861261e501,2026-08-26T17:30:00Z
DOC_38F8BACF8A9E,L17111GJ1986PLC048202,DIRECTOR_KMP_CHANGES,Form DIR-12 Director Particulars & KMP - RECRON SYNTHETICS LIMITED.,MCA Corporate Filings,2024-10-12,https://www.mca.gov.in/mcafast/companyMasterData.do?cin=L17111GJ1986PLC048202,documents/RECRON SYNTHETICS LIMITED./DIR-12_Director_Records.pdf,ad3346f25c71a5fba095ac321a20188092e1d4fd4a95cb42db51f0122ecb0e82,2026-08-26T17:30:00Z
DOC_A041A5EE1BC5,L17111GJ1986PLC048202,AUDITOR_APPOINTMENT,Form ADT-1 Auditor Appointment Resolution - RECRON SYNTHETICS LIMITED.,MCA Corporate Filings,2024-09-25,https://www.mca.gov.in/mcafast/companyMasterData.do?cin=L17111GJ1986PLC048202,documents/RECRON SYNTHETICS LIMITED./ADT-1_Auditor_Appointment.pdf,9cc46699f9549e6fc8cbb3011b9c7af6d8af595faa1d823ffe6cf6c1ba2ef876,2026-08-26T17:30:00Z
DOC_814A2E92CEAA,L17111GJ1986PLC048202,REGISTERED_OFFICE,Form INC-22 Registered Office Proof - RECRON SYNTHETICS LIMITED.,MCA Corporate Filings,2023-04-18,https://www.mca.gov.in/mcafast/companyMasterData.do?cin=L17111GJ1986PLC048202,documents/RECRON SYNTHETICS LIMITED./INC-22_Registered_Office_Proof.pdf,833c5620727aaffb2d5ba96452828291cc05b1b06579df117fae245999b05dfe,2026-08-26T17:30:00Z
DOC_9F656C24E7EC,L17111GJ1986PLC048202,RESOLUTIONS_AGREEMENTS,Form MGT-14 Special Resolutions - RECRON SYNTHETICS LIMITED.,MCA Corporate Filings,2024-02-14,https://www.mca.gov.in/mcafast/companyMasterData.do?cin=L17111GJ1986PLC048202,documents/RECRON SYNTHETICS LIMITED./MGT-14_Special_Resolutions.pdf,30eede2632bae4294a268107ddb8eb9752d0a95c5e13d1aed048333f51aaf054,2026-08-26T17:30:00Z
DOC_EC932C86FE84,L17111GJ1986PLC048202,GST_TAXPAYER_DATA,GST Public Taxpayer Registration - RECRON SYNTHETICS LIMITED.,GST Council Public Portal,2026-01-15,https://www.mca.gov.in/mcafast/companyMasterData.do?cin=L17111GJ1986PLC048202,documents/RECRON SYNTHETICS LIMITED./GST_Place_of_Business_Registration.pdf,26b26ae3e280924d82e3689bb756707d4faefadc32b5a4de5a3ede5de2b87fc9,2026-08-26T17:30:00Z
DOC_4C6463568E11,L17119GJ1982PLC005424,COMPANY_MASTER_DATA,Company Master Data Record - RAGHUVIR SYNTHETICS LIMITED,Ministry of Corporate Affairs (MCA),2026-08-26,https://www.mca.gov.in/mcafast/companyMasterData.do?cin=L17119GJ1982PLC005424,documents/RAGHUVIR SYNTHETICS LIMITED/Company_Master_Data.pdf,c1cbc446daddb6ebeea974bb59253c0078e46974f5e291a0be8c8c35bda8e80e,2026-08-26T17:30:00Z
DOC_68002EC1593B,L17119GJ1982PLC005424,FINANCIAL_STATEMENT,Form AOC-4 Financial Statements FY 2024-25 - RAGHUVIR SYNTHETICS LIMITED,MCA Corporate Filings,2025-03-31,https://www.mca.gov.in/mcafast/companyMasterData.do?cin=L17119GJ1982PLC005424,documents/RAGHUVIR SYNTHETICS LIMITED/AOC-4_Financial_Statements_FY25.pdf,64c0bb3df6c68dc6b7adb659f54d91a2e38b1949d7c8a29fb59728f5a4509b4b,2026-08-26T17:30:00Z
DOC_F7A55F2DE5A4,L17119GJ1982PLC005424,ANNUAL_RETURN,Form MGT-7 Annual Return FY 2024-25 - RAGHUVIR SYNTHETICS LIMITED,MCA Corporate Filings,2025-09-30,https://www.mca.gov.in/mcafast/companyMasterData.do?cin=L17119GJ1982PLC005424,documents/RAGHUVIR SYNTHETICS LIMITED/MGT-7_Annual_Return_FY25.pdf,b9ada47767bcf64d3cfd8e4587bf7ad1562a3cf0cb0b190ea090dd8d812f3c75,2026-08-26T17:30:00Z
DOC_1D0CC3B336F3,L17119GJ1982PLC005424,DIRECTOR_KMP_CHANGES,Form DIR-12 Director Particulars & KMP - RAGHUVIR SYNTHETICS LIMITED,MCA Corporate Filings,2024-10-12,https://www.mca.gov.in/mcafast/companyMasterData.do?cin=L17119GJ1982PLC005424,documents/RAGHUVIR SYNTHETICS LIMITED/DIR-12_Director_Records.pdf,e5b7136d922653205f8c155e0d052c7d8a2370fea752eff23c24335072a99508,2026-08-26T17:30:00Z
DOC_9F6CF8C3C681,L17119GJ1982PLC005424,AUDITOR_APPOINTMENT,Form ADT-1 Auditor Appointment Resolution - RAGHUVIR SYNTHETICS LIMITED,MCA Corporate Filings,2024-09-25,https://www.mca.gov.in/mcafast/companyMasterData.do?cin=L17119GJ1982PLC005424,documents/RAGHUVIR SYNTHETICS LIMITED/ADT-1_Auditor_Appointment.pdf,11f6f1015fe2ca7f811fa65cef599288775ed02354fae03f4cb899a601c42745,2026-08-26T17:30:00Z
DOC_F5D58B103A43,L17119GJ1982PLC005424,REGISTERED_OFFICE,Form INC-22 Registered Office Proof - RAGHUVIR SYNTHETICS LIMITED,MCA Corporate Filings,2023-04-18,https://www.mca.gov.in/mcafast/companyMasterData.do?cin=L17119GJ1982PLC005424,documents/RAGHUVIR SYNTHETICS LIMITED/INC-22_Registered_Office_Proof.pdf,39abbabfcd034483183b4f1cafcf375c81bd343a6dcdc4d342f4bd6ce19cfcc1,2026-08-26T17:30:00Z
DOC_2F9D4CEEAE96,L17119GJ1982PLC005424,RESOLUTIONS_AGREEMENTS,Form MGT-14 Special Resolutions - RAGHUVIR SYNTHETICS LIMITED,MCA Corporate Filings,2024-02-14,https://www.mca.gov.in/mcafast/companyMasterData.do?cin=L17119GJ1982PLC005424,documents/RAGHUVIR SYNTHETICS LIMITED/MGT-14_Special_Resolutions.pdf,c41d515ace667f666184ae0888a456b68ed3238c830668937b4108669402c171,2026-08-26T17:30:00Z
DOC_6B4515CA0F32,L17119GJ1982PLC005424,GST_TAXPAYER_DATA,GST Public Taxpayer Registration - RAGHUVIR SYNTHETICS LIMITED,GST Council Public Portal,2026-01-15,https://www.mca.gov.in/mcafast/companyMasterData.do?cin=L17119GJ1982PLC005424,documents/RAGHUVIR SYNTHETICS LIMITED/GST_Place_of_Business_Registration.pdf,bdfc1f9141f21e4ffc52910c8f1ccd7e988d63bcf66d97230ce3506cc47ead4a,2026-08-26T17:30:00Z
DOC_537DCC670EBF,L17119GJ1982PLC009258,COMPANY_MASTER_DATA,Company Master Data Record - AMBASSADOR INTRA HOLDINGS LIMITED,Ministry of Corporate Affairs (MCA),2026-08-26,https://www.mca.gov.in/mcafast/companyMasterData.do?cin=L17119GJ1982PLC009258,documents/AMBASSADOR INTRA HOLDINGS LIMITED/Company_Master_Data.pdf,d632cba61e9d8ea0b4cbcea3dd7c57f5fb5e01663ed91f90ad04f7132e4c9d8d,2026-08-26T17:30:00Z
DOC_7214057337AD,L17119GJ1982PLC009258,FINANCIAL_STATEMENT,Form AOC-4 Financial Statements FY 2024-25 - AMBASSADOR INTRA HOLDINGS LIMITED,MCA Corporate Filings,2025-03-31,https://www.mca.gov.in/mcafast/companyMasterData.do?cin=L17119GJ1982PLC009258,documents/AMBASSADOR INTRA HOLDINGS LIMITED/AOC-4_Financial_Statements_FY25.pdf,e6f8188e8d8038bfc1f2f02c330fe7420932d54a2d47faede97ef13ad56abda4,2026-08-26T17:30:00Z
DOC_67E6A674950E,L17119GJ1982PLC009258,ANNUAL_RETURN,Form MGT-7 Annual Return FY 2024-25 - AMBASSADOR INTRA HOLDINGS LIMITED,MCA Corporate Filings,2025-09-30,https://www.mca.gov.in/mcafast/companyMasterData.do?cin=L17119GJ1982PLC009258,documents/AMBASSADOR INTRA HOLDINGS LIMITED/MGT-7_Annual_Return_FY25.pdf,8c040dbd93100325254f976144b52bfbb238b356ffffd56dab2c44aac8d032cd,2026-08-26T17:30:00Z
DOC_87561AD3C81C,L17119GJ1982PLC009258,DIRECTOR_KMP_CHANGES,Form DIR-12 Director Particulars & KMP - AMBASSADOR INTRA HOLDINGS LIMITED,MCA Corporate Filings,2024-10-12,https://www.mca.gov.in/mcafast/companyMasterData.do?cin=L17119GJ1982PLC009258,documents/AMBASSADOR INTRA HOLDINGS LIMITED/DIR-12_Director_Records.pdf,53a18349dc138950c01378e8e5511e1538bd5bf71bab1027cd554127ba0b14ad,2026-08-26T17:30:00Z
DOC_C7777AD858FF,L17119GJ1982PLC009258,AUDITOR_APPOINTMENT,Form ADT-1 Auditor Appointment Resolution - AMBASSADOR INTRA HOLDINGS LIMITED,MCA Corporate Filings,2024-09-25,https://www.mca.gov.in/mcafast/companyMasterData.do?cin=L17119GJ1982PLC009258,documents/AMBASSADOR INTRA HOLDINGS LIMITED/ADT-1_Auditor_Appointment.pdf,068437a9c16e3e99added60044034fded3a7bf7fa356a0172d7f716f46864410,2026-08-26T17:30:00Z
DOC_02232FB78DA1,L17119GJ1982PLC009258,REGISTERED_OFFICE,Form INC-22 Registered Office Proof - AMBASSADOR INTRA HOLDINGS LIMITED,MCA Corporate Filings,2023-04-18,https://www.mca.gov.in/mcafast/companyMasterData.do?cin=L17119GJ1982PLC009258,documents/AMBASSADOR INTRA HOLDINGS LIMITED/INC-22_Registered_Office_Proof.pdf,06440c77206191b1852ce36c4c5d7ba4b1badf21efc262cbfacad15ab6a4f9cc,2026-08-26T17:30:00Z
DOC_A1FFF25C1674,L17119GJ1982PLC009258,RESOLUTIONS_AGREEMENTS,Form MGT-14 Special Resolutions - AMBASSADOR INTRA HOLDINGS LIMITED,MCA Corporate Filings,2024-02-14,https://www.mca.gov.in/mcafast/companyMasterData.do?cin=L17119GJ1982PLC009258,documents/AMBASSADOR INTRA HOLDINGS LIMITED/MGT-14_Special_Resolutions.pdf,4ebd1fdae918724c8f0d3ae74c8d625ba17888a4c5f16e50758f8e10816f0d07,2026-08-26T17:30:00Z
DOC_DB71BD185C7D,L17119GJ1982PLC009258,GST_TAXPAYER_DATA,GST Public Taxpayer Registration - AMBASSADOR INTRA HOLDINGS LIMITED,GST Council Public Portal,2026-01-15,https://www.mca.gov.in/mcafast/companyMasterData.do?cin=L17119GJ1982PLC009258,documents/AMBASSADOR INTRA HOLDINGS LIMITED/GST_Place_of_Business_Registration.pdf,5cab522dac1e3058f159cc9606a8848e7650334c0411e2a72d943e0c727d7ffb,2026-08-26T17:30:00Z
DOC_0B2993618318,L17119GJ1986PLC009009,COMPANY_MASTER_DATA,Company Master Data Record - BISIL PLAST LIMITED,Ministry of Corporate Affairs (MCA),2026-08-26,https://www.mca.gov.in/mcafast/companyMasterData.do?cin=L17119GJ1986PLC009009,documents/BISIL PLAST LIMITED/Company_Master_Data.pdf,28679fc468930a34219fc2ce2a5537ea636caa3f001a3d281923a15a10b1f632,2026-08-26T17:30:00Z
DOC_BEC9B47A9F37,L17119GJ1986PLC009009,FINANCIAL_STATEMENT,Form AOC-4 Financial Statements FY 2024-25 - BISIL PLAST LIMITED,MCA Corporate Filings,2025-03-31,https://www.mca.gov.in/mcafast/companyMasterData.do?cin=L17119GJ1986PLC009009,documents/BISIL PLAST LIMITED/AOC-4_Financial_Statements_FY25.pdf,ec70e184f25de82c346b0d568682c9e924db6f83b1caa0d6b5592a26c14c688b,2026-08-26T17:30:00Z
DOC_C5EB7B6C9603,L17119GJ1986PLC009009,ANNUAL_RETURN,Form MGT-7 Annual Return FY 2024-25 - BISIL PLAST LIMITED,MCA Corporate Filings,2025-09-30,https://www.mca.gov.in/mcafast/companyMasterData.do?cin=L17119GJ1986PLC009009,documents/BISIL PLAST LIMITED/MGT-7_Annual_Return_FY25.pdf,d05d8b166f1aaada4a1b185d8520d31c3a034306855abc78cbac3661532530ec,2026-08-26T17:30:00Z
DOC_DB3FD50B671F,L17119GJ1986PLC009009,DIRECTOR_KMP_CHANGES,Form DIR-12 Director Particulars & KMP - BISIL PLAST LIMITED,MCA Corporate Filings,2024-10-12,https://www.mca.gov.in/mcafast/companyMasterData.do?cin=L17119GJ1986PLC009009,documents/BISIL PLAST LIMITED/DIR-12_Director_Records.pdf,67412e7ce3a10d55e2c7a5cf5139356c1d414f5164b8701c4ba70a74363d2ce1,2026-08-26T17:30:00Z
DOC_970C117F613D,L17119GJ1986PLC009009,AUDITOR_APPOINTMENT,Form ADT-1 Auditor Appointment Resolution - BISIL PLAST LIMITED,MCA Corporate Filings,2024-09-25,https://www.mca.gov.in/mcafast/companyMasterData.do?cin=L17119GJ1986PLC009009,documents/BISIL PLAST LIMITED/ADT-1_Auditor_Appointment.pdf,38328bd6f5d9c2f5521e8905b33ff762c82b22130b56df9b93ee9e4733855824,2026-08-26T17:30:00Z
DOC_34E0E7E32E0E,L17119GJ1986PLC009009,REGISTERED_OFFICE,Form INC-22 Registered Office Proof - BISIL PLAST LIMITED,MCA Corporate Filings,2023-04-18,https://www.mca.gov.in/mcafast/companyMasterData.do?cin=L17119GJ1986PLC009009,documents/BISIL PLAST LIMITED/INC-22_Registered_Office_Proof.pdf,836bc69b4bdd2b6ae6d20e5594356e0bb03ab661ce6757dbfddb7c18317e8b1f,2026-08-26T17:30:00Z
DOC_3F73EB0915FD,L17119GJ1986PLC009009,RESOLUTIONS_AGREEMENTS,Form MGT-14 Special Resolutions - BISIL PLAST LIMITED,MCA Corporate Filings,2024-02-14,https://www.mca.gov.in/mcafast/companyMasterData.do?cin=L17119GJ1986PLC009009,documents/BISIL PLAST LIMITED/MGT-14_Special_Resolutions.pdf,3fca366ce81ddaf6fa08bdf06cc292b8de6c3788a46368116eb3148e5f8fbcf6,2026-08-26T17:30:00Z
DOC_B058E413122E,L17119GJ1986PLC009009,GST_TAXPAYER_DATA,GST Public Taxpayer Registration - BISIL PLAST LIMITED,GST Council Public Portal,2026-01-15,https://www.mca.gov.in/mcafast/companyMasterData.do?cin=L17119GJ1986PLC009009,documents/BISIL PLAST LIMITED/GST_Place_of_Business_Registration.pdf,b9ac2398b717457ec566193c608367c1cde4f5392bd551a388dff32a52878859,2026-08-26T17:30:00Z
DOC_390276B01EA4,L17119GJ1986PLC009152,COMPANY_MASTER_DATA,Company Master Data Record - BAHUMA POLYTEX LIMITED,Ministry of Corporate Affairs (MCA),2026-08-26,https://www.mca.gov.in/mcafast/companyMasterData.do?cin=L17119GJ1986PLC009152,documents/BAHUMA POLYTEX LIMITED/Company_Master_Data.pdf,92c8bb54138605223562fdd3c6d689ceef4a338138bd9794699aff52b663fa31,2026-08-26T17:30:00Z
DOC_E24D44D71DD0,L17119GJ1986PLC009152,FINANCIAL_STATEMENT,Form AOC-4 Financial Statements FY 2024-25 - BAHUMA POLYTEX LIMITED,MCA Corporate Filings,2025-03-31,https://www.mca.gov.in/mcafast/companyMasterData.do?cin=L17119GJ1986PLC009152,documents/BAHUMA POLYTEX LIMITED/AOC-4_Financial_Statements_FY25.pdf,ed2349f36ca2cd9ea8d85e2c589909b2d4420e9e432809864a0f39e904ae26f8,2026-08-26T17:30:00Z
DOC_5A9BA064C765,L17119GJ1986PLC009152,ANNUAL_RETURN,Form MGT-7 Annual Return FY 2024-25 - BAHUMA POLYTEX LIMITED,MCA Corporate Filings,2025-09-30,https://www.mca.gov.in/mcafast/companyMasterData.do?cin=L17119GJ1986PLC009152,documents/BAHUMA POLYTEX LIMITED/MGT-7_Annual_Return_FY25.pdf,71212393a22cba44638da25f5efb886ef3909c8e6f424b8f0cd9445eccfd059d,2026-08-26T17:30:00Z
DOC_3CBBCBE6BEC2,L17119GJ1986PLC009152,DIRECTOR_KMP_CHANGES,Form DIR-12 Director Particulars & KMP - BAHUMA POLYTEX LIMITED,MCA Corporate Filings,2024-10-12,https://www.mca.gov.in/mcafast/companyMasterData.do?cin=L17119GJ1986PLC009152,documents/BAHUMA POLYTEX LIMITED/DIR-12_Director_Records.pdf,a41857caab682631d4e142dafb5eeb74aa1fb320fb899f27cd4168a37f61e5c2,2026-08-26T17:30:00Z
DOC_8C81E3B803D9,L17119GJ1986PLC009152,AUDITOR_APPOINTMENT,Form ADT-1 Auditor Appointment Resolution - BAHUMA POLYTEX LIMITED,MCA Corporate Filings,2024-09-25,https://www.mca.gov.in/mcafast/companyMasterData.do?cin=L17119GJ1986PLC009152,documents/BAHUMA POLYTEX LIMITED/ADT-1_Auditor_Appointment.pdf,d6fc59f577d06f1e23ff1a15dae0d9eb939c6f9d9b0cca1a03b73138b778170f,2026-08-26T17:30:00Z
DOC_AB25DE25C13A,L17119GJ1986PLC009152,REGISTERED_OFFICE,Form INC-22 Registered Office Proof - BAHUMA POLYTEX LIMITED,MCA Corporate Filings,2023-04-18,https://www.mca.gov.in/mcafast/companyMasterData.do?cin=L17119GJ1986PLC009152,documents/BAHUMA POLYTEX LIMITED/INC-22_Registered_Office_Proof.pdf,2bb34bb323eb8565de76aa3fe88e277568459d223101fcd75d05131fef864927,2026-08-26T17:30:00Z
DOC_3B656FE76818,L17119GJ1986PLC009152,RESOLUTIONS_AGREEMENTS,Form MGT-14 Special Resolutions - BAHUMA POLYTEX LIMITED,MCA Corporate Filings,2024-02-14,https://www.mca.gov.in/mcafast/companyMasterData.do?cin=L17119GJ1986PLC009152,documents/BAHUMA POLYTEX LIMITED/MGT-14_Special_Resolutions.pdf,9f48a8824706cc4c8db93baa741ada0c3b152318c2ae8816b40327750b437c07,2026-08-26T17:30:00Z
DOC_2BEA902D0F2A,L17119GJ1986PLC009152,GST_TAXPAYER_DATA,GST Public Taxpayer Registration - BAHUMA POLYTEX LIMITED,GST Council Public Portal,2026-01-15,https://www.mca.gov.in/mcafast/companyMasterData.do?cin=L17119GJ1986PLC009152,documents/BAHUMA POLYTEX LIMITED/GST_Place_of_Business_Registration.pdf,1a5ac7ff07a16e0a8eb2bb7890cade8c311351cbc0c612b9c0a7de7cce640842,2026-08-26T17:30:00Z
DOC_B19B3562B6E4,L17239GJ1985PLC007829,COMPANY_MASTER_DATA,Company Master Data Record - SHRI JAGDAMBA POLYMERS LIMITED,Ministry of Corporate Affairs (MCA),2026-08-26,https://www.mca.gov.in/mcafast/companyMasterData.do?cin=L17239GJ1985PLC007829,documents/SHRI JAGDAMBA POLYMERS LIMITED/Company_Master_Data.pdf,1117e52970d26e33062ba968c68a9c997ad2252fd52cb35da99f5bfc3841bc24,2026-08-26T17:30:00Z
DOC_264F071BA84E,L17239GJ1985PLC007829,FINANCIAL_STATEMENT,Form AOC-4 Financial Statements FY 2024-25 - SHRI JAGDAMBA POLYMERS LIMITED,MCA Corporate Filings,2025-03-31,https://www.mca.gov.in/mcafast/companyMasterData.do?cin=L17239GJ1985PLC007829,documents/SHRI JAGDAMBA POLYMERS LIMITED/AOC-4_Financial_Statements_FY25.pdf,66929731a0971545bb59ca10665abc64b19643e3f4eba3c47dffd3018170e9ed,2026-08-26T17:30:00Z
DOC_65134B9D2A35,L17239GJ1985PLC007829,ANNUAL_RETURN,Form MGT-7 Annual Return FY 2024-25 - SHRI JAGDAMBA POLYMERS LIMITED,MCA Corporate Filings,2025-09-30,https://www.mca.gov.in/mcafast/companyMasterData.do?cin=L17239GJ1985PLC007829,documents/SHRI JAGDAMBA POLYMERS LIMITED/MGT-7_Annual_Return_FY25.pdf,31cb62ecca2cef4b5258b2157d0de4023df9e91a4695cf100fdc1b20ad93c119,2026-08-26T17:30:00Z
DOC_F1C6A780DA5D,L17239GJ1985PLC007829,DIRECTOR_KMP_CHANGES,Form DIR-12 Director Particulars & KMP - SHRI JAGDAMBA POLYMERS LIMITED,MCA Corporate Filings,2024-10-12,https://www.mca.gov.in/mcafast/companyMasterData.do?cin=L17239GJ1985PLC007829,documents/SHRI JAGDAMBA POLYMERS LIMITED/DIR-12_Director_Records.pdf,f3687934a003ddedbd4d6c4156f6ba735f7bc325908aa5f37304d8e8e50198d3,2026-08-26T17:30:00Z
DOC_FA7872DE55E2,L17239GJ1985PLC007829,AUDITOR_APPOINTMENT,Form ADT-1 Auditor Appointment Resolution - SHRI JAGDAMBA POLYMERS LIMITED,MCA Corporate Filings,2024-09-25,https://www.mca.gov.in/mcafast/companyMasterData.do?cin=L17239GJ1985PLC007829,documents/SHRI JAGDAMBA POLYMERS LIMITED/ADT-1_Auditor_Appointment.pdf,3c17c2e9fd7d9043b1fb800733ac1720bef207970017b1b0f29421b69cc1a5d1,2026-08-26T17:30:00Z
DOC_0B8E1F8181FA,L17239GJ1985PLC007829,REGISTERED_OFFICE,Form INC-22 Registered Office Proof - SHRI JAGDAMBA POLYMERS LIMITED,MCA Corporate Filings,2023-04-18,https://www.mca.gov.in/mcafast/companyMasterData.do?cin=L17239GJ1985PLC007829,documents/SHRI JAGDAMBA POLYMERS LIMITED/INC-22_Registered_Office_Proof.pdf,82194250a06a1c37b4355b3fd6b76cffffc07732e9fff9721f11e5e6cd7d76c8,2026-08-26T17:30:00Z
DOC_5D7492173D54,L17239GJ1985PLC007829,RESOLUTIONS_AGREEMENTS,Form MGT-14 Special Resolutions - SHRI JAGDAMBA POLYMERS LIMITED,MCA Corporate Filings,2024-02-14,https://www.mca.gov.in/mcafast/companyMasterData.do?cin=L17239GJ1985PLC007829,documents/SHRI JAGDAMBA POLYMERS LIMITED/MGT-14_Special_Resolutions.pdf,904433adc45205472184d60e8e9c4c2cf953a124f591aeef280496fe0b7b0ad2,2026-08-26T17:30:00Z
DOC_AF204D850E44,L17239GJ1985PLC007829,GST_TAXPAYER_DATA,GST Public Taxpayer Registration - SHRI JAGDAMBA POLYMERS LIMITED,GST Council Public Portal,2026-01-15,https://www.mca.gov.in/mcafast/companyMasterData.do?cin=L17239GJ1985PLC007829,documents/SHRI JAGDAMBA POLYMERS LIMITED/GST_Place_of_Business_Registration.pdf,5a696ca16724a6886bab9e11882c21388edaf13740d7a849bb0c82298fb5609d,2026-08-26T17:30:00Z
DOC_FACA3E74457A,L18119GJ1984PLC006922,COMPANY_MASTER_DATA,Company Master Data Record - JINDAL HOTELS LIMITED,Ministry of Corporate Affairs (MCA),2026-08-26,https://www.mca.gov.in/mcafast/companyMasterData.do?cin=L18119GJ1984PLC006922,documents/JINDAL HOTELS LIMITED/Company_Master_Data.pdf,4ccc72a26d2c834f8139b9c8ca25039c3c468a3b6eb3357f9644d937160cd045,2026-08-26T17:30:00Z
DOC_914F2D7D4F0B,L18119GJ1984PLC006922,FINANCIAL_STATEMENT,Form AOC-4 Financial Statements FY 2024-25 - JINDAL HOTELS LIMITED,MCA Corporate Filings,2025-03-31,https://www.mca.gov.in/mcafast/companyMasterData.do?cin=L18119GJ1984PLC006922,documents/JINDAL HOTELS LIMITED/AOC-4_Financial_Statements_FY25.pdf,feea19db6a3f040b7208ae3e0c35203901dceaef81614fe44ea583b9391569a5,2026-08-26T17:30:00Z
DOC_3965D20726FF,L18119GJ1984PLC006922,ANNUAL_RETURN,Form MGT-7 Annual Return FY 2024-25 - JINDAL HOTELS LIMITED,MCA Corporate Filings,2025-09-30,https://www.mca.gov.in/mcafast/companyMasterData.do?cin=L18119GJ1984PLC006922,documents/JINDAL HOTELS LIMITED/MGT-7_Annual_Return_FY25.pdf,0fa941c7a208d50fe73ed0a65df08a6eb286109611eb7ad0b2933e0b32415098,2026-08-26T17:30:00Z
DOC_96E8EC62675E,L18119GJ1984PLC006922,DIRECTOR_KMP_CHANGES,Form DIR-12 Director Particulars & KMP - JINDAL HOTELS LIMITED,MCA Corporate Filings,2024-10-12,https://www.mca.gov.in/mcafast/companyMasterData.do?cin=L18119GJ1984PLC006922,documents/JINDAL HOTELS LIMITED/DIR-12_Director_Records.pdf,a36e88fc5cbe187922fbb5405d3245ba5613a6d26f749075480bc8a801ce656c,2026-08-26T17:30:00Z
DOC_87D38643EAC1,L18119GJ1984PLC006922,AUDITOR_APPOINTMENT,Form ADT-1 Auditor Appointment Resolution - JINDAL HOTELS LIMITED,MCA Corporate Filings,2024-09-25,https://www.mca.gov.in/mcafast/companyMasterData.do?cin=L18119GJ1984PLC006922,documents/JINDAL HOTELS LIMITED/ADT-1_Auditor_Appointment.pdf,b469e5107542d5c33c92f255bd67a051ff10aad935d02b2599338ccfaa4917bc,2026-08-26T17:30:00Z
DOC_F5DAF6A26853,L18119GJ1984PLC006922,REGISTERED_OFFICE,Form INC-22 Registered Office Proof - JINDAL HOTELS LIMITED,MCA Corporate Filings,2023-04-18,https://www.mca.gov.in/mcafast/companyMasterData.do?cin=L18119GJ1984PLC006922,documents/JINDAL HOTELS LIMITED/INC-22_Registered_Office_Proof.pdf,d05bb249a19b438be37d3ec0f46796955547f6955d5fbdbbcb1034316ae4acd5,2026-08-26T17:30:00Z
DOC_1F3042B700E5,L18119GJ1984PLC006922,RESOLUTIONS_AGREEMENTS,Form MGT-14 Special Resolutions - JINDAL HOTELS LIMITED,MCA Corporate Filings,2024-02-14,https://www.mca.gov.in/mcafast/companyMasterData.do?cin=L18119GJ1984PLC006922,documents/JINDAL HOTELS LIMITED/MGT-14_Special_Resolutions.pdf,63a4b7bc7d3059529823c4ffe8bb143442d76795a67bc40b5cbf7b4c125cf956,2026-08-26T17:30:00Z
DOC_F66AB4DA4909,L18119GJ1984PLC006922,GST_TAXPAYER_DATA,GST Public Taxpayer Registration - JINDAL HOTELS LIMITED,GST Council Public Portal,2026-01-15,https://www.mca.gov.in/mcafast/companyMasterData.do?cin=L18119GJ1984PLC006922,documents/JINDAL HOTELS LIMITED/GST_Place_of_Business_Registration.pdf,a6a50d4f530d58d79744b2c0ebe18f31ec55a643cfecf65a09c5ef4dc72b99d5,2026-08-26T17:30:00Z
DOC_08D2B07338E2,L19116GJ1983FLC006516,COMPANY_MASTER_DATA,Company Master Data Record - SOMPLAST LEATHER INDUSTRIES LIMITED,Ministry of Corporate Affairs (MCA),2026-08-26,https://www.mca.gov.in/mcafast/companyMasterData.do?cin=L19116GJ1983FLC006516,documents/SOMPLAST LEATHER INDUSTRIES LIMITED/Company_Master_Data.pdf,c6ea1ed534faf45652bd80727508d499444878bbdd40998fa279eb970bb2c477,2026-08-26T17:30:00Z
DOC_1466A939B565,L19116GJ1983FLC006516,FINANCIAL_STATEMENT,Form AOC-4 Financial Statements FY 2024-25 - SOMPLAST LEATHER INDUSTRIES LIMITED,MCA Corporate Filings,2025-03-31,https://www.mca.gov.in/mcafast/companyMasterData.do?cin=L19116GJ1983FLC006516,documents/SOMPLAST LEATHER INDUSTRIES LIMITED/AOC-4_Financial_Statements_FY25.pdf,e5a3210d20989cc04d917977bff47334566776cd5317ad109ff7d1b8045d658a,2026-08-26T17:30:00Z
DOC_B237A52A0391,L19116GJ1983FLC006516,ANNUAL_RETURN,Form MGT-7 Annual Return FY 2024-25 - SOMPLAST LEATHER INDUSTRIES LIMITED,MCA Corporate Filings,2025-09-30,https://www.mca.gov.in/mcafast/companyMasterData.do?cin=L19116GJ1983FLC006516,documents/SOMPLAST LEATHER INDUSTRIES LIMITED/MGT-7_Annual_Return_FY25.pdf,716f6beaae9ab4ed38104f074be8d7dbfe4f506c6371c278d9bb47f606630623,2026-08-26T17:30:00Z
DOC_20C6C09A076F,L19116GJ1983FLC006516,DIRECTOR_KMP_CHANGES,Form DIR-12 Director Particulars & KMP - SOMPLAST LEATHER INDUSTRIES LIMITED,MCA Corporate Filings,2024-10-12,https://www.mca.gov.in/mcafast/companyMasterData.do?cin=L19116GJ1983FLC006516,documents/SOMPLAST LEATHER INDUSTRIES LIMITED/DIR-12_Director_Records.pdf,f0e7bb43369bc92bbd7fa60172b4f5ea1ce5ca0ccf7252d08ed8128f03639a1c,2026-08-26T17:30:00Z
DOC_EB74B1D58149,L19116GJ1983FLC006516,AUDITOR_APPOINTMENT,Form ADT-1 Auditor Appointment Resolution - SOMPLAST LEATHER INDUSTRIES LIMITED,MCA Corporate Filings,2024-09-25,https://www.mca.gov.in/mcafast/companyMasterData.do?cin=L19116GJ1983FLC006516,documents/SOMPLAST LEATHER INDUSTRIES LIMITED/ADT-1_Auditor_Appointment.pdf,02c78ad17f3e8e33a8ccc8a0254f4e2336eaed70d790f93988c5a6f1de6c59a0,2026-08-26T17:30:00Z
DOC_DE2ECA3B74DD,L19116GJ1983FLC006516,REGISTERED_OFFICE,Form INC-22 Registered Office Proof - SOMPLAST LEATHER INDUSTRIES LIMITED,MCA Corporate Filings,2023-04-18,https://www.mca.gov.in/mcafast/companyMasterData.do?cin=L19116GJ1983FLC006516,documents/SOMPLAST LEATHER INDUSTRIES LIMITED/INC-22_Registered_Office_Proof.pdf,2bd4c7a483ef9ccfe9d2d501886af337da9b7c8cc054d7d0e8d6f2c4a1c674df,2026-08-26T17:30:00Z
DOC_D702B96CF5DA,L19116GJ1983FLC006516,RESOLUTIONS_AGREEMENTS,Form MGT-14 Special Resolutions - SOMPLAST LEATHER INDUSTRIES LIMITED,MCA Corporate Filings,2024-02-14,https://www.mca.gov.in/mcafast/companyMasterData.do?cin=L19116GJ1983FLC006516,documents/SOMPLAST LEATHER INDUSTRIES LIMITED/MGT-14_Special_Resolutions.pdf,83a22b19b520047e4e01dbdb7e79124dc5119a6e151f6811f5c0d836fe1db66f,2026-08-26T17:30:00Z
DOC_2A1403E45D17,L19116GJ1983FLC006516,GST_TAXPAYER_DATA,GST Public Taxpayer Registration - SOMPLAST LEATHER INDUSTRIES LIMITED,GST Council Public Portal,2026-01-15,https://www.mca.gov.in/mcafast/companyMasterData.do?cin=L19116GJ1983FLC006516,documents/SOMPLAST LEATHER INDUSTRIES LIMITED/GST_Place_of_Business_Registration.pdf,3b4d5774dc6fbf32cf93dd4052ec1e9450499aafad78864dd134b50f7765dc13,2026-08-26T17:30:00Z
DOC_B8C8A0F6AAC0,L20299GJ1985PLC008047,COMPANY_MASTER_DATA,Company Master Data Record - MILTON INDUSTRIES LIMITED,Ministry of Corporate Affairs (MCA),2026-08-26,https://www.mca.gov.in/mcafast/companyMasterData.do?cin=L20299GJ1985PLC008047,documents/MILTON INDUSTRIES LIMITED/Company_Master_Data.pdf,0df27d32487a66923abe3bfea396d65fcbdeb28c4eb9b1c2086fdaa65a47f84c,2026-08-26T17:30:00Z
DOC_3DC007AA2D0F,L20299GJ1985PLC008047,FINANCIAL_STATEMENT,Form AOC-4 Financial Statements FY 2024-25 - MILTON INDUSTRIES LIMITED,MCA Corporate Filings,2025-03-31,https://www.mca.gov.in/mcafast/companyMasterData.do?cin=L20299GJ1985PLC008047,documents/MILTON INDUSTRIES LIMITED/AOC-4_Financial_Statements_FY25.pdf,2455ca5baa3adcf84bbea7ca8e89933f7801ba392ac8fb906724fe0002b13b85,2026-08-26T17:30:00Z
DOC_3372D885D971,L20299GJ1985PLC008047,ANNUAL_RETURN,Form MGT-7 Annual Return FY 2024-25 - MILTON INDUSTRIES LIMITED,MCA Corporate Filings,2025-09-30,https://www.mca.gov.in/mcafast/companyMasterData.do?cin=L20299GJ1985PLC008047,documents/MILTON INDUSTRIES LIMITED/MGT-7_Annual_Return_FY25.pdf,eb2910dea227e1113bb34e0de98b4f4ef07dba290a12232e0f3ded90e49a2b1a,2026-08-26T17:30:00Z
DOC_2F9DC20F88A0,L20299GJ1985PLC008047,DIRECTOR_KMP_CHANGES,Form DIR-12 Director Particulars & KMP - MILTON INDUSTRIES LIMITED,MCA Corporate Filings,2024-10-12,https://www.mca.gov.in/mcafast/companyMasterData.do?cin=L20299GJ1985PLC008047,documents/MILTON INDUSTRIES LIMITED/DIR-12_Director_Records.pdf,595f034cdf9155ff8ffe236a170fbaf61b4a023a3d516f50b8cf349b2e7c3fbe,2026-08-26T17:30:00Z
DOC_4D63437E29F0,L20299GJ1985PLC008047,AUDITOR_APPOINTMENT,Form ADT-1 Auditor Appointment Resolution - MILTON INDUSTRIES LIMITED,MCA Corporate Filings,2024-09-25,https://www.mca.gov.in/mcafast/companyMasterData.do?cin=L20299GJ1985PLC008047,documents/MILTON INDUSTRIES LIMITED/ADT-1_Auditor_Appointment.pdf,8d8cf666dba96580737619b9081b7b3114c713f9ae822fd9e82ad6719f85769b,2026-08-26T17:30:00Z
DOC_69923B774EDA,L20299GJ1985PLC008047,REGISTERED_OFFICE,Form INC-22 Registered Office Proof - MILTON INDUSTRIES LIMITED,MCA Corporate Filings,2023-04-18,https://www.mca.gov.in/mcafast/companyMasterData.do?cin=L20299GJ1985PLC008047,documents/MILTON INDUSTRIES LIMITED/INC-22_Registered_Office_Proof.pdf,31846a63d02d13cd09f19e1581023e9ba51ad3e8baabe83d811a9a396abe43ef,2026-08-26T17:30:00Z
DOC_C906F3F24E3E,L20299GJ1985PLC008047,RESOLUTIONS_AGREEMENTS,Form MGT-14 Special Resolutions - MILTON INDUSTRIES LIMITED,MCA Corporate Filings,2024-02-14,https://www.mca.gov.in/mcafast/companyMasterData.do?cin=L20299GJ1985PLC008047,documents/MILTON INDUSTRIES LIMITED/MGT-14_Special_Resolutions.pdf,7a13d2f9b3dc0257b7c959593d97f8df5de9993d8474d3466f2d4feead6b33bf,2026-08-26T17:30:00Z
DOC_E9101BBA1E25,L20299GJ1985PLC008047,GST_TAXPAYER_DATA,GST Public Taxpayer Registration - MILTON INDUSTRIES LIMITED,GST Council Public Portal,2026-01-15,https://www.mca.gov.in/mcafast/companyMasterData.do?cin=L20299GJ1985PLC008047,documents/MILTON INDUSTRIES LIMITED/GST_Place_of_Business_Registration.pdf,9badd551433324bb519d5d0ffec804b94c3074cfe0a8c22db1e899a3f38e4f77,2026-08-26T17:30:00Z
DOC_C9CC5A6BEFD1,L20310GJ1984PLC006994,COMPANY_MASTER_DATA,Company Master Data Record - SARIGAM STEELS LIMITED,Ministry of Corporate Affairs (MCA),2026-08-26,https://www.mca.gov.in/mcafast/companyMasterData.do?cin=L20310GJ1984PLC006994,documents/SARIGAM STEELS LIMITED/Company_Master_Data.pdf,e995e8746b1003e19cd510f6716958ef2ac2a319d6c680c0b3b2f5f260bd65bd,2026-08-26T17:30:00Z
DOC_14F3C47BFF9B,L20310GJ1984PLC006994,FINANCIAL_STATEMENT,Form AOC-4 Financial Statements FY 2024-25 - SARIGAM STEELS LIMITED,MCA Corporate Filings,2025-03-31,https://www.mca.gov.in/mcafast/companyMasterData.do?cin=L20310GJ1984PLC006994,documents/SARIGAM STEELS LIMITED/AOC-4_Financial_Statements_FY25.pdf,f38caf0b8498f1e924d58058b09dc7975bc14f25f7c562298ab03ba2cab0fc94,2026-08-26T17:30:00Z
DOC_09B0ABA2F780,L20310GJ1984PLC006994,ANNUAL_RETURN,Form MGT-7 Annual Return FY 2024-25 - SARIGAM STEELS LIMITED,MCA Corporate Filings,2025-09-30,https://www.mca.gov.in/mcafast/companyMasterData.do?cin=L20310GJ1984PLC006994,documents/SARIGAM STEELS LIMITED/MGT-7_Annual_Return_FY25.pdf,e89c56492739eabf6c68791419a2b17b9ce2a920100fce8b9e827a1795b53ad5,2026-08-26T17:30:00Z
DOC_4B50B28E2467,L20310GJ1984PLC006994,DIRECTOR_KMP_CHANGES,Form DIR-12 Director Particulars & KMP - SARIGAM STEELS LIMITED,MCA Corporate Filings,2024-10-12,https://www.mca.gov.in/mcafast/companyMasterData.do?cin=L20310GJ1984PLC006994,documents/SARIGAM STEELS LIMITED/DIR-12_Director_Records.pdf,0aa38b14f38127ff527c8c63d57ddf915a4a143d8803022025f16fc758cf81e6,2026-08-26T17:30:00Z
DOC_D5E82469E11E,L20310GJ1984PLC006994,AUDITOR_APPOINTMENT,Form ADT-1 Auditor Appointment Resolution - SARIGAM STEELS LIMITED,MCA Corporate Filings,2024-09-25,https://www.mca.gov.in/mcafast/companyMasterData.do?cin=L20310GJ1984PLC006994,documents/SARIGAM STEELS LIMITED/ADT-1_Auditor_Appointment.pdf,380daf0c99c1fcee88f83c79a67a137da3ac2ba1284a28f505c8a46ed05a00e1,2026-08-26T17:30:00Z
DOC_CE9109F3DB7D,L20310GJ1984PLC006994,REGISTERED_OFFICE,Form INC-22 Registered Office Proof - SARIGAM STEELS LIMITED,MCA Corporate Filings,2023-04-18,https://www.mca.gov.in/mcafast/companyMasterData.do?cin=L20310GJ1984PLC006994,documents/SARIGAM STEELS LIMITED/INC-22_Registered_Office_Proof.pdf,dd4803d2f6301f85ac2bf2aa920a5acc64130fea4d54347844b8f4d9016065fb,2026-08-26T17:30:00Z
DOC_6AD21518D7D0,L20310GJ1984PLC006994,RESOLUTIONS_AGREEMENTS,Form MGT-14 Special Resolutions - SARIGAM STEELS LIMITED,MCA Corporate Filings,2024-02-14,https://www.mca.gov.in/mcafast/companyMasterData.do?cin=L20310GJ1984PLC006994,documents/SARIGAM STEELS LIMITED/MGT-14_Special_Resolutions.pdf,f59005f06b621a2e83560054f046238a0cf559cbc6bc4a380b13f4f4b389d606,2026-08-26T17:30:00Z
DOC_0EDAF811AAF9,L20310GJ1984PLC006994,GST_TAXPAYER_DATA,GST Public Taxpayer Registration - SARIGAM STEELS LIMITED,GST Council Public Portal,2026-01-15,https://www.mca.gov.in/mcafast/companyMasterData.do?cin=L20310GJ1984PLC006994,documents/SARIGAM STEELS LIMITED/GST_Place_of_Business_Registration.pdf,4ba071739faf7471be98aa9854cb64d8a5c82f0638c70bb9f1283063537043f7,2026-08-26T17:30:00Z
DOC_BDEC5EF6CC83,L21010GJ1986PLC008772,COMPANY_MASTER_DATA,Company Master Data Record - RAINBOW PAPERS LIMITED,Ministry of Corporate Affairs (MCA),2026-08-26,https://www.mca.gov.in/mcafast/companyMasterData.do?cin=L21010GJ1986PLC008772,documents/RAINBOW PAPERS LIMITED/Company_Master_Data.pdf,cf8f6888a89a8de3c9e6da9e819c744cb25e10a494d4c49d58b93e1dbbeeb3f6,2026-08-26T17:30:00Z
DOC_9AA8D20FFC72,L21010GJ1986PLC008772,FINANCIAL_STATEMENT,Form AOC-4 Financial Statements FY 2024-25 - RAINBOW PAPERS LIMITED,MCA Corporate Filings,2025-03-31,https://www.mca.gov.in/mcafast/companyMasterData.do?cin=L21010GJ1986PLC008772,documents/RAINBOW PAPERS LIMITED/AOC-4_Financial_Statements_FY25.pdf,18c8b65e7653a1bb3abf2e9381d34d97ce52479553de9897ee996e1f110aa583,2026-08-26T17:30:00Z
DOC_25B5CEE04963,L21010GJ1986PLC008772,ANNUAL_RETURN,Form MGT-7 Annual Return FY 2024-25 - RAINBOW PAPERS LIMITED,MCA Corporate Filings,2025-09-30,https://www.mca.gov.in/mcafast/companyMasterData.do?cin=L21010GJ1986PLC008772,documents/RAINBOW PAPERS LIMITED/MGT-7_Annual_Return_FY25.pdf,4c4d10af0e00db910677a3eaeaa7588792ee78a470a350cf9d349ef14c2ac31a,2026-08-26T17:30:00Z
DOC_5121E208394E,L21010GJ1986PLC008772,DIRECTOR_KMP_CHANGES,Form DIR-12 Director Particulars & KMP - RAINBOW PAPERS LIMITED,MCA Corporate Filings,2024-10-12,https://www.mca.gov.in/mcafast/companyMasterData.do?cin=L21010GJ1986PLC008772,documents/RAINBOW PAPERS LIMITED/DIR-12_Director_Records.pdf,c59e5ec6e4c61303bf6d23a55f1237d5b6dbaaa1ff65b42b362adf57929e8953,2026-08-26T17:30:00Z
DOC_C6126C0AA747,L21010GJ1986PLC008772,AUDITOR_APPOINTMENT,Form ADT-1 Auditor Appointment Resolution - RAINBOW PAPERS LIMITED,MCA Corporate Filings,2024-09-25,https://www.mca.gov.in/mcafast/companyMasterData.do?cin=L21010GJ1986PLC008772,documents/RAINBOW PAPERS LIMITED/ADT-1_Auditor_Appointment.pdf,3c8b7632ebbe277005af1732d05f67762fca65fe26391b02304d0ce773214dd8,2026-08-26T17:30:00Z
DOC_3AB5122A509C,L21010GJ1986PLC008772,REGISTERED_OFFICE,Form INC-22 Registered Office Proof - RAINBOW PAPERS LIMITED,MCA Corporate Filings,2023-04-18,https://www.mca.gov.in/mcafast/companyMasterData.do?cin=L21010GJ1986PLC008772,documents/RAINBOW PAPERS LIMITED/INC-22_Registered_Office_Proof.pdf,f9bd04f9ef993e4d13ba6ac6d1a309a46350e00f1464c961ee5121fcf61856ba,2026-08-26T17:30:00Z
DOC_EF3167F6D08F,L21010GJ1986PLC008772,RESOLUTIONS_AGREEMENTS,Form MGT-14 Special Resolutions - RAINBOW PAPERS LIMITED,MCA Corporate Filings,2024-02-14,https://www.mca.gov.in/mcafast/companyMasterData.do?cin=L21010GJ1986PLC008772,documents/RAINBOW PAPERS LIMITED/MGT-14_Special_Resolutions.pdf,b11696af583d5bda6f3c401b8db6206fb44f91220310ea092c6d3c14b98d78d6,2026-08-26T17:30:00Z
DOC_10D89EB9361D,L21010GJ1986PLC008772,GST_TAXPAYER_DATA,GST Public Taxpayer Registration - RAINBOW PAPERS LIMITED,GST Council Public Portal,2026-01-15,https://www.mca.gov.in/mcafast/companyMasterData.do?cin=L21010GJ1986PLC008772,documents/RAINBOW PAPERS LIMITED/GST_Place_of_Business_Registration.pdf,97f4f19d130d460ce0c769bf49041f5137e2c536dd4b8c7b638268c4ebfa0737,2026-08-26T17:30:00Z
DOC_01278CD7E0F0,L23200GJ1985PLC008013,COMPANY_MASTER_DATA,Company Master Data Record - ADVANCE PETROCHEMICALS LIMITED,Ministry of Corporate Affairs (MCA),2026-08-26,https://www.mca.gov.in/mcafast/companyMasterData.do?cin=L23200GJ1985PLC008013,documents/ADVANCE PETROCHEMICALS LIMITED/Company_Master_Data.pdf,fbacf139b1d19818f96aab225490ea1f8121cfa4a557f6470a417a0f9216097f,2026-08-26T17:30:00Z
DOC_1E4E2A6CCAF4,L23200GJ1985PLC008013,FINANCIAL_STATEMENT,Form AOC-4 Financial Statements FY 2024-25 - ADVANCE PETROCHEMICALS LIMITED,MCA Corporate Filings,2025-03-31,https://www.mca.gov.in/mcafast/companyMasterData.do?cin=L23200GJ1985PLC008013,documents/ADVANCE PETROCHEMICALS LIMITED/AOC-4_Financial_Statements_FY25.pdf,cd373ddddaf4296d74bb3404b6d8869c6b221dea040642bb1fa6e382ea41d141,2026-08-26T17:30:00Z
DOC_F10ADD86859F,L23200GJ1985PLC008013,ANNUAL_RETURN,Form MGT-7 Annual Return FY 2024-25 - ADVANCE PETROCHEMICALS LIMITED,MCA Corporate Filings,2025-09-30,https://www.mca.gov.in/mcafast/companyMasterData.do?cin=L23200GJ1985PLC008013,documents/ADVANCE PETROCHEMICALS LIMITED/MGT-7_Annual_Return_FY25.pdf,719b3f3d46cb957feb6baa6111e48695c559f7d3b766c8115ade2e8c8983240b,2026-08-26T17:30:00Z
DOC_775399A03165,L23200GJ1985PLC008013,DIRECTOR_KMP_CHANGES,Form DIR-12 Director Particulars & KMP - ADVANCE PETROCHEMICALS LIMITED,MCA Corporate Filings,2024-10-12,https://www.mca.gov.in/mcafast/companyMasterData.do?cin=L23200GJ1985PLC008013,documents/ADVANCE PETROCHEMICALS LIMITED/DIR-12_Director_Records.pdf,e19fdb23ca69d4d36f22ab3d79dafc9df4d33bd14c72bcf7cf1d527e326e1c86,2026-08-26T17:30:00Z
DOC_EAD4F96C42D8,L23200GJ1985PLC008013,AUDITOR_APPOINTMENT,Form ADT-1 Auditor Appointment Resolution - ADVANCE PETROCHEMICALS LIMITED,MCA Corporate Filings,2024-09-25,https://www.mca.gov.in/mcafast/companyMasterData.do?cin=L23200GJ1985PLC008013,documents/ADVANCE PETROCHEMICALS LIMITED/ADT-1_Auditor_Appointment.pdf,1d41ec3f879af6e353bf0c945e961d108e1804e3c602c8f1bdea82efaf545f17,2026-08-26T17:30:00Z
DOC_A4AC84F190DF,L23200GJ1985PLC008013,REGISTERED_OFFICE,Form INC-22 Registered Office Proof - ADVANCE PETROCHEMICALS LIMITED,MCA Corporate Filings,2023-04-18,https://www.mca.gov.in/mcafast/companyMasterData.do?cin=L23200GJ1985PLC008013,documents/ADVANCE PETROCHEMICALS LIMITED/INC-22_Registered_Office_Proof.pdf,81174b8386e4d8aae4f9874114b984abef5cd935d5a4236d695a670bd5805652,2026-08-26T17:30:00Z
DOC_4D6724E4DB35,L23200GJ1985PLC008013,RESOLUTIONS_AGREEMENTS,Form MGT-14 Special Resolutions - ADVANCE PETROCHEMICALS LIMITED,MCA Corporate Filings,2024-02-14,https://www.mca.gov.in/mcafast/companyMasterData.do?cin=L23200GJ1985PLC008013,documents/ADVANCE PETROCHEMICALS LIMITED/MGT-14_Special_Resolutions.pdf,0e1620b042643b9d7dab253ff0ff0262f345510e4cf1c41cc4c456dcc923ae1f,2026-08-26T17:30:00Z
DOC_7FB4B2A37AA4,L23200GJ1985PLC008013,GST_TAXPAYER_DATA,GST Public Taxpayer Registration - ADVANCE PETROCHEMICALS LIMITED,GST Council Public Portal,2026-01-15,https://www.mca.gov.in/mcafast/companyMasterData.do?cin=L23200GJ1985PLC008013,documents/ADVANCE PETROCHEMICALS LIMITED/GST_Place_of_Business_Registration.pdf,ab90412c47c79c33d4ca0d551bf1398807d92e346ae753d909cd313fd420be14,2026-08-26T17:30:00Z
DOC_817885D958B0,L23209GJ1982PLC005062,COMPANY_MASTER_DATA,Company Master Data Record - PANAMA PETROCHEM LIMITED,Ministry of Corporate Affairs (MCA),2026-08-26,https://www.mca.gov.in/mcafast/companyMasterData.do?cin=L23209GJ1982PLC005062,documents/PANAMA PETROCHEM LIMITED/Company_Master_Data.pdf,d602166032e61d51cb4a46a8722b35c36561c26e3982c84f724de81a05a899ad,2026-08-26T17:30:00Z
DOC_C95A1CF01041,L23209GJ1982PLC005062,FINANCIAL_STATEMENT,Form AOC-4 Financial Statements FY 2024-25 - PANAMA PETROCHEM LIMITED,MCA Corporate Filings,2025-03-31,https://www.mca.gov.in/mcafast/companyMasterData.do?cin=L23209GJ1982PLC005062,documents/PANAMA PETROCHEM LIMITED/AOC-4_Financial_Statements_FY25.pdf,075f893226d20a3e0386300902b594ee8892b90979d6a09c7f2b3513d4a113f5,2026-08-26T17:30:00Z
DOC_EB92E523E85D,L23209GJ1982PLC005062,ANNUAL_RETURN,Form MGT-7 Annual Return FY 2024-25 - PANAMA PETROCHEM LIMITED,MCA Corporate Filings,2025-09-30,https://www.mca.gov.in/mcafast/companyMasterData.do?cin=L23209GJ1982PLC005062,documents/PANAMA PETROCHEM LIMITED/MGT-7_Annual_Return_FY25.pdf,cd9ce094b36b7e324ac74ddc1bc62ffbaaebe882449b0ee79a8abd82d1c522bd,2026-08-26T17:30:00Z
DOC_F437249A2544,L23209GJ1982PLC005062,DIRECTOR_KMP_CHANGES,Form DIR-12 Director Particulars & KMP - PANAMA PETROCHEM LIMITED,MCA Corporate Filings,2024-10-12,https://www.mca.gov.in/mcafast/companyMasterData.do?cin=L23209GJ1982PLC005062,documents/PANAMA PETROCHEM LIMITED/DIR-12_Director_Records.pdf,cef002f588fefc733047af0edd40ba9654fb35a7f96dfef92cbfd0a990d9a42c,2026-08-26T17:30:00Z
DOC_D2173A3935E6,L23209GJ1982PLC005062,AUDITOR_APPOINTMENT,Form ADT-1 Auditor Appointment Resolution - PANAMA PETROCHEM LIMITED,MCA Corporate Filings,2024-09-25,https://www.mca.gov.in/mcafast/companyMasterData.do?cin=L23209GJ1982PLC005062,documents/PANAMA PETROCHEM LIMITED/ADT-1_Auditor_Appointment.pdf,1f15df5090d8e8e32a3e63b89b4d4ccb1bfc40f302fe5ffd710fda35e4897806,2026-08-26T17:30:00Z
DOC_79FC61ADC3B9,L23209GJ1982PLC005062,REGISTERED_OFFICE,Form INC-22 Registered Office Proof - PANAMA PETROCHEM LIMITED,MCA Corporate Filings,2023-04-18,https://www.mca.gov.in/mcafast/companyMasterData.do?cin=L23209GJ1982PLC005062,documents/PANAMA PETROCHEM LIMITED/INC-22_Registered_Office_Proof.pdf,212a21dbef9dcfd40abe44724baa49aacd05ccf963212ba1b3dd230b09bff317,2026-08-26T17:30:00Z
DOC_E0609CDCC49B,L23209GJ1982PLC005062,RESOLUTIONS_AGREEMENTS,Form MGT-14 Special Resolutions - PANAMA PETROCHEM LIMITED,MCA Corporate Filings,2024-02-14,https://www.mca.gov.in/mcafast/companyMasterData.do?cin=L23209GJ1982PLC005062,documents/PANAMA PETROCHEM LIMITED/MGT-14_Special_Resolutions.pdf,1bb20b4349c580f5763775acc2dc63a2d5be868d262198d51a164c647c04915a,2026-08-26T17:30:00Z
DOC_A8252DCDDE23,L23209GJ1982PLC005062,GST_TAXPAYER_DATA,GST Public Taxpayer Registration - PANAMA PETROCHEM LIMITED,GST Council Public Portal,2026-01-15,https://www.mca.gov.in/mcafast/companyMasterData.do?cin=L23209GJ1982PLC005062,documents/PANAMA PETROCHEM LIMITED/GST_Place_of_Business_Registration.pdf,20508f1ac902b6d9302f4bc1dd5e8c359b195f79ab11617366b405b24b123de1,2026-08-26T17:30:00Z
DOC_4FEE931366DA,L24100GJ1982PLC005302,COMPANY_MASTER_DATA,Company Master Data Record - OSIAN INDUSTRIES LIMITED,Ministry of Corporate Affairs (MCA),2026-08-26,https://www.mca.gov.in/mcafast/companyMasterData.do?cin=L24100GJ1982PLC005302,documents/OSIAN INDUSTRIES LIMITED/Company_Master_Data.pdf,62f68f0871b9736986d60ab5a2d1c001917d78811adeea01b49bd54f35b99769,2026-08-26T17:30:00Z
DOC_4CAB22852947,L24100GJ1982PLC005302,FINANCIAL_STATEMENT,Form AOC-4 Financial Statements FY 2024-25 - OSIAN INDUSTRIES LIMITED,MCA Corporate Filings,2025-03-31,https://www.mca.gov.in/mcafast/companyMasterData.do?cin=L24100GJ1982PLC005302,documents/OSIAN INDUSTRIES LIMITED/AOC-4_Financial_Statements_FY25.pdf,f446df218f53fe13e88cf89945ee53fb3facd21eb6a0ba83dd12b42747dd742d,2026-08-26T17:30:00Z
DOC_262188F0A3C1,L24100GJ1982PLC005302,ANNUAL_RETURN,Form MGT-7 Annual Return FY 2024-25 - OSIAN INDUSTRIES LIMITED,MCA Corporate Filings,2025-09-30,https://www.mca.gov.in/mcafast/companyMasterData.do?cin=L24100GJ1982PLC005302,documents/OSIAN INDUSTRIES LIMITED/MGT-7_Annual_Return_FY25.pdf,5e6d0e28a65ac240b8574cfef1c0f63d65c077cc202a660fc784141a2e50493e,2026-08-26T17:30:00Z
DOC_6902D81DD0E3,L24100GJ1982PLC005302,DIRECTOR_KMP_CHANGES,Form DIR-12 Director Particulars & KMP - OSIAN INDUSTRIES LIMITED,MCA Corporate Filings,2024-10-12,https://www.mca.gov.in/mcafast/companyMasterData.do?cin=L24100GJ1982PLC005302,documents/OSIAN INDUSTRIES LIMITED/DIR-12_Director_Records.pdf,76ab9ba7419786c4c763d54da60ffd4ff04624d2b2b03e9f8e03d5a414862ff7,2026-08-26T17:30:00Z
DOC_1913C1BB62B9,L24100GJ1982PLC005302,AUDITOR_APPOINTMENT,Form ADT-1 Auditor Appointment Resolution - OSIAN INDUSTRIES LIMITED,MCA Corporate Filings,2024-09-25,https://www.mca.gov.in/mcafast/companyMasterData.do?cin=L24100GJ1982PLC005302,documents/OSIAN INDUSTRIES LIMITED/ADT-1_Auditor_Appointment.pdf,e0b2a89c6c1f27d628020f87b9b7d4b71bb6b21ba96b0d2aa6f15f3a5c819fc1,2026-08-26T17:30:00Z
DOC_E3FFF866764F,L24100GJ1982PLC005302,REGISTERED_OFFICE,Form INC-22 Registered Office Proof - OSIAN INDUSTRIES LIMITED,MCA Corporate Filings,2023-04-18,https://www.mca.gov.in/mcafast/companyMasterData.do?cin=L24100GJ1982PLC005302,documents/OSIAN INDUSTRIES LIMITED/INC-22_Registered_Office_Proof.pdf,d9314b0ec5063175ac5026c0e0399963a30dfb7008bdfb8c4bb410ed721991ad,2026-08-26T17:30:00Z
DOC_FB1FEE35EE96,L24100GJ1982PLC005302,RESOLUTIONS_AGREEMENTS,Form MGT-14 Special Resolutions - OSIAN INDUSTRIES LIMITED,MCA Corporate Filings,2024-02-14,https://www.mca.gov.in/mcafast/companyMasterData.do?cin=L24100GJ1982PLC005302,documents/OSIAN INDUSTRIES LIMITED/MGT-14_Special_Resolutions.pdf,da5ff5fe4be2a1fc4ff1ca6ebef5634ef1f804b8f2e842062d9ac446c14fe74b,2026-08-26T17:30:00Z
DOC_31623BA2BF1C,L24100GJ1982PLC005302,GST_TAXPAYER_DATA,GST Public Taxpayer Registration - OSIAN INDUSTRIES LIMITED,GST Council Public Portal,2026-01-15,https://www.mca.gov.in/mcafast/companyMasterData.do?cin=L24100GJ1982PLC005302,documents/OSIAN INDUSTRIES LIMITED/GST_Place_of_Business_Registration.pdf,76b532d1d579571d8693cfa8bbcaaa330fd07d21dab1daacaef22db4bba8d61a,2026-08-26T17:30:00Z
DOC_A92DB18FAAB7,L24100GJ1983PLC006513,COMPANY_MASTER_DATA,Company Master Data Record - GHCL LIMITED,Ministry of Corporate Affairs (MCA),2026-08-26,https://www.mca.gov.in/mcafast/companyMasterData.do?cin=L24100GJ1983PLC006513,documents/GHCL LIMITED/Company_Master_Data.pdf,eb78b0f2510e0d85c7a542e46603dec0cf0e4bbe621ec3d3d5b317ee5c693fd6,2026-08-26T17:30:00Z
DOC_1636382FAC39,L24100GJ1983PLC006513,FINANCIAL_STATEMENT,Form AOC-4 Financial Statements FY 2024-25 - GHCL LIMITED,MCA Corporate Filings,2025-03-31,https://www.mca.gov.in/mcafast/companyMasterData.do?cin=L24100GJ1983PLC006513,documents/GHCL LIMITED/AOC-4_Financial_Statements_FY25.pdf,2d711a0810e8f84bf22cec451acfd9e64c5b131653ada400dccd8b4a326f22ff,2026-08-26T17:30:00Z
DOC_03353705CD2E,L24100GJ1983PLC006513,ANNUAL_RETURN,Form MGT-7 Annual Return FY 2024-25 - GHCL LIMITED,MCA Corporate Filings,2025-09-30,https://www.mca.gov.in/mcafast/companyMasterData.do?cin=L24100GJ1983PLC006513,documents/GHCL LIMITED/MGT-7_Annual_Return_FY25.pdf,362db8e3aea2e875fe7dcca5f321ba877cf71387a64ca383a16ed58641fab0be,2026-08-26T17:30:00Z
DOC_782B49C33E63,L24100GJ1983PLC006513,DIRECTOR_KMP_CHANGES,Form DIR-12 Director Particulars & KMP - GHCL LIMITED,MCA Corporate Filings,2024-10-12,https://www.mca.gov.in/mcafast/companyMasterData.do?cin=L24100GJ1983PLC006513,documents/GHCL LIMITED/DIR-12_Director_Records.pdf,70a3e2d4addd806f122dc2e802acf6b9e78a039fd675500865b1f13f1a6383bd,2026-08-26T17:30:00Z
DOC_0C92E8800E32,L24100GJ1983PLC006513,AUDITOR_APPOINTMENT,Form ADT-1 Auditor Appointment Resolution - GHCL LIMITED,MCA Corporate Filings,2024-09-25,https://www.mca.gov.in/mcafast/companyMasterData.do?cin=L24100GJ1983PLC006513,documents/GHCL LIMITED/ADT-1_Auditor_Appointment.pdf,fa9299015c194df1ebd142ced607999244b2aa54efc10e80a564624a2f9000a7,2026-08-26T17:30:00Z
DOC_09ECA8BC3C71,L24100GJ1983PLC006513,REGISTERED_OFFICE,Form INC-22 Registered Office Proof - GHCL LIMITED,MCA Corporate Filings,2023-04-18,https://www.mca.gov.in/mcafast/companyMasterData.do?cin=L24100GJ1983PLC006513,documents/GHCL LIMITED/INC-22_Registered_Office_Proof.pdf,023a75a8bd7533721fb5874d39a069c1bc3da0b47f40dcd3140b5a6448dca39c,2026-08-26T17:30:00Z
DOC_EA9164994822,L24100GJ1983PLC006513,RESOLUTIONS_AGREEMENTS,Form MGT-14 Special Resolutions - GHCL LIMITED,MCA Corporate Filings,2024-02-14,https://www.mca.gov.in/mcafast/companyMasterData.do?cin=L24100GJ1983PLC006513,documents/GHCL LIMITED/MGT-14_Special_Resolutions.pdf,4792e5c300a417122205dde5d78c36d367214d8d2c2a9bb6e76d86341aafff32,2026-08-26T17:30:00Z
DOC_312AA6CBC0C0,L24100GJ1983PLC006513,GST_TAXPAYER_DATA,GST Public Taxpayer Registration - GHCL LIMITED,GST Council Public Portal,2026-01-15,https://www.mca.gov.in/mcafast/companyMasterData.do?cin=L24100GJ1983PLC006513,documents/GHCL LIMITED/GST_Place_of_Business_Registration.pdf,b3eedc239d58d26fe96a27962de37cb0522514082fb69817bc28169ea7a42144,2026-08-26T17:30:00Z
DOC_9F3D7923568E,L24100GJ1984PLC111413,COMPANY_MASTER_DATA,Company Master Data Record - MEDICO INTERCONTINENTAL LIMITED,Ministry of Corporate Affairs (MCA),2026-08-26,https://www.mca.gov.in/mcafast/companyMasterData.do?cin=L24100GJ1984PLC111413,documents/MEDICO INTERCONTINENTAL LIMITED/Company_Master_Data.pdf,4075ae7e4679b9ccebec6a5f31ad5fcf444d446c750f9dfc98f3d86af66199f3,2026-08-26T17:30:00Z
DOC_1083EE14539A,L24100GJ1984PLC111413,FINANCIAL_STATEMENT,Form AOC-4 Financial Statements FY 2024-25 - MEDICO INTERCONTINENTAL LIMITED,MCA Corporate Filings,2025-03-31,https://www.mca.gov.in/mcafast/companyMasterData.do?cin=L24100GJ1984PLC111413,documents/MEDICO INTERCONTINENTAL LIMITED/AOC-4_Financial_Statements_FY25.pdf,37f721990357ac5d88c2c566d82566235fad5dfc9ff103e5a818212c087415d4,2026-08-26T17:30:00Z
DOC_239071DD583E,L24100GJ1984PLC111413,ANNUAL_RETURN,Form MGT-7 Annual Return FY 2024-25 - MEDICO INTERCONTINENTAL LIMITED,MCA Corporate Filings,2025-09-30,https://www.mca.gov.in/mcafast/companyMasterData.do?cin=L24100GJ1984PLC111413,documents/MEDICO INTERCONTINENTAL LIMITED/MGT-7_Annual_Return_FY25.pdf,e09d81e4dd91439ad42cf1b031f1686d70011b5bc1d9d90ffb29bd2568ca22b9,2026-08-26T17:30:00Z
DOC_C3B6A98A932A,L24100GJ1984PLC111413,DIRECTOR_KMP_CHANGES,Form DIR-12 Director Particulars & KMP - MEDICO INTERCONTINENTAL LIMITED,MCA Corporate Filings,2024-10-12,https://www.mca.gov.in/mcafast/companyMasterData.do?cin=L24100GJ1984PLC111413,documents/MEDICO INTERCONTINENTAL LIMITED/DIR-12_Director_Records.pdf,b047bc8210c1db23c7343d5671d01a5e1ae1fcaefe608d6ff4dfb0967dfdd266,2026-08-26T17:30:00Z
DOC_FBEABD32AB50,L24100GJ1984PLC111413,AUDITOR_APPOINTMENT,Form ADT-1 Auditor Appointment Resolution - MEDICO INTERCONTINENTAL LIMITED,MCA Corporate Filings,2024-09-25,https://www.mca.gov.in/mcafast/companyMasterData.do?cin=L24100GJ1984PLC111413,documents/MEDICO INTERCONTINENTAL LIMITED/ADT-1_Auditor_Appointment.pdf,b2dbd3459ed65ab247b32a5f91ec77f9e1dcc12d8d4f0a731d045fe3430653df,2026-08-26T17:30:00Z
DOC_2DAE15CDE3AC,L24100GJ1984PLC111413,REGISTERED_OFFICE,Form INC-22 Registered Office Proof - MEDICO INTERCONTINENTAL LIMITED,MCA Corporate Filings,2023-04-18,https://www.mca.gov.in/mcafast/companyMasterData.do?cin=L24100GJ1984PLC111413,documents/MEDICO INTERCONTINENTAL LIMITED/INC-22_Registered_Office_Proof.pdf,b9c4a9da3bbc0cbab4f0e2e78fb42e685c43a79f06458dcca03d22edb93a5f04,2026-08-26T17:30:00Z
DOC_E5F227CDCBD9,L24100GJ1984PLC111413,RESOLUTIONS_AGREEMENTS,Form MGT-14 Special Resolutions - MEDICO INTERCONTINENTAL LIMITED,MCA Corporate Filings,2024-02-14,https://www.mca.gov.in/mcafast/companyMasterData.do?cin=L24100GJ1984PLC111413,documents/MEDICO INTERCONTINENTAL LIMITED/MGT-14_Special_Resolutions.pdf,dbd56e9c927675cde4d06d3e74c0c56ddc0d36735640c8d4286a8e12657fc8f7,2026-08-26T17:30:00Z
DOC_5E975E2A7DE8,L24100GJ1984PLC111413,GST_TAXPAYER_DATA,GST Public Taxpayer Registration - MEDICO INTERCONTINENTAL LIMITED,GST Council Public Portal,2026-01-15,https://www.mca.gov.in/mcafast/companyMasterData.do?cin=L24100GJ1984PLC111413,documents/MEDICO INTERCONTINENTAL LIMITED/GST_Place_of_Business_Registration.pdf,95a213c63d38703cef940b4b8f987787c666a1ea73b204078a5cb4b6311904cf,2026-08-26T17:30:00Z
DOC_0183F1B65F04,L24100GJ1985PLC007753,COMPANY_MASTER_DATA,Company Master Data Record - GUJARAT TERCE LABORATORIES LIMITED,Ministry of Corporate Affairs (MCA),2026-08-26,https://www.mca.gov.in/mcafast/companyMasterData.do?cin=L24100GJ1985PLC007753,documents/GUJARAT TERCE LABORATORIES LIMITED/Company_Master_Data.pdf,b26b4825e8f6b5d462a4210efd078b371bf85d858293495418e37f7516ac04bb,2026-08-26T17:30:00Z
DOC_58A021317909,L24100GJ1985PLC007753,FINANCIAL_STATEMENT,Form AOC-4 Financial Statements FY 2024-25 - GUJARAT TERCE LABORATORIES LIMITED,MCA Corporate Filings,2025-03-31,https://www.mca.gov.in/mcafast/companyMasterData.do?cin=L24100GJ1985PLC007753,documents/GUJARAT TERCE LABORATORIES LIMITED/AOC-4_Financial_Statements_FY25.pdf,d97c45bb3caa80bbe9e25b069f3aee0be9bd6eaafa6d38be675f12b2ad66b6aa,2026-08-26T17:30:00Z
DOC_0189A98E35DA,L24100GJ1985PLC007753,ANNUAL_RETURN,Form MGT-7 Annual Return FY 2024-25 - GUJARAT TERCE LABORATORIES LIMITED,MCA Corporate Filings,2025-09-30,https://www.mca.gov.in/mcafast/companyMasterData.do?cin=L24100GJ1985PLC007753,documents/GUJARAT TERCE LABORATORIES LIMITED/MGT-7_Annual_Return_FY25.pdf,b6190b87fa20cdcb0b27af9286393b7873c98190d738c948c19ea42c482217d4,2026-08-26T17:30:00Z
DOC_D095C02EFC18,L24100GJ1985PLC007753,DIRECTOR_KMP_CHANGES,Form DIR-12 Director Particulars & KMP - GUJARAT TERCE LABORATORIES LIMITED,MCA Corporate Filings,2024-10-12,https://www.mca.gov.in/mcafast/companyMasterData.do?cin=L24100GJ1985PLC007753,documents/GUJARAT TERCE LABORATORIES LIMITED/DIR-12_Director_Records.pdf,61045745a99480bd0f5aa99ba28c2a7c7049be288615ef8b559e1ba820ee37cc,2026-08-26T17:30:00Z
DOC_4C0393098D72,L24100GJ1985PLC007753,AUDITOR_APPOINTMENT,Form ADT-1 Auditor Appointment Resolution - GUJARAT TERCE LABORATORIES LIMITED,MCA Corporate Filings,2024-09-25,https://www.mca.gov.in/mcafast/companyMasterData.do?cin=L24100GJ1985PLC007753,documents/GUJARAT TERCE LABORATORIES LIMITED/ADT-1_Auditor_Appointment.pdf,b2838822666e4cd52b4fd3962f3ec27b4583be5277cc869ce1eea853ee6db6f5,2026-08-26T17:30:00Z
DOC_FED6340DBEE8,L24100GJ1985PLC007753,REGISTERED_OFFICE,Form INC-22 Registered Office Proof - GUJARAT TERCE LABORATORIES LIMITED,MCA Corporate Filings,2023-04-18,https://www.mca.gov.in/mcafast/companyMasterData.do?cin=L24100GJ1985PLC007753,documents/GUJARAT TERCE LABORATORIES LIMITED/INC-22_Registered_Office_Proof.pdf,efa320852015cda7a2e8a77c2a65112c53789878cde52263b38fe7c2e5547a7d,2026-08-26T17:30:00Z
DOC_9D223720DEF1,L24100GJ1985PLC007753,RESOLUTIONS_AGREEMENTS,Form MGT-14 Special Resolutions - GUJARAT TERCE LABORATORIES LIMITED,MCA Corporate Filings,2024-02-14,https://www.mca.gov.in/mcafast/companyMasterData.do?cin=L24100GJ1985PLC007753,documents/GUJARAT TERCE LABORATORIES LIMITED/MGT-14_Special_Resolutions.pdf,2e5ab8337e195ef1a0211a8e43fc0c706cda1993d2bab7e15d24b0ebc53058c6,2026-08-26T17:30:00Z
DOC_FF832EEE7C15,L24100GJ1985PLC007753,GST_TAXPAYER_DATA,GST Public Taxpayer Registration - GUJARAT TERCE LABORATORIES LIMITED,GST Council Public Portal,2026-01-15,https://www.mca.gov.in/mcafast/companyMasterData.do?cin=L24100GJ1985PLC007753,documents/GUJARAT TERCE LABORATORIES LIMITED/GST_Place_of_Business_Registration.pdf,39ba71597e980888709fafd2adcb6b4eef0e7618d141f9407db9e170de3b0a70,2026-08-26T17:30:00Z
DOC_DF2523DE19E5,L24110GJ1982PLC005057,COMPANY_MASTER_DATA,Company Master Data Record - VIVANZA BIOSCIENCES LIMITED,Ministry of Corporate Affairs (MCA),2026-08-26,https://www.mca.gov.in/mcafast/companyMasterData.do?cin=L24110GJ1982PLC005057,documents/VIVANZA BIOSCIENCES LIMITED/Company_Master_Data.pdf,76be5570a3711ed7fdcb2923b901f06558b303c970106a9c4025a3edd0b33c6d,2026-08-26T17:30:00Z
DOC_04006C332956,L24110GJ1982PLC005057,FINANCIAL_STATEMENT,Form AOC-4 Financial Statements FY 2024-25 - VIVANZA BIOSCIENCES LIMITED,MCA Corporate Filings,2025-03-31,https://www.mca.gov.in/mcafast/companyMasterData.do?cin=L24110GJ1982PLC005057,documents/VIVANZA BIOSCIENCES LIMITED/AOC-4_Financial_Statements_FY25.pdf,4f6cbe71e5358ae370021979d6ed1076d8be926105a0388815fe26dd3987c24d,2026-08-26T17:30:00Z
DOC_F7073D5E4077,L24110GJ1982PLC005057,ANNUAL_RETURN,Form MGT-7 Annual Return FY 2024-25 - VIVANZA BIOSCIENCES LIMITED,MCA Corporate Filings,2025-09-30,https://www.mca.gov.in/mcafast/companyMasterData.do?cin=L24110GJ1982PLC005057,documents/VIVANZA BIOSCIENCES LIMITED/MGT-7_Annual_Return_FY25.pdf,77e21e00a0c5c257515f7da98ceb329a46b65a2cd3ec6940182c9b9b7a432427,2026-08-26T17:30:00Z
DOC_5465961D64CB,L24110GJ1982PLC005057,DIRECTOR_KMP_CHANGES,Form DIR-12 Director Particulars & KMP - VIVANZA BIOSCIENCES LIMITED,MCA Corporate Filings,2024-10-12,https://www.mca.gov.in/mcafast/companyMasterData.do?cin=L24110GJ1982PLC005057,documents/VIVANZA BIOSCIENCES LIMITED/DIR-12_Director_Records.pdf,f9061bfe50a18cd5109c941819b2d8fa6a427856c8cfd33abb75b58b78acfb0e,2026-08-26T17:30:00Z
DOC_A2125E2D51D5,L24110GJ1982PLC005057,AUDITOR_APPOINTMENT,Form ADT-1 Auditor Appointment Resolution - VIVANZA BIOSCIENCES LIMITED,MCA Corporate Filings,2024-09-25,https://www.mca.gov.in/mcafast/companyMasterData.do?cin=L24110GJ1982PLC005057,documents/VIVANZA BIOSCIENCES LIMITED/ADT-1_Auditor_Appointment.pdf,286053dc3b56ddafd2c7b0b14f156bd5ff1a5c088bfeffd8b5a446e15bed21f1,2026-08-26T17:30:00Z
DOC_41767A64FB42,L24110GJ1982PLC005057,REGISTERED_OFFICE,Form INC-22 Registered Office Proof - VIVANZA BIOSCIENCES LIMITED,MCA Corporate Filings,2023-04-18,https://www.mca.gov.in/mcafast/companyMasterData.do?cin=L24110GJ1982PLC005057,documents/VIVANZA BIOSCIENCES LIMITED/INC-22_Registered_Office_Proof.pdf,ea37dd999f66e75c4a6c88326582182fe7d141e93fcb2fe5f922dd3e7e4d0e78,2026-08-26T17:30:00Z
DOC_2466D5E4BF16,L24110GJ1982PLC005057,RESOLUTIONS_AGREEMENTS,Form MGT-14 Special Resolutions - VIVANZA BIOSCIENCES LIMITED,MCA Corporate Filings,2024-02-14,https://www.mca.gov.in/mcafast/companyMasterData.do?cin=L24110GJ1982PLC005057,documents/VIVANZA BIOSCIENCES LIMITED/MGT-14_Special_Resolutions.pdf,9629a3b19dfe1a5f5f9c50d84eb6bfd3b7351519caebaf4df0d706cdc8ba7776,2026-08-26T17:30:00Z
DOC_75081B67855D,L24110GJ1982PLC005057,GST_TAXPAYER_DATA,GST Public Taxpayer Registration - VIVANZA BIOSCIENCES LIMITED,GST Council Public Portal,2026-01-15,https://www.mca.gov.in/mcafast/companyMasterData.do?cin=L24110GJ1982PLC005057,documents/VIVANZA BIOSCIENCES LIMITED/GST_Place_of_Business_Registration.pdf,e62ed809d67ef7c8b3c8a2e26b47ab96183b0bac1406e72eef5d95be411cf51e,2026-08-26T17:30:00Z
DOC_94377850280D,L24110GJ1984PLC007301,COMPANY_MASTER_DATA,Company Master Data Record - AARTI INDUSTRIES LTD,Ministry of Corporate Affairs (MCA),2026-08-26,https://www.mca.gov.in/mcafast/companyMasterData.do?cin=L24110GJ1984PLC007301,documents/AARTI INDUSTRIES LTD/Company_Master_Data.pdf,c2451da1d70eac08dca3dfbdbc269759ece28c98fb94891fd0264afb0f01254d,2026-08-26T17:30:00Z
DOC_CF5736EB3390,L24110GJ1984PLC007301,FINANCIAL_STATEMENT,Form AOC-4 Financial Statements FY 2024-25 - AARTI INDUSTRIES LTD,MCA Corporate Filings,2025-03-31,https://www.mca.gov.in/mcafast/companyMasterData.do?cin=L24110GJ1984PLC007301,documents/AARTI INDUSTRIES LTD/AOC-4_Financial_Statements_FY25.pdf,8632d8552d23bf5711d126425b88b59c6aefde0f2359fe58c1682cbfe7425364,2026-08-26T17:30:00Z
DOC_FD98B248FA36,L24110GJ1984PLC007301,ANNUAL_RETURN,Form MGT-7 Annual Return FY 2024-25 - AARTI INDUSTRIES LTD,MCA Corporate Filings,2025-09-30,https://www.mca.gov.in/mcafast/companyMasterData.do?cin=L24110GJ1984PLC007301,documents/AARTI INDUSTRIES LTD/MGT-7_Annual_Return_FY25.pdf,103f69cdd0e9d496c9dab117462f37730a379cec8f03b96b6322bb0636f59f14,2026-08-26T17:30:00Z
DOC_24E3AF67119B,L24110GJ1984PLC007301,DIRECTOR_KMP_CHANGES,Form DIR-12 Director Particulars & KMP - AARTI INDUSTRIES LTD,MCA Corporate Filings,2024-10-12,https://www.mca.gov.in/mcafast/companyMasterData.do?cin=L24110GJ1984PLC007301,documents/AARTI INDUSTRIES LTD/DIR-12_Director_Records.pdf,62a04eec64eac8d53b2dd8bd1bbba9ddee9c817a45198e4aa979e072604c0588,2026-08-26T17:30:00Z
DOC_9035846D960F,L24110GJ1984PLC007301,AUDITOR_APPOINTMENT,Form ADT-1 Auditor Appointment Resolution - AARTI INDUSTRIES LTD,MCA Corporate Filings,2024-09-25,https://www.mca.gov.in/mcafast/companyMasterData.do?cin=L24110GJ1984PLC007301,documents/AARTI INDUSTRIES LTD/ADT-1_Auditor_Appointment.pdf,4fe54b2826114dbca5949915800deac9800b6cd25a998b41053d1b41243c3124,2026-08-26T17:30:00Z
DOC_8ADD682B09AA,L24110GJ1984PLC007301,REGISTERED_OFFICE,Form INC-22 Registered Office Proof - AARTI INDUSTRIES LTD,MCA Corporate Filings,2023-04-18,https://www.mca.gov.in/mcafast/companyMasterData.do?cin=L24110GJ1984PLC007301,documents/AARTI INDUSTRIES LTD/INC-22_Registered_Office_Proof.pdf,da70e5fd2d9485658b66b7e700adfa34ecce8159be61be700045b13812234aa5,2026-08-26T17:30:00Z
DOC_06227C875AA5,L24110GJ1984PLC007301,RESOLUTIONS_AGREEMENTS,Form MGT-14 Special Resolutions - AARTI INDUSTRIES LTD,MCA Corporate Filings,2024-02-14,https://www.mca.gov.in/mcafast/companyMasterData.do?cin=L24110GJ1984PLC007301,documents/AARTI INDUSTRIES LTD/MGT-14_Special_Resolutions.pdf,aeda3c502baaab9d0f9e9ad2029a4f303fe8eaaf18b5353afa8ddffc80e2cee8,2026-08-26T17:30:00Z
DOC_ACC5437E4111,L24110GJ1984PLC007301,GST_TAXPAYER_DATA,GST Public Taxpayer Registration - AARTI INDUSTRIES LTD,GST Council Public Portal,2026-01-15,https://www.mca.gov.in/mcafast/companyMasterData.do?cin=L24110GJ1984PLC007301,documents/AARTI INDUSTRIES LTD/GST_Place_of_Business_Registration.pdf,6a65c8c396a3dbd9cf43fe8fef44bed42b3ba1c03f2885664997df30a14edcde,2026-08-26T17:30:00Z
DOC_9EC443D4EA93,L24110GJ1985PLC008225,COMPANY_MASTER_DATA,Company Master Data Record - SKYLEAD CHEMICALS LTD,Ministry of Corporate Affairs (MCA),2026-08-26,https://www.mca.gov.in/mcafast/companyMasterData.do?cin=L24110GJ1985PLC008225,documents/SKYLEAD CHEMICALS LTD/Company_Master_Data.pdf,511a80836c8f6d14372498490e2779792a134cecf318a6b1485f3c9c10fa8e11,2026-08-26T17:30:00Z
DOC_20A30C713549,L24110GJ1985PLC008225,FINANCIAL_STATEMENT,Form AOC-4 Financial Statements FY 2024-25 - SKYLEAD CHEMICALS LTD,MCA Corporate Filings,2025-03-31,https://www.mca.gov.in/mcafast/companyMasterData.do?cin=L24110GJ1985PLC008225,documents/SKYLEAD CHEMICALS LTD/AOC-4_Financial_Statements_FY25.pdf,d400558957d1ccc15cccb9804d659cdcdf4f5ae8f42be340819d83e4a2bc150f,2026-08-26T17:30:00Z
DOC_B20B67FAD29C,L24110GJ1985PLC008225,ANNUAL_RETURN,Form MGT-7 Annual Return FY 2024-25 - SKYLEAD CHEMICALS LTD,MCA Corporate Filings,2025-09-30,https://www.mca.gov.in/mcafast/companyMasterData.do?cin=L24110GJ1985PLC008225,documents/SKYLEAD CHEMICALS LTD/MGT-7_Annual_Return_FY25.pdf,3c718f1814973858fe7c99b5a433b395312076ded8191a0a8d7940d04fe9ebf3,2026-08-26T17:30:00Z
DOC_38CEB2A0E2D6,L24110GJ1985PLC008225,DIRECTOR_KMP_CHANGES,Form DIR-12 Director Particulars & KMP - SKYLEAD CHEMICALS LTD,MCA Corporate Filings,2024-10-12,https://www.mca.gov.in/mcafast/companyMasterData.do?cin=L24110GJ1985PLC008225,documents/SKYLEAD CHEMICALS LTD/DIR-12_Director_Records.pdf,361c71353ec10219ff54393e4511913803cb085bf3d66b4e3204930a7ad205d7,2026-08-26T17:30:00Z
DOC_19395D51EBF4,L24110GJ1985PLC008225,AUDITOR_APPOINTMENT,Form ADT-1 Auditor Appointment Resolution - SKYLEAD CHEMICALS LTD,MCA Corporate Filings,2024-09-25,https://www.mca.gov.in/mcafast/companyMasterData.do?cin=L24110GJ1985PLC008225,documents/SKYLEAD CHEMICALS LTD/ADT-1_Auditor_Appointment.pdf,a20ab0f51948110be50212d9803716d10ab9059e82ac61934a46221c0f0cb53a,2026-08-26T17:30:00Z
DOC_B09F427F40BB,L24110GJ1985PLC008225,REGISTERED_OFFICE,Form INC-22 Registered Office Proof - SKYLEAD CHEMICALS LTD,MCA Corporate Filings,2023-04-18,https://www.mca.gov.in/mcafast/companyMasterData.do?cin=L24110GJ1985PLC008225,documents/SKYLEAD CHEMICALS LTD/INC-22_Registered_Office_Proof.pdf,f74e5543f76ec36605a3ac38cb79b6f7658f1d32a603a9098e699a62f5b682c2,2026-08-26T17:30:00Z
DOC_F731FAF91028,L24110GJ1985PLC008225,RESOLUTIONS_AGREEMENTS,Form MGT-14 Special Resolutions - SKYLEAD CHEMICALS LTD,MCA Corporate Filings,2024-02-14,https://www.mca.gov.in/mcafast/companyMasterData.do?cin=L24110GJ1985PLC008225,documents/SKYLEAD CHEMICALS LTD/MGT-14_Special_Resolutions.pdf,de7d1103ba872dc067ba11f039c7f4f5ff9a6322b622b162cba1d1ca56bb31a9,2026-08-26T17:30:00Z
DOC_3EFFB3CFD2D8,L24110GJ1985PLC008225,GST_TAXPAYER_DATA,GST Public Taxpayer Registration - SKYLEAD CHEMICALS LTD,GST Council Public Portal,2026-01-15,https://www.mca.gov.in/mcafast/companyMasterData.do?cin=L24110GJ1985PLC008225,documents/SKYLEAD CHEMICALS LTD/GST_Place_of_Business_Registration.pdf,3821e2824da24894ee8f27102b79efbe913204682c184efc617648db24107442,2026-08-26T17:30:00Z
DOC_3A4A6E108DD2,L24110GJ1986PLC008634,COMPANY_MASTER_DATA,Company Master Data Record - CHEMIESYNTH (VAPI) LIMITED,Ministry of Corporate Affairs (MCA),2026-08-26,https://www.mca.gov.in/mcafast/companyMasterData.do?cin=L24110GJ1986PLC008634,documents/CHEMIESYNTH (VAPI) LIMITED/Company_Master_Data.pdf,432a0f3dcd2f0c4dc30f5a18cd33428e715a7904b5cbee61bede260257595555,2026-08-26T17:30:00Z
DOC_8D0BFFA8FC5F,L24110GJ1986PLC008634,FINANCIAL_STATEMENT,Form AOC-4 Financial Statements FY 2024-25 - CHEMIESYNTH (VAPI) LIMITED,MCA Corporate Filings,2025-03-31,https://www.mca.gov.in/mcafast/companyMasterData.do?cin=L24110GJ1986PLC008634,documents/CHEMIESYNTH (VAPI) LIMITED/AOC-4_Financial_Statements_FY25.pdf,b61a8954897d1ac84a1f96b2915cd8987086cd055dae6af9693f1acefb0ce958,2026-08-26T17:30:00Z
DOC_14636BBCFAA0,L24110GJ1986PLC008634,ANNUAL_RETURN,Form MGT-7 Annual Return FY 2024-25 - CHEMIESYNTH (VAPI) LIMITED,MCA Corporate Filings,2025-09-30,https://www.mca.gov.in/mcafast/companyMasterData.do?cin=L24110GJ1986PLC008634,documents/CHEMIESYNTH (VAPI) LIMITED/MGT-7_Annual_Return_FY25.pdf,5d811c73193ccb69d01d72d72de10f16b93a35155c9e2dae5baea3b91eb854af,2026-08-26T17:30:00Z
DOC_18C7B987D180,L24110GJ1986PLC008634,DIRECTOR_KMP_CHANGES,Form DIR-12 Director Particulars & KMP - CHEMIESYNTH (VAPI) LIMITED,MCA Corporate Filings,2024-10-12,https://www.mca.gov.in/mcafast/companyMasterData.do?cin=L24110GJ1986PLC008634,documents/CHEMIESYNTH (VAPI) LIMITED/DIR-12_Director_Records.pdf,42a227160ccdb9fbb4498386e807704dfe51d6d24ea2d35cf3c0e5ad33012ea5,2026-08-26T17:30:00Z
DOC_F3B2758E6D7A,L24110GJ1986PLC008634,AUDITOR_APPOINTMENT,Form ADT-1 Auditor Appointment Resolution - CHEMIESYNTH (VAPI) LIMITED,MCA Corporate Filings,2024-09-25,https://www.mca.gov.in/mcafast/companyMasterData.do?cin=L24110GJ1986PLC008634,documents/CHEMIESYNTH (VAPI) LIMITED/ADT-1_Auditor_Appointment.pdf,e983bdb41b7409d4112a38b5522358860b8ef75e27658b05f00520d023c75fa9,2026-08-26T17:30:00Z
DOC_078DD05B9D91,L24110GJ1986PLC008634,REGISTERED_OFFICE,Form INC-22 Registered Office Proof - CHEMIESYNTH (VAPI) LIMITED,MCA Corporate Filings,2023-04-18,https://www.mca.gov.in/mcafast/companyMasterData.do?cin=L24110GJ1986PLC008634,documents/CHEMIESYNTH (VAPI) LIMITED/INC-22_Registered_Office_Proof.pdf,4f9046d07014e1ac66b3689a25a38710ede973c35ffcccdcc811bffa532571dd,2026-08-26T17:30:00Z
DOC_9C5715664F21,L24110GJ1986PLC008634,RESOLUTIONS_AGREEMENTS,Form MGT-14 Special Resolutions - CHEMIESYNTH (VAPI) LIMITED,MCA Corporate Filings,2024-02-14,https://www.mca.gov.in/mcafast/companyMasterData.do?cin=L24110GJ1986PLC008634,documents/CHEMIESYNTH (VAPI) LIMITED/MGT-14_Special_Resolutions.pdf,63d4cde6dac5624756f479acaa52081360f60aa8ea67a3a63b4ee8ba0337ec6f,2026-08-26T17:30:00Z
DOC_07965FD45524,L24110GJ1986PLC008634,GST_TAXPAYER_DATA,GST Public Taxpayer Registration - CHEMIESYNTH (VAPI) LIMITED,GST Council Public Portal,2026-01-15,https://www.mca.gov.in/mcafast/companyMasterData.do?cin=L24110GJ1986PLC008634,documents/CHEMIESYNTH (VAPI) LIMITED/GST_Place_of_Business_Registration.pdf,fbe74f48c0015b483cf819c848a670b1a49d5e154d89e89f7ddcf93115e8ce5d,2026-08-26T17:30:00Z
DOC_C5CC239081FF,L24110GJ1986PLC008924,COMPANY_MASTER_DATA,Company Master Data Record - YOGI HEALTHCARE LIMITED,Ministry of Corporate Affairs (MCA),2026-08-26,https://www.mca.gov.in/mcafast/companyMasterData.do?cin=L24110GJ1986PLC008924,documents/YOGI HEALTHCARE LIMITED/Company_Master_Data.pdf,f5dbcc897549993fcd27c9c5ec614de7a1d10304314fddbf0cd14166cdbca729,2026-08-26T17:30:00Z
DOC_86FC2AE8F486,L24110GJ1986PLC008924,FINANCIAL_STATEMENT,Form AOC-4 Financial Statements FY 2024-25 - YOGI HEALTHCARE LIMITED,MCA Corporate Filings,2025-03-31,https://www.mca.gov.in/mcafast/companyMasterData.do?cin=L24110GJ1986PLC008924,documents/YOGI HEALTHCARE LIMITED/AOC-4_Financial_Statements_FY25.pdf,8606e85205c9329fa36371661a0e539385b8784c1faf010d00f596c0fd51f862,2026-08-26T17:30:00Z
DOC_1B1B3165DBC9,L24110GJ1986PLC008924,ANNUAL_RETURN,Form MGT-7 Annual Return FY 2024-25 - YOGI HEALTHCARE LIMITED,MCA Corporate Filings,2025-09-30,https://www.mca.gov.in/mcafast/companyMasterData.do?cin=L24110GJ1986PLC008924,documents/YOGI HEALTHCARE LIMITED/MGT-7_Annual_Return_FY25.pdf,608f6ed5e31b82fabd695606c360fa4570b81957bdf384ac4c42ec96a19d4e15,2026-08-26T17:30:00Z
DOC_8F62D263619A,L24110GJ1986PLC008924,DIRECTOR_KMP_CHANGES,Form DIR-12 Director Particulars & KMP - YOGI HEALTHCARE LIMITED,MCA Corporate Filings,2024-10-12,https://www.mca.gov.in/mcafast/companyMasterData.do?cin=L24110GJ1986PLC008924,documents/YOGI HEALTHCARE LIMITED/DIR-12_Director_Records.pdf,ff9d73944efa604dfde7867e84ecb9175a4d836b177a5eb9199ddc9a687f45f9,2026-08-26T17:30:00Z
DOC_1930789F7A23,L24110GJ1986PLC008924,AUDITOR_APPOINTMENT,Form ADT-1 Auditor Appointment Resolution - YOGI HEALTHCARE LIMITED,MCA Corporate Filings,2024-09-25,https://www.mca.gov.in/mcafast/companyMasterData.do?cin=L24110GJ1986PLC008924,documents/YOGI HEALTHCARE LIMITED/ADT-1_Auditor_Appointment.pdf,fccf1890ec1790b863f85709615d140c1ad123f3425ede12bcb5e408ee23d5aa,2026-08-26T17:30:00Z
DOC_ED6AF2A92C46,L24110GJ1986PLC008924,REGISTERED_OFFICE,Form INC-22 Registered Office Proof - YOGI HEALTHCARE LIMITED,MCA Corporate Filings,2023-04-18,https://www.mca.gov.in/mcafast/companyMasterData.do?cin=L24110GJ1986PLC008924,documents/YOGI HEALTHCARE LIMITED/INC-22_Registered_Office_Proof.pdf,a6919f2a3b3ec42084c43cfb4961c8a5972d0b7b4f95005ca927aec98258496e,2026-08-26T17:30:00Z
DOC_8C017A512DBE,L24110GJ1986PLC008924,RESOLUTIONS_AGREEMENTS,Form MGT-14 Special Resolutions - YOGI HEALTHCARE LIMITED,MCA Corporate Filings,2024-02-14,https://www.mca.gov.in/mcafast/companyMasterData.do?cin=L24110GJ1986PLC008924,documents/YOGI HEALTHCARE LIMITED/MGT-14_Special_Resolutions.pdf,6148d10ef7a8e2b11fff76a2e45694eb3130819b170f8f05aeb61ebe265090b4,2026-08-26T17:30:00Z
DOC_F16866303498,L24110GJ1986PLC008924,GST_TAXPAYER_DATA,GST Public Taxpayer Registration - YOGI HEALTHCARE LIMITED,GST Council Public Portal,2026-01-15,https://www.mca.gov.in/mcafast/companyMasterData.do?cin=L24110GJ1986PLC008924,documents/YOGI HEALTHCARE LIMITED/GST_Place_of_Business_Registration.pdf,de82e9b6903d9c9217decf80a57e296beead3426c5c8f558ad2a71bd7ef21ca9,2026-08-26T17:30:00Z
DOC_F63314FF1351,L24110GJ1986PLC009003,COMPANY_MASTER_DATA,Company Master Data Record - BODAL CHEMICALS LIMITED,Ministry of Corporate Affairs (MCA),2026-08-26,https://www.mca.gov.in/mcafast/companyMasterData.do?cin=L24110GJ1986PLC009003,documents/BODAL CHEMICALS LIMITED/Company_Master_Data.pdf,e96a0f95df115f1ba84e9bdec04dd518a2675ff208f13a72328751532fb5c354,2026-08-26T17:30:00Z
DOC_C935F5EB4F78,L24110GJ1986PLC009003,FINANCIAL_STATEMENT,Form AOC-4 Financial Statements FY 2024-25 - BODAL CHEMICALS LIMITED,MCA Corporate Filings,2025-03-31,https://www.mca.gov.in/mcafast/companyMasterData.do?cin=L24110GJ1986PLC009003,documents/BODAL CHEMICALS LIMITED/AOC-4_Financial_Statements_FY25.pdf,1d74a892830c162d2d519e2fe582c4cbc6240c29869b136d5374b96d3570ef21,2026-08-26T17:30:00Z
DOC_8676CB3B9A8A,L24110GJ1986PLC009003,ANNUAL_RETURN,Form MGT-7 Annual Return FY 2024-25 - BODAL CHEMICALS LIMITED,MCA Corporate Filings,2025-09-30,https://www.mca.gov.in/mcafast/companyMasterData.do?cin=L24110GJ1986PLC009003,documents/BODAL CHEMICALS LIMITED/MGT-7_Annual_Return_FY25.pdf,8700468bb586b2f5d5396a686ad4c40b05c966044771bc33e3880acc652e5b20,2026-08-26T17:30:00Z
DOC_1C864D2166F9,L24110GJ1986PLC009003,DIRECTOR_KMP_CHANGES,Form DIR-12 Director Particulars & KMP - BODAL CHEMICALS LIMITED,MCA Corporate Filings,2024-10-12,https://www.mca.gov.in/mcafast/companyMasterData.do?cin=L24110GJ1986PLC009003,documents/BODAL CHEMICALS LIMITED/DIR-12_Director_Records.pdf,f7746a0bc56cbba91b208732714bce2f8338d4fb2e125424b4e73ae6303d28b8,2026-08-26T17:30:00Z
DOC_0FCBE7E661AB,L24110GJ1986PLC009003,AUDITOR_APPOINTMENT,Form ADT-1 Auditor Appointment Resolution - BODAL CHEMICALS LIMITED,MCA Corporate Filings,2024-09-25,https://www.mca.gov.in/mcafast/companyMasterData.do?cin=L24110GJ1986PLC009003,documents/BODAL CHEMICALS LIMITED/ADT-1_Auditor_Appointment.pdf,53246774b27c583c2c02823fce2b651488fa7c59d47bf04d4c06efe7c6b949a4,2026-08-26T17:30:00Z
DOC_8C14F691F3E8,L24110GJ1986PLC009003,REGISTERED_OFFICE,Form INC-22 Registered Office Proof - BODAL CHEMICALS LIMITED,MCA Corporate Filings,2023-04-18,https://www.mca.gov.in/mcafast/companyMasterData.do?cin=L24110GJ1986PLC009003,documents/BODAL CHEMICALS LIMITED/INC-22_Registered_Office_Proof.pdf,a368860dfa3c6b4f4388916088d9df026b7c8d9fd3b78739263ad647d98f8dcf,2026-08-26T17:30:00Z
DOC_17A09A44A2DD,L24110GJ1986PLC009003,RESOLUTIONS_AGREEMENTS,Form MGT-14 Special Resolutions - BODAL CHEMICALS LIMITED,MCA Corporate Filings,2024-02-14,https://www.mca.gov.in/mcafast/companyMasterData.do?cin=L24110GJ1986PLC009003,documents/BODAL CHEMICALS LIMITED/MGT-14_Special_Resolutions.pdf,9c5a5f632bf7b292307d7358675d0547d4a7312ceb323cfc789acd22848301cf,2026-08-26T17:30:00Z
DOC_3F8499A880BB,L24110GJ1986PLC009003,GST_TAXPAYER_DATA,GST Public Taxpayer Registration - BODAL CHEMICALS LIMITED,GST Council Public Portal,2026-01-15,https://www.mca.gov.in/mcafast/companyMasterData.do?cin=L24110GJ1986PLC009003,documents/BODAL CHEMICALS LIMITED/GST_Place_of_Business_Registration.pdf,187c052861c78c9e3dfbcb24da5fe4ffde82265072d760a78c84cd4f182a2713,2026-08-26T17:30:00Z
DOC_5CE21D44E257,L24110GJ1986PLC009140,COMPANY_MASTER_DATA,Company Master Data Record - JUPITER BIOTECH LIMITED,Ministry of Corporate Affairs (MCA),2026-08-26,https://www.mca.gov.in/mcafast/companyMasterData.do?cin=L24110GJ1986PLC009140,documents/JUPITER BIOTECH LIMITED/Company_Master_Data.pdf,d96bdbe51f9c5042a611ece99840dacade62de0a379de1167a04f8fa028cc84c,2026-08-26T17:30:00Z
DOC_6377419766E4,L24110GJ1986PLC009140,FINANCIAL_STATEMENT,Form AOC-4 Financial Statements FY 2024-25 - JUPITER BIOTECH LIMITED,MCA Corporate Filings,2025-03-31,https://www.mca.gov.in/mcafast/companyMasterData.do?cin=L24110GJ1986PLC009140,documents/JUPITER BIOTECH LIMITED/AOC-4_Financial_Statements_FY25.pdf,9b0a8a8ab7acde82aaf46881e44380f893af9978a03d8ed5feb0ab630601f04a,2026-08-26T17:30:00Z
DOC_F95C1B9BB641,L24110GJ1986PLC009140,ANNUAL_RETURN,Form MGT-7 Annual Return FY 2024-25 - JUPITER BIOTECH LIMITED,MCA Corporate Filings,2025-09-30,https://www.mca.gov.in/mcafast/companyMasterData.do?cin=L24110GJ1986PLC009140,documents/JUPITER BIOTECH LIMITED/MGT-7_Annual_Return_FY25.pdf,be67aafd3b7e1246064d3eba5692587568b18a6dc249f86a142fd50e32c93f5f,2026-08-26T17:30:00Z
DOC_AACD248AB4F8,L24110GJ1986PLC009140,DIRECTOR_KMP_CHANGES,Form DIR-12 Director Particulars & KMP - JUPITER BIOTECH LIMITED,MCA Corporate Filings,2024-10-12,https://www.mca.gov.in/mcafast/companyMasterData.do?cin=L24110GJ1986PLC009140,documents/JUPITER BIOTECH LIMITED/DIR-12_Director_Records.pdf,6e71e30898e4586f2610475683af2e0f5a5b5b4d95462dd6547bf500f076c835,2026-08-26T17:30:00Z
DOC_064477FE41FE,L24110GJ1986PLC009140,AUDITOR_APPOINTMENT,Form ADT-1 Auditor Appointment Resolution - JUPITER BIOTECH LIMITED,MCA Corporate Filings,2024-09-25,https://www.mca.gov.in/mcafast/companyMasterData.do?cin=L24110GJ1986PLC009140,documents/JUPITER BIOTECH LIMITED/ADT-1_Auditor_Appointment.pdf,26ce877f28562a20321ce8de537b816533b998246d9dbbdddc4a7173b12564ad,2026-08-26T17:30:00Z
DOC_5F9F9341EA39,L24110GJ1986PLC009140,REGISTERED_OFFICE,Form INC-22 Registered Office Proof - JUPITER BIOTECH LIMITED,MCA Corporate Filings,2023-04-18,https://www.mca.gov.in/mcafast/companyMasterData.do?cin=L24110GJ1986PLC009140,documents/JUPITER BIOTECH LIMITED/INC-22_Registered_Office_Proof.pdf,345079c560f04f65227a5c03e625e03fa5ebf1d62a3715a0ba25c54b6c0a72e8,2026-08-26T17:30:00Z
DOC_41FDFB1279B8,L24110GJ1986PLC009140,RESOLUTIONS_AGREEMENTS,Form MGT-14 Special Resolutions - JUPITER BIOTECH LIMITED,MCA Corporate Filings,2024-02-14,https://www.mca.gov.in/mcafast/companyMasterData.do?cin=L24110GJ1986PLC009140,documents/JUPITER BIOTECH LIMITED/MGT-14_Special_Resolutions.pdf,fe5ef322f2f45ca9a3d9c6bd2f6b1fa0e0964c73742fe9e1bc91c534d1e9d7e7,2026-08-26T17:30:00Z
DOC_2E703674783B,L24110GJ1986PLC009140,GST_TAXPAYER_DATA,GST Public Taxpayer Registration - JUPITER BIOTECH LIMITED,GST Council Public Portal,2026-01-15,https://www.mca.gov.in/mcafast/companyMasterData.do?cin=L24110GJ1986PLC009140,documents/JUPITER BIOTECH LIMITED/GST_Place_of_Business_Registration.pdf,73eb5a6cb73f624bc8ccd6565001f7fe95f1f5926ae571db8e86bbf95072f825,2026-08-26T17:30:00Z
DOC_EE276D4464AE,L24117GJ1985PLC007985,COMPANY_MASTER_DATA,Company Master Data Record - GBL INDUSTRIES LIMITED,Ministry of Corporate Affairs (MCA),2026-08-26,https://www.mca.gov.in/mcafast/companyMasterData.do?cin=L24117GJ1985PLC007985,documents/GBL INDUSTRIES LIMITED/Company_Master_Data.pdf,c9be2ee5557120461687cd94fa6478924bc6d4ee4a048c97eb751d22d5496757,2026-08-26T17:30:00Z
DOC_D6B1D4221D72,L24117GJ1985PLC007985,FINANCIAL_STATEMENT,Form AOC-4 Financial Statements FY 2024-25 - GBL INDUSTRIES LIMITED,MCA Corporate Filings,2025-03-31,https://www.mca.gov.in/mcafast/companyMasterData.do?cin=L24117GJ1985PLC007985,documents/GBL INDUSTRIES LIMITED/AOC-4_Financial_Statements_FY25.pdf,a4963e9d01f9052b5d1087499446803ce833657172fbb328df7bdadbf072b034,2026-08-26T17:30:00Z
DOC_1E54380665DC,L24117GJ1985PLC007985,ANNUAL_RETURN,Form MGT-7 Annual Return FY 2024-25 - GBL INDUSTRIES LIMITED,MCA Corporate Filings,2025-09-30,https://www.mca.gov.in/mcafast/companyMasterData.do?cin=L24117GJ1985PLC007985,documents/GBL INDUSTRIES LIMITED/MGT-7_Annual_Return_FY25.pdf,c9486b99d5d71c2eea397c9a201b94e217d61036ed8517499c2655d454a324a8,2026-08-26T17:30:00Z
DOC_0C00C2AFB0F3,L24117GJ1985PLC007985,DIRECTOR_KMP_CHANGES,Form DIR-12 Director Particulars & KMP - GBL INDUSTRIES LIMITED,MCA Corporate Filings,2024-10-12,https://www.mca.gov.in/mcafast/companyMasterData.do?cin=L24117GJ1985PLC007985,documents/GBL INDUSTRIES LIMITED/DIR-12_Director_Records.pdf,5dfededce65f5ec0a50c2f4b16784e90b7c374e74daea40db65f2297ed61b8c2,2026-08-26T17:30:00Z
DOC_091AFC65ABBC,L24117GJ1985PLC007985,AUDITOR_APPOINTMENT,Form ADT-1 Auditor Appointment Resolution - GBL INDUSTRIES LIMITED,MCA Corporate Filings,2024-09-25,https://www.mca.gov.in/mcafast/companyMasterData.do?cin=L24117GJ1985PLC007985,documents/GBL INDUSTRIES LIMITED/ADT-1_Auditor_Appointment.pdf,266d788a6ffe4af7b106691fbf24b7c1be98b76ae8e48ae1191e3bcf815eb7e3,2026-08-26T17:30:00Z
DOC_297A05D71DB5,L24117GJ1985PLC007985,REGISTERED_OFFICE,Form INC-22 Registered Office Proof - GBL INDUSTRIES LIMITED,MCA Corporate Filings,2023-04-18,https://www.mca.gov.in/mcafast/companyMasterData.do?cin=L24117GJ1985PLC007985,documents/GBL INDUSTRIES LIMITED/INC-22_Registered_Office_Proof.pdf,85001d1fc0171964c319cb73f46a816071dcaac570aee8067d2c49ad7aab3d63,2026-08-26T17:30:00Z
DOC_3EAA891E1F9E,L24117GJ1985PLC007985,RESOLUTIONS_AGREEMENTS,Form MGT-14 Special Resolutions - GBL INDUSTRIES LIMITED,MCA Corporate Filings,2024-02-14,https://www.mca.gov.in/mcafast/companyMasterData.do?cin=L24117GJ1985PLC007985,documents/GBL INDUSTRIES LIMITED/MGT-14_Special_Resolutions.pdf,651d25a4afd1642059df61d710688fa8595f60b0a4b7ec7338d3bb803b63e881,2026-08-26T17:30:00Z
DOC_561B9D58BC06,L24117GJ1985PLC007985,GST_TAXPAYER_DATA,GST Public Taxpayer Registration - GBL INDUSTRIES LIMITED,GST Council Public Portal,2026-01-15,https://www.mca.gov.in/mcafast/companyMasterData.do?cin=L24117GJ1985PLC007985,documents/GBL INDUSTRIES LIMITED/GST_Place_of_Business_Registration.pdf,4466edd6d0fe4914e6a9b216776bc2fb5f3689e6a0a1e5590d59e502b1654012,2026-08-26T17:30:00Z
DOC_33C7AC299D97,L24219GJ1985PLC025132,COMPANY_MASTER_DATA,Company Master Data Record - UPL LIMITED,Ministry of Corporate Affairs (MCA),2026-08-26,https://www.mca.gov.in/mcafast/companyMasterData.do?cin=L24219GJ1985PLC025132,documents/UPL LIMITED/Company_Master_Data.pdf,2cc5ef73db2812577b8ea76014fdb05f4af745b22e03ccdfa4ec3fa531ba294d,2026-08-26T17:30:00Z
DOC_716DB78E1D8A,L24219GJ1985PLC025132,FINANCIAL_STATEMENT,Form AOC-4 Financial Statements FY 2024-25 - UPL LIMITED,MCA Corporate Filings,2025-03-31,https://www.mca.gov.in/mcafast/companyMasterData.do?cin=L24219GJ1985PLC025132,documents/UPL LIMITED/AOC-4_Financial_Statements_FY25.pdf,f7a0dc1dbdb4384b0a25d1a8ea90b9ec691644651b252661f50c0d1784413292,2026-08-26T17:30:00Z
DOC_332D17FE6CE6,L24219GJ1985PLC025132,ANNUAL_RETURN,Form MGT-7 Annual Return FY 2024-25 - UPL LIMITED,MCA Corporate Filings,2025-09-30,https://www.mca.gov.in/mcafast/companyMasterData.do?cin=L24219GJ1985PLC025132,documents/UPL LIMITED/MGT-7_Annual_Return_FY25.pdf,28e30fd8e16e677e01792f04b0f639713413f9ff505a3f102bfa64f69e6f6ebc,2026-08-26T17:30:00Z
DOC_4E31BC3341EE,L24219GJ1985PLC025132,DIRECTOR_KMP_CHANGES,Form DIR-12 Director Particulars & KMP - UPL LIMITED,MCA Corporate Filings,2024-10-12,https://www.mca.gov.in/mcafast/companyMasterData.do?cin=L24219GJ1985PLC025132,documents/UPL LIMITED/DIR-12_Director_Records.pdf,bf8416a3a078714b51d00b32d78d7d4cba981fbe82d040b16d47ae2c80b1748b,2026-08-26T17:30:00Z
DOC_F7051C4D6DB8,L24219GJ1985PLC025132,AUDITOR_APPOINTMENT,Form ADT-1 Auditor Appointment Resolution - UPL LIMITED,MCA Corporate Filings,2024-09-25,https://www.mca.gov.in/mcafast/companyMasterData.do?cin=L24219GJ1985PLC025132,documents/UPL LIMITED/ADT-1_Auditor_Appointment.pdf,0fb45349c93079cfd611a589c2e88e0ccae1df8cf02edac4f50698c0ba61db97,2026-08-26T17:30:00Z
DOC_AF1B882F0C86,L24219GJ1985PLC025132,REGISTERED_OFFICE,Form INC-22 Registered Office Proof - UPL LIMITED,MCA Corporate Filings,2023-04-18,https://www.mca.gov.in/mcafast/companyMasterData.do?cin=L24219GJ1985PLC025132,documents/UPL LIMITED/INC-22_Registered_Office_Proof.pdf,d316b5f4aea678186418c2b3d5736d83ec8218cfebb737b58e0c1bf75d4026e3,2026-08-26T17:30:00Z
DOC_8D5C9F26AE6D,L24219GJ1985PLC025132,RESOLUTIONS_AGREEMENTS,Form MGT-14 Special Resolutions - UPL LIMITED,MCA Corporate Filings,2024-02-14,https://www.mca.gov.in/mcafast/companyMasterData.do?cin=L24219GJ1985PLC025132,documents/UPL LIMITED/MGT-14_Special_Resolutions.pdf,53e48e49efa8c4233c4ac90d2e5305a231bc849fd0fc0c162e049be10c60ee01,2026-08-26T17:30:00Z
DOC_AA187DD341C9,L24219GJ1985PLC025132,GST_TAXPAYER_DATA,GST Public Taxpayer Registration - UPL LIMITED,GST Council Public Portal,2026-01-15,https://www.mca.gov.in/mcafast/companyMasterData.do?cin=L24219GJ1985PLC025132,documents/UPL LIMITED/GST_Place_of_Business_Registration.pdf,655bbe62de68b1bb7f9e76bc79ded99ac035a8a2a8a11547e85bca54fd19f203,2026-08-26T17:30:00Z
DOC_3C07DF7F692C,L24230GJ1983PLC006329,COMPANY_MASTER_DATA,Company Master Data Record - DISHMAN PHARMACEUTICALS AND CHEMICALSLIMITED,Ministry of Corporate Affairs (MCA),2026-08-26,https://www.mca.gov.in/mcafast/companyMasterData.do?cin=L24230GJ1983PLC006329,documents/DISHMAN PHARMACEUTICALS AND CHEMICALSLIMITED/Company_Master_Data.pdf,acaf98e078a251d1a517ee33fcfe3d8fa0f0fc9a21ddba9a646e61b7c72dff72,2026-08-26T17:30:00Z
DOC_630D053D5EAF,L24230GJ1983PLC006329,FINANCIAL_STATEMENT,Form AOC-4 Financial Statements FY 2024-25 - DISHMAN PHARMACEUTICALS AND CHEMICALSLIMITED,MCA Corporate Filings,2025-03-31,https://www.mca.gov.in/mcafast/companyMasterData.do?cin=L24230GJ1983PLC006329,documents/DISHMAN PHARMACEUTICALS AND CHEMICALSLIMITED/AOC-4_Financial_Statements_FY25.pdf,cc7d46f25143779ee4c4963a78e0741c83c8b8d291700c7ce584a48d927b7f2c,2026-08-26T17:30:00Z
DOC_785E1E7EA472,L24230GJ1983PLC006329,ANNUAL_RETURN,Form MGT-7 Annual Return FY 2024-25 - DISHMAN PHARMACEUTICALS AND CHEMICALSLIMITED,MCA Corporate Filings,2025-09-30,https://www.mca.gov.in/mcafast/companyMasterData.do?cin=L24230GJ1983PLC006329,documents/DISHMAN PHARMACEUTICALS AND CHEMICALSLIMITED/MGT-7_Annual_Return_FY25.pdf,8d0e95017746ee7dd8b40023575c3bf447587d0deb0a504e5f6a1c6ec603d6e1,2026-08-26T17:30:00Z
DOC_745F14F63280,L24230GJ1983PLC006329,DIRECTOR_KMP_CHANGES,Form DIR-12 Director Particulars & KMP - DISHMAN PHARMACEUTICALS AND CHEMICALSLIMITED,MCA Corporate Filings,2024-10-12,https://www.mca.gov.in/mcafast/companyMasterData.do?cin=L24230GJ1983PLC006329,documents/DISHMAN PHARMACEUTICALS AND CHEMICALSLIMITED/DIR-12_Director_Records.pdf,10ad86a21235863db7363a0e6b1a483cf7f061a4f21f67757b470fc40b43b774,2026-08-26T17:30:00Z
DOC_D4CCB6D5A78D,L24230GJ1983PLC006329,AUDITOR_APPOINTMENT,Form ADT-1 Auditor Appointment Resolution - DISHMAN PHARMACEUTICALS AND CHEMICALSLIMITED,MCA Corporate Filings,2024-09-25,https://www.mca.gov.in/mcafast/companyMasterData.do?cin=L24230GJ1983PLC006329,documents/DISHMAN PHARMACEUTICALS AND CHEMICALSLIMITED/ADT-1_Auditor_Appointment.pdf,41d1e4903f3c5ef94f684720c616d3b508934d20d7fedc77d78143c9d8972781,2026-08-26T17:30:00Z
DOC_D9196FEBAD3F,L24230GJ1983PLC006329,REGISTERED_OFFICE,Form INC-22 Registered Office Proof - DISHMAN PHARMACEUTICALS AND CHEMICALSLIMITED,MCA Corporate Filings,2023-04-18,https://www.mca.gov.in/mcafast/companyMasterData.do?cin=L24230GJ1983PLC006329,documents/DISHMAN PHARMACEUTICALS AND CHEMICALSLIMITED/INC-22_Registered_Office_Proof.pdf,1c7049fb119472802d37edefea67884c8af7acddf0c122e21faccb27f8078af8,2026-08-26T17:30:00Z
DOC_397CECAB7353,L24230GJ1983PLC006329,RESOLUTIONS_AGREEMENTS,Form MGT-14 Special Resolutions - DISHMAN PHARMACEUTICALS AND CHEMICALSLIMITED,MCA Corporate Filings,2024-02-14,https://www.mca.gov.in/mcafast/companyMasterData.do?cin=L24230GJ1983PLC006329,documents/DISHMAN PHARMACEUTICALS AND CHEMICALSLIMITED/MGT-14_Special_Resolutions.pdf,4bf6d683db163b391fbdd3ae9f4527f23c8f5f5a9b9da81ee40b1b150c3eaed9,2026-08-26T17:30:00Z
DOC_5D8CE3302DE6,L24230GJ1983PLC006329,GST_TAXPAYER_DATA,GST Public Taxpayer Registration - DISHMAN PHARMACEUTICALS AND CHEMICALSLIMITED,GST Council Public Portal,2026-01-15,https://www.mca.gov.in/mcafast/companyMasterData.do?cin=L24230GJ1983PLC006329,documents/DISHMAN PHARMACEUTICALS AND CHEMICALSLIMITED/GST_Place_of_Business_Registration.pdf,06977b627ee65f4b7ae61b81db63fe354f69969d6beff041d7bb94053fdc9b91,2026-08-26T17:30:00Z
DOC_46EA24B73A0E,L24230GJ1984PLC007540,COMPANY_MASTER_DATA,Company Master Data Record - LINK PHARMACHEM LIMITED,Ministry of Corporate Affairs (MCA),2026-08-26,https://www.mca.gov.in/mcafast/companyMasterData.do?cin=L24230GJ1984PLC007540,documents/LINK PHARMACHEM LIMITED/Company_Master_Data.pdf,dc7c0ed5741ea10927bd08fecfb3c2a5118d40380a1ceff771637080b9609cc3,2026-08-26T17:30:00Z
DOC_F7E1E902FB51,L24230GJ1984PLC007540,FINANCIAL_STATEMENT,Form AOC-4 Financial Statements FY 2024-25 - LINK PHARMACHEM LIMITED,MCA Corporate Filings,2025-03-31,https://www.mca.gov.in/mcafast/companyMasterData.do?cin=L24230GJ1984PLC007540,documents/LINK PHARMACHEM LIMITED/AOC-4_Financial_Statements_FY25.pdf,e8bdafcab1956a75d6ad303d31839cc6d151221806a423647ad9fa6e72c50135,2026-08-26T17:30:00Z
DOC_1715F9184A23,L24230GJ1984PLC007540,ANNUAL_RETURN,Form MGT-7 Annual Return FY 2024-25 - LINK PHARMACHEM LIMITED,MCA Corporate Filings,2025-09-30,https://www.mca.gov.in/mcafast/companyMasterData.do?cin=L24230GJ1984PLC007540,documents/LINK PHARMACHEM LIMITED/MGT-7_Annual_Return_FY25.pdf,dfa92c9dbad2ff6768f5f8d2ea8ba14636c35a8f2a08f8c2477262a23af6a8ed,2026-08-26T17:30:00Z
DOC_1BF4A71DAA5C,L24230GJ1984PLC007540,DIRECTOR_KMP_CHANGES,Form DIR-12 Director Particulars & KMP - LINK PHARMACHEM LIMITED,MCA Corporate Filings,2024-10-12,https://www.mca.gov.in/mcafast/companyMasterData.do?cin=L24230GJ1984PLC007540,documents/LINK PHARMACHEM LIMITED/DIR-12_Director_Records.pdf,ce2848430cc702c5e3eb0063f50ab628bfdcefc9ed8ede85c03b2c9bda93c677,2026-08-26T17:30:00Z
DOC_802DC389BCC9,L24230GJ1984PLC007540,AUDITOR_APPOINTMENT,Form ADT-1 Auditor Appointment Resolution - LINK PHARMACHEM LIMITED,MCA Corporate Filings,2024-09-25,https://www.mca.gov.in/mcafast/companyMasterData.do?cin=L24230GJ1984PLC007540,documents/LINK PHARMACHEM LIMITED/ADT-1_Auditor_Appointment.pdf,7a4e5bf97ac377190b8d5ccc4c888e9b10d4eae98b5be78e5a89c5fd73589636,2026-08-26T17:30:00Z
DOC_39E6624B986E,L24230GJ1984PLC007540,REGISTERED_OFFICE,Form INC-22 Registered Office Proof - LINK PHARMACHEM LIMITED,MCA Corporate Filings,2023-04-18,https://www.mca.gov.in/mcafast/companyMasterData.do?cin=L24230GJ1984PLC007540,documents/LINK PHARMACHEM LIMITED/INC-22_Registered_Office_Proof.pdf,c2b37403c0a973a2f18501e084d4afb977b3142073791094bd5464e9baaf46ee,2026-08-26T17:30:00Z
DOC_034258881CDD,L24230GJ1984PLC007540,RESOLUTIONS_AGREEMENTS,Form MGT-14 Special Resolutions - LINK PHARMACHEM LIMITED,MCA Corporate Filings,2024-02-14,https://www.mca.gov.in/mcafast/companyMasterData.do?cin=L24230GJ1984PLC007540,documents/LINK PHARMACHEM LIMITED/MGT-14_Special_Resolutions.pdf,67d6bdcc51dfffd46b4ea0d9cdfbd5bdcaf00da1bbf2ee74dce6e5355b2acc0b,2026-08-26T17:30:00Z
DOC_9D6F07A26761,L24230GJ1984PLC007540,GST_TAXPAYER_DATA,GST Public Taxpayer Registration - LINK PHARMACHEM LIMITED,GST Council Public Portal,2026-01-15,https://www.mca.gov.in/mcafast/companyMasterData.do?cin=L24230GJ1984PLC007540,documents/LINK PHARMACHEM LIMITED/GST_Place_of_Business_Registration.pdf,87b4765e47e6282e9be06bb662054a129233b5a2e4930b5b4a0ddd2238235bec,2026-08-26T17:30:00Z
DOC_06FE5F5B733C,L24231GJ1982PLC005012,COMPANY_MASTER_DATA,Company Master Data Record - GUJARAT BINIL CHEMICALS LTD,Ministry of Corporate Affairs (MCA),2026-08-26,https://www.mca.gov.in/mcafast/companyMasterData.do?cin=L24231GJ1982PLC005012,documents/GUJARAT BINIL CHEMICALS LTD/Company_Master_Data.pdf,a8eead8bf1edcbb6ed2bfc27021137e6807f12d30b3fa726a6f74c1ac383330a,2026-08-26T17:30:00Z
DOC_61A6F2DFE922,L24231GJ1982PLC005012,FINANCIAL_STATEMENT,Form AOC-4 Financial Statements FY 2024-25 - GUJARAT BINIL CHEMICALS LTD,MCA Corporate Filings,2025-03-31,https://www.mca.gov.in/mcafast/companyMasterData.do?cin=L24231GJ1982PLC005012,documents/GUJARAT BINIL CHEMICALS LTD/AOC-4_Financial_Statements_FY25.pdf,a54fbd392f66f2811c0dc104e38a38d49f85dacc54fa376e590f7764f10fcce1,2026-08-26T17:30:00Z
DOC_C9998F2FCDDC,L24231GJ1982PLC005012,ANNUAL_RETURN,Form MGT-7 Annual Return FY 2024-25 - GUJARAT BINIL CHEMICALS LTD,MCA Corporate Filings,2025-09-30,https://www.mca.gov.in/mcafast/companyMasterData.do?cin=L24231GJ1982PLC005012,documents/GUJARAT BINIL CHEMICALS LTD/MGT-7_Annual_Return_FY25.pdf,8c2d60b0323ef40848b8f5874bfa0d06821b82930c2f140225b0f0a22053f176,2026-08-26T17:30:00Z
DOC_084EB28C8D01,L24231GJ1982PLC005012,DIRECTOR_KMP_CHANGES,Form DIR-12 Director Particulars & KMP - GUJARAT BINIL CHEMICALS LTD,MCA Corporate Filings,2024-10-12,https://www.mca.gov.in/mcafast/companyMasterData.do?cin=L24231GJ1982PLC005012,documents/GUJARAT BINIL CHEMICALS LTD/DIR-12_Director_Records.pdf,1ad5dfc68e48a9d62abbb8e0289f6822fdfbf457c1f7d2ca7a498e4e084006fe,2026-08-26T17:30:00Z
DOC_AF9B34D8F839,L24231GJ1982PLC005012,AUDITOR_APPOINTMENT,Form ADT-1 Auditor Appointment Resolution - GUJARAT BINIL CHEMICALS LTD,MCA Corporate Filings,2024-09-25,https://www.mca.gov.in/mcafast/companyMasterData.do?cin=L24231GJ1982PLC005012,documents/GUJARAT BINIL CHEMICALS LTD/ADT-1_Auditor_Appointment.pdf,4673bf93e33255083a422b7ec72b65b7d209dd1b1bbcf0c9c153d1cd611db89a,2026-08-26T17:30:00Z
DOC_980D4C06744B,L24231GJ1982PLC005012,REGISTERED_OFFICE,Form INC-22 Registered Office Proof - GUJARAT BINIL CHEMICALS LTD,MCA Corporate Filings,2023-04-18,https://www.mca.gov.in/mcafast/companyMasterData.do?cin=L24231GJ1982PLC005012,documents/GUJARAT BINIL CHEMICALS LTD/INC-22_Registered_Office_Proof.pdf,bd52950fd2c39c75a4b353e6d10dfe445988b5b3801261fc28473176cc7d5a46,2026-08-26T17:30:00Z
DOC_78F458978FAA,L24231GJ1982PLC005012,RESOLUTIONS_AGREEMENTS,Form MGT-14 Special Resolutions - GUJARAT BINIL CHEMICALS LTD,MCA Corporate Filings,2024-02-14,https://www.mca.gov.in/mcafast/companyMasterData.do?cin=L24231GJ1982PLC005012,documents/GUJARAT BINIL CHEMICALS LTD/MGT-14_Special_Resolutions.pdf,381d2b5e118b5509398ea96b9ba32a4a5029e8efb5fcc5bb91277cafafb9500a,2026-08-26T17:30:00Z
DOC_E81D7855B765,L24231GJ1982PLC005012,GST_TAXPAYER_DATA,GST Public Taxpayer Registration - GUJARAT BINIL CHEMICALS LTD,GST Council Public Portal,2026-01-15,https://www.mca.gov.in/mcafast/companyMasterData.do?cin=L24231GJ1982PLC005012,documents/GUJARAT BINIL CHEMICALS LTD/GST_Place_of_Business_Registration.pdf,2dd61826ffdf83a9ce3b6e5c4708c492a783ea55a0e82d757c73a556a8339a0d,2026-08-26T17:30:00Z
DOC_889BBACD8483,L24231GJ1985PLC007664,COMPANY_MASTER_DATA,Company Master Data Record - ZORA PHARMA LIMITED,Ministry of Corporate Affairs (MCA),2026-08-26,https://www.mca.gov.in/mcafast/companyMasterData.do?cin=L24231GJ1985PLC007664,documents/ZORA PHARMA LIMITED/Company_Master_Data.pdf,183cd5c2c83e91ad841ddc7b23165d0b02ba645e986f502badd70f7195fca3f2,2026-08-26T17:30:00Z
DOC_911EF32FD871,L24231GJ1985PLC007664,FINANCIAL_STATEMENT,Form AOC-4 Financial Statements FY 2024-25 - ZORA PHARMA LIMITED,MCA Corporate Filings,2025-03-31,https://www.mca.gov.in/mcafast/companyMasterData.do?cin=L24231GJ1985PLC007664,documents/ZORA PHARMA LIMITED/AOC-4_Financial_Statements_FY25.pdf,bfa3ca745cc869f6ac48de478ee6d047163c9db5232bf45a0795d0c50404ff53,2026-08-26T17:30:00Z
DOC_9B920BCA36EB,L24231GJ1985PLC007664,ANNUAL_RETURN,Form MGT-7 Annual Return FY 2024-25 - ZORA PHARMA LIMITED,MCA Corporate Filings,2025-09-30,https://www.mca.gov.in/mcafast/companyMasterData.do?cin=L24231GJ1985PLC007664,documents/ZORA PHARMA LIMITED/MGT-7_Annual_Return_FY25.pdf,8e0f0825b4acc02d54f28df6d7f55fe46d377e0530ee32bdfdd26cb5220d5854,2026-08-26T17:30:00Z
DOC_7F3421679026,L24231GJ1985PLC007664,DIRECTOR_KMP_CHANGES,Form DIR-12 Director Particulars & KMP - ZORA PHARMA LIMITED,MCA Corporate Filings,2024-10-12,https://www.mca.gov.in/mcafast/companyMasterData.do?cin=L24231GJ1985PLC007664,documents/ZORA PHARMA LIMITED/DIR-12_Director_Records.pdf,ea5edca4a30bc1a6f74c9cc2de25afb533649c63d9e36dee130097b15d984448,2026-08-26T17:30:00Z
DOC_CB8D87B8EE7C,L24231GJ1985PLC007664,AUDITOR_APPOINTMENT,Form ADT-1 Auditor Appointment Resolution - ZORA PHARMA LIMITED,MCA Corporate Filings,2024-09-25,https://www.mca.gov.in/mcafast/companyMasterData.do?cin=L24231GJ1985PLC007664,documents/ZORA PHARMA LIMITED/ADT-1_Auditor_Appointment.pdf,cf7786af57c5c127585c514cfcdf90167fc5891db33a18a2b0869fac9a89291c,2026-08-26T17:30:00Z
DOC_09BC6C216152,L24231GJ1985PLC007664,REGISTERED_OFFICE,Form INC-22 Registered Office Proof - ZORA PHARMA LIMITED,MCA Corporate Filings,2023-04-18,https://www.mca.gov.in/mcafast/companyMasterData.do?cin=L24231GJ1985PLC007664,documents/ZORA PHARMA LIMITED/INC-22_Registered_Office_Proof.pdf,58369d509d636e2a26a669242c54b26a99198c37710fd1dd5be0cfe8871e9c19,2026-08-26T17:30:00Z
DOC_BF1A8CC4B65C,L24231GJ1985PLC007664,RESOLUTIONS_AGREEMENTS,Form MGT-14 Special Resolutions - ZORA PHARMA LIMITED,MCA Corporate Filings,2024-02-14,https://www.mca.gov.in/mcafast/companyMasterData.do?cin=L24231GJ1985PLC007664,documents/ZORA PHARMA LIMITED/MGT-14_Special_Resolutions.pdf,8344c9d55334f7968bb36ff51538e92ed8e3b8ca90355aece861907dd32aa93e,2026-08-26T17:30:00Z
DOC_B8D122DB51D7,L24231GJ1985PLC007664,GST_TAXPAYER_DATA,GST Public Taxpayer Registration - ZORA PHARMA LIMITED,GST Council Public Portal,2026-01-15,https://www.mca.gov.in/mcafast/companyMasterData.do?cin=L24231GJ1985PLC007664,documents/ZORA PHARMA LIMITED/GST_Place_of_Business_Registration.pdf,5c24944daa649095381d052abe4e75a171c292f2523ffa8a40e15db3752441eb,2026-08-26T17:30:00Z
DOC_FA2F581A21BA,L24240GJ1985PLC008282,COMPANY_MASTER_DATA,Company Master Data Record - PARAMOUNT COSMETICS (INDIA) LIMITED,Ministry of Corporate Affairs (MCA),2026-08-26,https://www.mca.gov.in/mcafast/companyMasterData.do?cin=L24240GJ1985PLC008282,documents/PARAMOUNT COSMETICS (INDIA) LIMITED/Company_Master_Data.pdf,19439784a0c3b69419d3742c6bc9bae00655e7d04a0ca51c0ff8032c8d89695f,2026-08-26T17:30:00Z
DOC_236BF6CC6B65,L24240GJ1985PLC008282,FINANCIAL_STATEMENT,Form AOC-4 Financial Statements FY 2024-25 - PARAMOUNT COSMETICS (INDIA) LIMITED,MCA Corporate Filings,2025-03-31,https://www.mca.gov.in/mcafast/companyMasterData.do?cin=L24240GJ1985PLC008282,documents/PARAMOUNT COSMETICS (INDIA) LIMITED/AOC-4_Financial_Statements_FY25.pdf,dbef34db95a94950a652c808d5513137ddb81fc5bea11082cb2d298b32ebc2f4,2026-08-26T17:30:00Z
DOC_F4CAE8ED6B51,L24240GJ1985PLC008282,ANNUAL_RETURN,Form MGT-7 Annual Return FY 2024-25 - PARAMOUNT COSMETICS (INDIA) LIMITED,MCA Corporate Filings,2025-09-30,https://www.mca.gov.in/mcafast/companyMasterData.do?cin=L24240GJ1985PLC008282,documents/PARAMOUNT COSMETICS (INDIA) LIMITED/MGT-7_Annual_Return_FY25.pdf,aa5be358af38a9e4512a1f18a1570022c74d2251d8723d7584895b30c18ba99b,2026-08-26T17:30:00Z
DOC_51401834E77D,L24240GJ1985PLC008282,DIRECTOR_KMP_CHANGES,Form DIR-12 Director Particulars & KMP - PARAMOUNT COSMETICS (INDIA) LIMITED,MCA Corporate Filings,2024-10-12,https://www.mca.gov.in/mcafast/companyMasterData.do?cin=L24240GJ1985PLC008282,documents/PARAMOUNT COSMETICS (INDIA) LIMITED/DIR-12_Director_Records.pdf,399bfec3c2ce144939c27b81dae88890ad3010f1c79f6cbd4845655f5beb4db7,2026-08-26T17:30:00Z
DOC_0A9ACF07B7BB,L24240GJ1985PLC008282,AUDITOR_APPOINTMENT,Form ADT-1 Auditor Appointment Resolution - PARAMOUNT COSMETICS (INDIA) LIMITED,MCA Corporate Filings,2024-09-25,https://www.mca.gov.in/mcafast/companyMasterData.do?cin=L24240GJ1985PLC008282,documents/PARAMOUNT COSMETICS (INDIA) LIMITED/ADT-1_Auditor_Appointment.pdf,e1d68b70006e9cb3ba4c89735629f96c2c5c90382b0cc99e6f0dbf96e18936ac,2026-08-26T17:30:00Z
DOC_0B2A49569ED6,L24240GJ1985PLC008282,REGISTERED_OFFICE,Form INC-22 Registered Office Proof - PARAMOUNT COSMETICS (INDIA) LIMITED,MCA Corporate Filings,2023-04-18,https://www.mca.gov.in/mcafast/companyMasterData.do?cin=L24240GJ1985PLC008282,documents/PARAMOUNT COSMETICS (INDIA) LIMITED/INC-22_Registered_Office_Proof.pdf,519d6dc4a24201a3b0209bd3ea90ead03b947b38ff7f54a808c7ada558b2b31b,2026-08-26T17:30:00Z
DOC_0D4EBB7C3C09,L24240GJ1985PLC008282,RESOLUTIONS_AGREEMENTS,Form MGT-14 Special Resolutions - PARAMOUNT COSMETICS (INDIA) LIMITED,MCA Corporate Filings,2024-02-14,https://www.mca.gov.in/mcafast/companyMasterData.do?cin=L24240GJ1985PLC008282,documents/PARAMOUNT COSMETICS (INDIA) LIMITED/MGT-14_Special_Resolutions.pdf,3a0415fd66599f012c45a861b4d109794cf7cbf0d905df97ba6147d5247abe73,2026-08-26T17:30:00Z
DOC_4A74A4FA7B77,L24240GJ1985PLC008282,GST_TAXPAYER_DATA,GST Public Taxpayer Registration - PARAMOUNT COSMETICS (INDIA) LIMITED,GST Council Public Portal,2026-01-15,https://www.mca.gov.in/mcafast/companyMasterData.do?cin=L24240GJ1985PLC008282,documents/PARAMOUNT COSMETICS (INDIA) LIMITED/GST_Place_of_Business_Registration.pdf,5b19359d9a53d9eae9b95e8c79fd1b83edd5f2a0f617b9c4feaa3b8739c974f8,2026-08-26T17:30:00Z
DOC_6128DB21204F,L24294GJ1982PLC048201,COMPANY_MASTER_DATA,Company Master Data Record - INDIA POLYFIBRES LIMITED.,Ministry of Corporate Affairs (MCA),2026-08-26,https://www.mca.gov.in/mcafast/companyMasterData.do?cin=L24294GJ1982PLC048201,documents/INDIA POLYFIBRES LIMITED./Company_Master_Data.pdf,baa8bfb8b998b009e00549fe93af13471e08fbd2f2f4f917a636b98f1754b88f,2026-08-26T17:30:00Z
DOC_C9110EF3A35D,L24294GJ1982PLC048201,FINANCIAL_STATEMENT,Form AOC-4 Financial Statements FY 2024-25 - INDIA POLYFIBRES LIMITED.,MCA Corporate Filings,2025-03-31,https://www.mca.gov.in/mcafast/companyMasterData.do?cin=L24294GJ1982PLC048201,documents/INDIA POLYFIBRES LIMITED./AOC-4_Financial_Statements_FY25.pdf,79872bd20f1309fadff30f593e8b985db341fb847e02c42a1178b39a0e6dd80f,2026-08-26T17:30:00Z
DOC_4F4503255AA4,L24294GJ1982PLC048201,ANNUAL_RETURN,Form MGT-7 Annual Return FY 2024-25 - INDIA POLYFIBRES LIMITED.,MCA Corporate Filings,2025-09-30,https://www.mca.gov.in/mcafast/companyMasterData.do?cin=L24294GJ1982PLC048201,documents/INDIA POLYFIBRES LIMITED./MGT-7_Annual_Return_FY25.pdf,2e1c87cc5459dce7761650ed228881c174d7d6cf0ab60fbe017692f6f72d3c13,2026-08-26T17:30:00Z
DOC_AC680730202C,L24294GJ1982PLC048201,DIRECTOR_KMP_CHANGES,Form DIR-12 Director Particulars & KMP - INDIA POLYFIBRES LIMITED.,MCA Corporate Filings,2024-10-12,https://www.mca.gov.in/mcafast/companyMasterData.do?cin=L24294GJ1982PLC048201,documents/INDIA POLYFIBRES LIMITED./DIR-12_Director_Records.pdf,5473f0f25d2c2f9239d99d42c8a3d15b287ddacfdfab65f162985d9ace4d1880,2026-08-26T17:30:00Z
DOC_125DCDAB2B78,L24294GJ1982PLC048201,AUDITOR_APPOINTMENT,Form ADT-1 Auditor Appointment Resolution - INDIA POLYFIBRES LIMITED.,MCA Corporate Filings,2024-09-25,https://www.mca.gov.in/mcafast/companyMasterData.do?cin=L24294GJ1982PLC048201,documents/INDIA POLYFIBRES LIMITED./ADT-1_Auditor_Appointment.pdf,4d16ee7f4ab5fe42fe298c431b6d85d53be0347db098f546700d4e2dc17f5b2c,2026-08-26T17:30:00Z
DOC_1475D54BD0E1,L24294GJ1982PLC048201,REGISTERED_OFFICE,Form INC-22 Registered Office Proof - INDIA POLYFIBRES LIMITED.,MCA Corporate Filings,2023-04-18,https://www.mca.gov.in/mcafast/companyMasterData.do?cin=L24294GJ1982PLC048201,documents/INDIA POLYFIBRES LIMITED./INC-22_Registered_Office_Proof.pdf,a5180fd6060784467b427f4231d35651c6b28111c0139a674226760b76fb4187,2026-08-26T17:30:00Z
DOC_7FEBF5CE1CAC,L24294GJ1982PLC048201,RESOLUTIONS_AGREEMENTS,Form MGT-14 Special Resolutions - INDIA POLYFIBRES LIMITED.,MCA Corporate Filings,2024-02-14,https://www.mca.gov.in/mcafast/companyMasterData.do?cin=L24294GJ1982PLC048201,documents/INDIA POLYFIBRES LIMITED./MGT-14_Special_Resolutions.pdf,eb975ee07796f8e13e2bd166f5a258870b6b0b32b7439c3fb8251d4f7bb03748,2026-08-26T17:30:00Z
DOC_CF463BA986C4,L24294GJ1982PLC048201,GST_TAXPAYER_DATA,GST Public Taxpayer Registration - INDIA POLYFIBRES LIMITED.,GST Council Public Portal,2026-01-15,https://www.mca.gov.in/mcafast/companyMasterData.do?cin=L24294GJ1982PLC048201,documents/INDIA POLYFIBRES LIMITED./GST_Place_of_Business_Registration.pdf,eca4fc6cb9c712272275ce32e8677c933b13a42f0ab1bc65fd4fead49484d2ed,2026-08-26T17:30:00Z
DOC_517E9BA0D119,L24299GJ1982PLC005425,COMPANY_MASTER_DATA,Company Master Data Record - ECLAT CHEMICALS LIMITED,Ministry of Corporate Affairs (MCA),2026-08-26,https://www.mca.gov.in/mcafast/companyMasterData.do?cin=L24299GJ1982PLC005425,documents/ECLAT CHEMICALS LIMITED/Company_Master_Data.pdf,c5d32de0d848b727d538c612deb029baf1e24e7003575cf726495846111d37b3,2026-08-26T17:30:00Z
DOC_C7D4B9BADE62,L24299GJ1982PLC005425,FINANCIAL_STATEMENT,Form AOC-4 Financial Statements FY 2024-25 - ECLAT CHEMICALS LIMITED,MCA Corporate Filings,2025-03-31,https://www.mca.gov.in/mcafast/companyMasterData.do?cin=L24299GJ1982PLC005425,documents/ECLAT CHEMICALS LIMITED/AOC-4_Financial_Statements_FY25.pdf,a30c8f4a5a58de35dc9ff6ec6629e5b39f88bb94d43b4acffba1b348726db1a7,2026-08-26T17:30:00Z
DOC_AE443398BE0F,L24299GJ1982PLC005425,ANNUAL_RETURN,Form MGT-7 Annual Return FY 2024-25 - ECLAT CHEMICALS LIMITED,MCA Corporate Filings,2025-09-30,https://www.mca.gov.in/mcafast/companyMasterData.do?cin=L24299GJ1982PLC005425,documents/ECLAT CHEMICALS LIMITED/MGT-7_Annual_Return_FY25.pdf,7be455c4991ec255f9ca9d18efe5963d493c17395a62ceacd1564830bc10a088,2026-08-26T17:30:00Z
DOC_CB69942C5CAD,L24299GJ1982PLC005425,DIRECTOR_KMP_CHANGES,Form DIR-12 Director Particulars & KMP - ECLAT CHEMICALS LIMITED,MCA Corporate Filings,2024-10-12,https://www.mca.gov.in/mcafast/companyMasterData.do?cin=L24299GJ1982PLC005425,documents/ECLAT CHEMICALS LIMITED/DIR-12_Director_Records.pdf,dbbcc1a8e86b0f4e435cd111c89dccd102bef8f894fd989db20bbd61b553d543,2026-08-26T17:30:00Z
DOC_D396CF93CA27,L24299GJ1982PLC005425,AUDITOR_APPOINTMENT,Form ADT-1 Auditor Appointment Resolution - ECLAT CHEMICALS LIMITED,MCA Corporate Filings,2024-09-25,https://www.mca.gov.in/mcafast/companyMasterData.do?cin=L24299GJ1982PLC005425,documents/ECLAT CHEMICALS LIMITED/ADT-1_Auditor_Appointment.pdf,d85185379abb1eba23031af9b9948330323654a1ad5a51b98fbd4097e6c63655,2026-08-26T17:30:00Z
DOC_5871EA93C561,L24299GJ1982PLC005425,REGISTERED_OFFICE,Form INC-22 Registered Office Proof - ECLAT CHEMICALS LIMITED,MCA Corporate Filings,2023-04-18,https://www.mca.gov.in/mcafast/companyMasterData.do?cin=L24299GJ1982PLC005425,documents/ECLAT CHEMICALS LIMITED/INC-22_Registered_Office_Proof.pdf,c349a99b6836d70aad77d0739ac45f2cf41970b4e4dc342829bba1f4fee51cdb,2026-08-26T17:30:00Z
DOC_77A5970F691E,L24299GJ1982PLC005425,RESOLUTIONS_AGREEMENTS,Form MGT-14 Special Resolutions - ECLAT CHEMICALS LIMITED,MCA Corporate Filings,2024-02-14,https://www.mca.gov.in/mcafast/companyMasterData.do?cin=L24299GJ1982PLC005425,documents/ECLAT CHEMICALS LIMITED/MGT-14_Special_Resolutions.pdf,d98d0d955ac42bc1cfa5ae8c2b89b97b2723b63af83d3f6cdd500bb8e077b650,2026-08-26T17:30:00Z
DOC_FCC92D82C787,L24299GJ1982PLC005425,GST_TAXPAYER_DATA,GST Public Taxpayer Registration - ECLAT CHEMICALS LIMITED,GST Council Public Portal,2026-01-15,https://www.mca.gov.in/mcafast/companyMasterData.do?cin=L24299GJ1982PLC005425,documents/ECLAT CHEMICALS LIMITED/GST_Place_of_Business_Registration.pdf,dc5522d5cc37c7a0db4f6f45f4f10437a5362b979e602a389c1b9af0d0c0edaf,2026-08-26T17:30:00Z
DOC_6165E632F27A,L25199GJ1986PLC009071,COMPANY_MASTER_DATA,Company Master Data Record - TIRUPATI FOAM LTD,Ministry of Corporate Affairs (MCA),2026-08-26,https://www.mca.gov.in/mcafast/companyMasterData.do?cin=L25199GJ1986PLC009071,documents/TIRUPATI FOAM LTD/Company_Master_Data.pdf,14bbf065c513646e094b5ab873240ac4c9685069e1380923aaabcf9f23a69923,2026-08-26T17:30:00Z
DOC_BB6F2BB1F505,L25199GJ1986PLC009071,FINANCIAL_STATEMENT,Form AOC-4 Financial Statements FY 2024-25 - TIRUPATI FOAM LTD,MCA Corporate Filings,2025-03-31,https://www.mca.gov.in/mcafast/companyMasterData.do?cin=L25199GJ1986PLC009071,documents/TIRUPATI FOAM LTD/AOC-4_Financial_Statements_FY25.pdf,b7913165a31ba37f2bc1f00472b380b3d972f575cdea6b87bb093b83bd460235,2026-08-26T17:30:00Z
DOC_BC69BEA5F13F,L25199GJ1986PLC009071,ANNUAL_RETURN,Form MGT-7 Annual Return FY 2024-25 - TIRUPATI FOAM LTD,MCA Corporate Filings,2025-09-30,https://www.mca.gov.in/mcafast/companyMasterData.do?cin=L25199GJ1986PLC009071,documents/TIRUPATI FOAM LTD/MGT-7_Annual_Return_FY25.pdf,c2646b8755ce55fa22960b16da07197c72e4de7d8d7653c9460ea6f2388f5fcf,2026-08-26T17:30:00Z
DOC_B7CCED4C29B8,L25199GJ1986PLC009071,DIRECTOR_KMP_CHANGES,Form DIR-12 Director Particulars & KMP - TIRUPATI FOAM LTD,MCA Corporate Filings,2024-10-12,https://www.mca.gov.in/mcafast/companyMasterData.do?cin=L25199GJ1986PLC009071,documents/TIRUPATI FOAM LTD/DIR-12_Director_Records.pdf,9b310f007d676cdc925d3ab9cde6c8c4c1745e58730039dc15493d6325ef6814,2026-08-26T17:30:00Z
DOC_0DFE3942165D,L25199GJ1986PLC009071,AUDITOR_APPOINTMENT,Form ADT-1 Auditor Appointment Resolution - TIRUPATI FOAM LTD,MCA Corporate Filings,2024-09-25,https://www.mca.gov.in/mcafast/companyMasterData.do?cin=L25199GJ1986PLC009071,documents/TIRUPATI FOAM LTD/ADT-1_Auditor_Appointment.pdf,5409fbd3748063a02781f9ab1243f580c44ee6c3d942c6c57c9f4b1ad4574793,2026-08-26T17:30:00Z
DOC_C191E185E70B,L25199GJ1986PLC009071,REGISTERED_OFFICE,Form INC-22 Registered Office Proof - TIRUPATI FOAM LTD,MCA Corporate Filings,2023-04-18,https://www.mca.gov.in/mcafast/companyMasterData.do?cin=L25199GJ1986PLC009071,documents/TIRUPATI FOAM LTD/INC-22_Registered_Office_Proof.pdf,99d3f902653f39eee61ac1f2972323934d9eeb9e38d90d649a0718cb63cf5a95,2026-08-26T17:30:00Z
DOC_6124F6C82EAF,L25199GJ1986PLC009071,RESOLUTIONS_AGREEMENTS,Form MGT-14 Special Resolutions - TIRUPATI FOAM LTD,MCA Corporate Filings,2024-02-14,https://www.mca.gov.in/mcafast/companyMasterData.do?cin=L25199GJ1986PLC009071,documents/TIRUPATI FOAM LTD/MGT-14_Special_Resolutions.pdf,8fdabbb3b728712f8c468956ef9d639439286dfb34663d955dc69f1516750cb8,2026-08-26T17:30:00Z
DOC_699FB23CFD5A,L25199GJ1986PLC009071,GST_TAXPAYER_DATA,GST Public Taxpayer Registration - TIRUPATI FOAM LTD,GST Council Public Portal,2026-01-15,https://www.mca.gov.in/mcafast/companyMasterData.do?cin=L25199GJ1986PLC009071,documents/TIRUPATI FOAM LTD/GST_Place_of_Business_Registration.pdf,b841c654a33cdb5e6ae60707fb1912ca5f73fe557f902c63ccf8dc9c6bcc5396,2026-08-26T17:30:00Z
DOC_3F61131DFA12,L25200GJ1984PLC050560,COMPANY_MASTER_DATA,Company Master Data Record - GOPALA POLYPLAST LTD,Ministry of Corporate Affairs (MCA),2026-08-26,https://www.mca.gov.in/mcafast/companyMasterData.do?cin=L25200GJ1984PLC050560,documents/GOPALA POLYPLAST LTD/Company_Master_Data.pdf,f2d8b191bc3c5bb524765d1f1fc218a3e310d42907adf50830b608eb08f6901f,2026-08-26T17:30:00Z
DOC_BE07F9C3979F,L25200GJ1984PLC050560,FINANCIAL_STATEMENT,Form AOC-4 Financial Statements FY 2024-25 - GOPALA POLYPLAST LTD,MCA Corporate Filings,2025-03-31,https://www.mca.gov.in/mcafast/companyMasterData.do?cin=L25200GJ1984PLC050560,documents/GOPALA POLYPLAST LTD/AOC-4_Financial_Statements_FY25.pdf,ee6eef04d6e9712ada7939f1c34a33282622f452f9ba4f1702a336fa23c0fb2c,2026-08-26T17:30:00Z
DOC_75AC03C778B3,L25200GJ1984PLC050560,ANNUAL_RETURN,Form MGT-7 Annual Return FY 2024-25 - GOPALA POLYPLAST LTD,MCA Corporate Filings,2025-09-30,https://www.mca.gov.in/mcafast/companyMasterData.do?cin=L25200GJ1984PLC050560,documents/GOPALA POLYPLAST LTD/MGT-7_Annual_Return_FY25.pdf,2ffa0ff11523c41b8b3715b912675bee69d449be52b3bfde265ea735261b958c,2026-08-26T17:30:00Z
DOC_F4AC9D170DB5,L25200GJ1984PLC050560,DIRECTOR_KMP_CHANGES,Form DIR-12 Director Particulars & KMP - GOPALA POLYPLAST LTD,MCA Corporate Filings,2024-10-12,https://www.mca.gov.in/mcafast/companyMasterData.do?cin=L25200GJ1984PLC050560,documents/GOPALA POLYPLAST LTD/DIR-12_Director_Records.pdf,13dff2086deaa18acc792de6b50f0a2be5317cfa9c5cb2ced8905f3a9dd8656f,2026-08-26T17:30:00Z
DOC_F0C1F1AABBAB,L25200GJ1984PLC050560,AUDITOR_APPOINTMENT,Form ADT-1 Auditor Appointment Resolution - GOPALA POLYPLAST LTD,MCA Corporate Filings,2024-09-25,https://www.mca.gov.in/mcafast/companyMasterData.do?cin=L25200GJ1984PLC050560,documents/GOPALA POLYPLAST LTD/ADT-1_Auditor_Appointment.pdf,340cb8682715a17c7469a58ebc9186228f79b1ffedc3997f8524b6acb8626353,2026-08-26T17:30:00Z
DOC_6EB6088F14D7,L25200GJ1984PLC050560,REGISTERED_OFFICE,Form INC-22 Registered Office Proof - GOPALA POLYPLAST LTD,MCA Corporate Filings,2023-04-18,https://www.mca.gov.in/mcafast/companyMasterData.do?cin=L25200GJ1984PLC050560,documents/GOPALA POLYPLAST LTD/INC-22_Registered_Office_Proof.pdf,ea6457b90839b2b6c169408b23db96ed08b5ae4e9d326190240577becbdb362f,2026-08-26T17:30:00Z
DOC_E322046323BA,L25200GJ1984PLC050560,RESOLUTIONS_AGREEMENTS,Form MGT-14 Special Resolutions - GOPALA POLYPLAST LTD,MCA Corporate Filings,2024-02-14,https://www.mca.gov.in/mcafast/companyMasterData.do?cin=L25200GJ1984PLC050560,documents/GOPALA POLYPLAST LTD/MGT-14_Special_Resolutions.pdf,e0b933ef8ec27d89dd49993c849fcac80d57f3befa3fb3a7e38f583d43f05bb7,2026-08-26T17:30:00Z
DOC_4C61AA0AD8C3,L25200GJ1984PLC050560,GST_TAXPAYER_DATA,GST Public Taxpayer Registration - GOPALA POLYPLAST LTD,GST Council Public Portal,2026-01-15,https://www.mca.gov.in/mcafast/companyMasterData.do?cin=L25200GJ1984PLC050560,documents/GOPALA POLYPLAST LTD/GST_Place_of_Business_Registration.pdf,b4e8a52aa2500ada193ba798bff8e134510cda1d4a9119aea89e8836ed39cafd,2026-08-26T17:30:00Z
DOC_BE595985FE01,L25200GJ1985PLC007746,COMPANY_MASTER_DATA,Company Master Data Record - PROMACT IMPEX LIMITED,Ministry of Corporate Affairs (MCA),2026-08-26,https://www.mca.gov.in/mcafast/companyMasterData.do?cin=L25200GJ1985PLC007746,documents/PROMACT IMPEX LIMITED/Company_Master_Data.pdf,72097df8a6188f7174a0d6ab5159ca443f0255b3d7d1d558fc3b850f4658415b,2026-08-26T17:30:00Z
DOC_E70563933035,L25200GJ1985PLC007746,FINANCIAL_STATEMENT,Form AOC-4 Financial Statements FY 2024-25 - PROMACT IMPEX LIMITED,MCA Corporate Filings,2025-03-31,https://www.mca.gov.in/mcafast/companyMasterData.do?cin=L25200GJ1985PLC007746,documents/PROMACT IMPEX LIMITED/AOC-4_Financial_Statements_FY25.pdf,fd089dd4cbe8bb4cddf08a1318d2bd204282ae5eda84b235e4bfedfc24ebbe6d,2026-08-26T17:30:00Z
DOC_8C5962010F97,L25200GJ1985PLC007746,ANNUAL_RETURN,Form MGT-7 Annual Return FY 2024-25 - PROMACT IMPEX LIMITED,MCA Corporate Filings,2025-09-30,https://www.mca.gov.in/mcafast/companyMasterData.do?cin=L25200GJ1985PLC007746,documents/PROMACT IMPEX LIMITED/MGT-7_Annual_Return_FY25.pdf,9133736eac976300c84a8d13a0855a9592b2d985985a91b38f2282674811902b,2026-08-26T17:30:00Z
DOC_4345B0828B27,L25200GJ1985PLC007746,DIRECTOR_KMP_CHANGES,Form DIR-12 Director Particulars & KMP - PROMACT IMPEX LIMITED,MCA Corporate Filings,2024-10-12,https://www.mca.gov.in/mcafast/companyMasterData.do?cin=L25200GJ1985PLC007746,documents/PROMACT IMPEX LIMITED/DIR-12_Director_Records.pdf,e2d15a3f7e44b383d8bc620df13c108103be37d6031d1bac1b93c150a1f54286,2026-08-26T17:30:00Z
DOC_CA55529D3CB8,L25200GJ1985PLC007746,AUDITOR_APPOINTMENT,Form ADT-1 Auditor Appointment Resolution - PROMACT IMPEX LIMITED,MCA Corporate Filings,2024-09-25,https://www.mca.gov.in/mcafast/companyMasterData.do?cin=L25200GJ1985PLC007746,documents/PROMACT IMPEX LIMITED/ADT-1_Auditor_Appointment.pdf,45919ddc3402856581d230fb2fdd5fef048ab98a809f66f5787a8e907ec417fe,2026-08-26T17:30:00Z
DOC_0B845029E652,L25200GJ1985PLC007746,REGISTERED_OFFICE,Form INC-22 Registered Office Proof - PROMACT IMPEX LIMITED,MCA Corporate Filings,2023-04-18,https://www.mca.gov.in/mcafast/companyMasterData.do?cin=L25200GJ1985PLC007746,documents/PROMACT IMPEX LIMITED/INC-22_Registered_Office_Proof.pdf,092298e2503de8d7af87eced1baf4c85b135a7c90439d1557fa688a09a3d4a5d,2026-08-26T17:30:00Z
DOC_5633D8052B48,L25200GJ1985PLC007746,RESOLUTIONS_AGREEMENTS,Form MGT-14 Special Resolutions - PROMACT IMPEX LIMITED,MCA Corporate Filings,2024-02-14,https://www.mca.gov.in/mcafast/companyMasterData.do?cin=L25200GJ1985PLC007746,documents/PROMACT IMPEX LIMITED/MGT-14_Special_Resolutions.pdf,077d6cce4686b065953ecf141768af30c4b35e55f03d0067509c3f5e06498c75,2026-08-26T17:30:00Z
DOC_86CCBBDDE93A,L25200GJ1985PLC007746,GST_TAXPAYER_DATA,GST Public Taxpayer Registration - PROMACT IMPEX LIMITED,GST Council Public Portal,2026-01-15,https://www.mca.gov.in/mcafast/companyMasterData.do?cin=L25200GJ1985PLC007746,documents/PROMACT IMPEX LIMITED/GST_Place_of_Business_Registration.pdf,a3999869af6f8168a30b0367c920a23a3048ab8836f24a9b0096be349d9b4248,2026-08-26T17:30:00Z
DOC_5169B4BC41E5,L25209GJ1984PLC007252,COMPANY_MASTER_DATA,Company Master Data Record - NEELNANDAN POLYMERS LIMITED,Ministry of Corporate Affairs (MCA),2026-08-26,https://www.mca.gov.in/mcafast/companyMasterData.do?cin=L25209GJ1984PLC007252,documents/NEELNANDAN POLYMERS LIMITED/Company_Master_Data.pdf,7e3614880ef32573bc40090ef73cfd1a69dec3d7582821a51c837af074cc1d1d,2026-08-26T17:30:00Z
DOC_F2D1CFE628A7,L25209GJ1984PLC007252,FINANCIAL_STATEMENT,Form AOC-4 Financial Statements FY 2024-25 - NEELNANDAN POLYMERS LIMITED,MCA Corporate Filings,2025-03-31,https://www.mca.gov.in/mcafast/companyMasterData.do?cin=L25209GJ1984PLC007252,documents/NEELNANDAN POLYMERS LIMITED/AOC-4_Financial_Statements_FY25.pdf,3a6953a804b917de65fcbde5df35906297d7b2c099a90030df33dc532b746647,2026-08-26T17:30:00Z
DOC_70205CA18B13,L25209GJ1984PLC007252,ANNUAL_RETURN,Form MGT-7 Annual Return FY 2024-25 - NEELNANDAN POLYMERS LIMITED,MCA Corporate Filings,2025-09-30,https://www.mca.gov.in/mcafast/companyMasterData.do?cin=L25209GJ1984PLC007252,documents/NEELNANDAN POLYMERS LIMITED/MGT-7_Annual_Return_FY25.pdf,4857bd2dc6193959b2a7e53554efac288ccf0013c2ebb3c82002175f6c063f6b,2026-08-26T17:30:00Z
DOC_E6D3746EF0EE,L25209GJ1984PLC007252,DIRECTOR_KMP_CHANGES,Form DIR-12 Director Particulars & KMP - NEELNANDAN POLYMERS LIMITED,MCA Corporate Filings,2024-10-12,https://www.mca.gov.in/mcafast/companyMasterData.do?cin=L25209GJ1984PLC007252,documents/NEELNANDAN POLYMERS LIMITED/DIR-12_Director_Records.pdf,91ebc799870bb3c01bf840a2815061d1660834081bc9da45b9585700c96fdaed,2026-08-26T17:30:00Z
DOC_A4863BD50E7A,L25209GJ1984PLC007252,AUDITOR_APPOINTMENT,Form ADT-1 Auditor Appointment Resolution - NEELNANDAN POLYMERS LIMITED,MCA Corporate Filings,2024-09-25,https://www.mca.gov.in/mcafast/companyMasterData.do?cin=L25209GJ1984PLC007252,documents/NEELNANDAN POLYMERS LIMITED/ADT-1_Auditor_Appointment.pdf,ed262ef816a96e5f1d7bf798858c1701a7b7f7e11bea362e0001ddec4f30da03,2026-08-26T17:30:00Z
DOC_2C5386F0CD36,L25209GJ1984PLC007252,REGISTERED_OFFICE,Form INC-22 Registered Office Proof - NEELNANDAN POLYMERS LIMITED,MCA Corporate Filings,2023-04-18,https://www.mca.gov.in/mcafast/companyMasterData.do?cin=L25209GJ1984PLC007252,documents/NEELNANDAN POLYMERS LIMITED/INC-22_Registered_Office_Proof.pdf,8cd5d1b9235b980a4b10c66352c5516f39a20a11ffc1d4eb2a5cddd82c4d4881,2026-08-26T17:30:00Z
DOC_1A02AB8BA87B,L25209GJ1984PLC007252,RESOLUTIONS_AGREEMENTS,Form MGT-14 Special Resolutions - NEELNANDAN POLYMERS LIMITED,MCA Corporate Filings,2024-02-14,https://www.mca.gov.in/mcafast/companyMasterData.do?cin=L25209GJ1984PLC007252,documents/NEELNANDAN POLYMERS LIMITED/MGT-14_Special_Resolutions.pdf,3a45a510d48ea2e06cb08b23386a53609ef46bbca85aae56b3f9408a4fbb4b21,2026-08-26T17:30:00Z
DOC_285DE541CCC2,L25209GJ1984PLC007252,GST_TAXPAYER_DATA,GST Public Taxpayer Registration - NEELNANDAN POLYMERS LIMITED,GST Council Public Portal,2026-01-15,https://www.mca.gov.in/mcafast/companyMasterData.do?cin=L25209GJ1984PLC007252,documents/NEELNANDAN POLYMERS LIMITED/GST_Place_of_Business_Registration.pdf,c9985c9c707b88a3318315b0459d254e64221fbe992af7bd67c488343ab3986d,2026-08-26T17:30:00Z
DOC_64651592D843,L25209GJ1986PLC009021,COMPANY_MASTER_DATA,Company Master Data Record - TIRTH PLASTIC LIMITED,Ministry of Corporate Affairs (MCA),2026-08-26,https://www.mca.gov.in/mcafast/companyMasterData.do?cin=L25209GJ1986PLC009021,documents/TIRTH PLASTIC LIMITED/Company_Master_Data.pdf,759a5137c4dac4df158d5582ac80996931c640922d05e8e3fb8e44a1b6d8d00e,2026-08-26T17:30:00Z
DOC_C95A43D381EC,L25209GJ1986PLC009021,FINANCIAL_STATEMENT,Form AOC-4 Financial Statements FY 2024-25 - TIRTH PLASTIC LIMITED,MCA Corporate Filings,2025-03-31,https://www.mca.gov.in/mcafast/companyMasterData.do?cin=L25209GJ1986PLC009021,documents/TIRTH PLASTIC LIMITED/AOC-4_Financial_Statements_FY25.pdf,6d2373d569bb8a783ea426576c3550e4b9932e976e96d2658274dd73ae28f11c,2026-08-26T17:30:00Z
DOC_35F266E629AC,L25209GJ1986PLC009021,ANNUAL_RETURN,Form MGT-7 Annual Return FY 2024-25 - TIRTH PLASTIC LIMITED,MCA Corporate Filings,2025-09-30,https://www.mca.gov.in/mcafast/companyMasterData.do?cin=L25209GJ1986PLC009021,documents/TIRTH PLASTIC LIMITED/MGT-7_Annual_Return_FY25.pdf,6456f3314a0e73e5a358f4df09efe71e34119ec08b2829c205cd825cc9d7a808,2026-08-26T17:30:00Z
DOC_1D041B4771FA,L25209GJ1986PLC009021,DIRECTOR_KMP_CHANGES,Form DIR-12 Director Particulars & KMP - TIRTH PLASTIC LIMITED,MCA Corporate Filings,2024-10-12,https://www.mca.gov.in/mcafast/companyMasterData.do?cin=L25209GJ1986PLC009021,documents/TIRTH PLASTIC LIMITED/DIR-12_Director_Records.pdf,b480761ef9a9f9baea3084ba22b59dfd659c64cfa90f379419b9142343c70bd4,2026-08-26T17:30:00Z
DOC_AE7191C4F23B,L25209GJ1986PLC009021,AUDITOR_APPOINTMENT,Form ADT-1 Auditor Appointment Resolution - TIRTH PLASTIC LIMITED,MCA Corporate Filings,2024-09-25,https://www.mca.gov.in/mcafast/companyMasterData.do?cin=L25209GJ1986PLC009021,documents/TIRTH PLASTIC LIMITED/ADT-1_Auditor_Appointment.pdf,4085b7dc1663e9c3144a9706937b9d8a76b1fc93ea378fe5cee167338d6b762d,2026-08-26T17:30:00Z
DOC_BE0F25B280C9,L25209GJ1986PLC009021,REGISTERED_OFFICE,Form INC-22 Registered Office Proof - TIRTH PLASTIC LIMITED,MCA Corporate Filings,2023-04-18,https://www.mca.gov.in/mcafast/companyMasterData.do?cin=L25209GJ1986PLC009021,documents/TIRTH PLASTIC LIMITED/INC-22_Registered_Office_Proof.pdf,60c1baa7f0c07fe73e280fb9af3ed187209670e924fabe44606c91f36e123909,2026-08-26T17:30:00Z
DOC_060567ECD154,L25209GJ1986PLC009021,RESOLUTIONS_AGREEMENTS,Form MGT-14 Special Resolutions - TIRTH PLASTIC LIMITED,MCA Corporate Filings,2024-02-14,https://www.mca.gov.in/mcafast/companyMasterData.do?cin=L25209GJ1986PLC009021,documents/TIRTH PLASTIC LIMITED/MGT-14_Special_Resolutions.pdf,9ad50a9ad5a00c94f7ac944f547777bb3930bf237bad26074091b634ee57d530,2026-08-26T17:30:00Z
DOC_CDC0CC4D1B16,L25209GJ1986PLC009021,GST_TAXPAYER_DATA,GST Public Taxpayer Registration - TIRTH PLASTIC LIMITED,GST Council Public Portal,2026-01-15,https://www.mca.gov.in/mcafast/companyMasterData.do?cin=L25209GJ1986PLC009021,documents/TIRTH PLASTIC LIMITED/GST_Place_of_Business_Registration.pdf,6c62fa62628a01f1cde5caea14481106df58cda1c1da0e625e25c64250ccc5c3,2026-08-26T17:30:00Z
DOC_373D2116C7AD,L26921GJ1985PLC008196,COMPANY_MASTER_DATA,Company Master Data Record - BELL CERAMICS LIMITED,Ministry of Corporate Affairs (MCA),2026-08-26,https://www.mca.gov.in/mcafast/companyMasterData.do?cin=L26921GJ1985PLC008196,documents/BELL CERAMICS LIMITED/Company_Master_Data.pdf,f854a038da95a21df27187a0210883aca771e82ca2e748ec8516f3ded662787d,2026-08-26T17:30:00Z
DOC_C58F9AFF5C19,L26921GJ1985PLC008196,FINANCIAL_STATEMENT,Form AOC-4 Financial Statements FY 2024-25 - BELL CERAMICS LIMITED,MCA Corporate Filings,2025-03-31,https://www.mca.gov.in/mcafast/companyMasterData.do?cin=L26921GJ1985PLC008196,documents/BELL CERAMICS LIMITED/AOC-4_Financial_Statements_FY25.pdf,04dd0c521122bd29fe802f1374bdba6c4e88753af76d3ec640093aabb4a1f8a3,2026-08-26T17:30:00Z
DOC_B763C9274B44,L26921GJ1985PLC008196,ANNUAL_RETURN,Form MGT-7 Annual Return FY 2024-25 - BELL CERAMICS LIMITED,MCA Corporate Filings,2025-09-30,https://www.mca.gov.in/mcafast/companyMasterData.do?cin=L26921GJ1985PLC008196,documents/BELL CERAMICS LIMITED/MGT-7_Annual_Return_FY25.pdf,ccf1cee5dc31dff9ae3a011b0a3a0549253096bc96f48824e45ebabbe52216fb,2026-08-26T17:30:00Z
DOC_7B592BF82D7E,L26921GJ1985PLC008196,DIRECTOR_KMP_CHANGES,Form DIR-12 Director Particulars & KMP - BELL CERAMICS LIMITED,MCA Corporate Filings,2024-10-12,https://www.mca.gov.in/mcafast/companyMasterData.do?cin=L26921GJ1985PLC008196,documents/BELL CERAMICS LIMITED/DIR-12_Director_Records.pdf,62dd3807e9a4c7ab415624eb9fddf139133f7c38bd9e93f28193d7fc9168cd1a,2026-08-26T17:30:00Z
DOC_E2975BD2013B,L26921GJ1985PLC008196,AUDITOR_APPOINTMENT,Form ADT-1 Auditor Appointment Resolution - BELL CERAMICS LIMITED,MCA Corporate Filings,2024-09-25,https://www.mca.gov.in/mcafast/companyMasterData.do?cin=L26921GJ1985PLC008196,documents/BELL CERAMICS LIMITED/ADT-1_Auditor_Appointment.pdf,3e579f10ee9377d25b25cd72a520d921377cdb1fd437cc07db5fcb4aec868a60,2026-08-26T17:30:00Z
DOC_B849619C4F0D,L26921GJ1985PLC008196,REGISTERED_OFFICE,Form INC-22 Registered Office Proof - BELL CERAMICS LIMITED,MCA Corporate Filings,2023-04-18,https://www.mca.gov.in/mcafast/companyMasterData.do?cin=L26921GJ1985PLC008196,documents/BELL CERAMICS LIMITED/INC-22_Registered_Office_Proof.pdf,022e84201e76473c2db59e527c0d59948f73576acdf4def3d5d85fbe9ca49f28,2026-08-26T17:30:00Z
DOC_B51FD789D9ED,L26921GJ1985PLC008196,RESOLUTIONS_AGREEMENTS,Form MGT-14 Special Resolutions - BELL CERAMICS LIMITED,MCA Corporate Filings,2024-02-14,https://www.mca.gov.in/mcafast/companyMasterData.do?cin=L26921GJ1985PLC008196,documents/BELL CERAMICS LIMITED/MGT-14_Special_Resolutions.pdf,8ea88c34a9c2abdf874da92b12d0243738aadbd2cb033d5c223e1b324e1b6672,2026-08-26T17:30:00Z
DOC_59B45BA92099,L26921GJ1985PLC008196,GST_TAXPAYER_DATA,GST Public Taxpayer Registration - BELL CERAMICS LIMITED,GST Council Public Portal,2026-01-15,https://www.mca.gov.in/mcafast/companyMasterData.do?cin=L26921GJ1985PLC008196,documents/BELL CERAMICS LIMITED/GST_Place_of_Business_Registration.pdf,5cc5276d4f913f6028b91217d76bf99fc096f7e3c57f14f0403dc17c2fe43d6d,2026-08-26T17:30:00Z
DOC_6BDD8A1E9D36,L26931GJ1986PLC102350,COMPANY_MASTER_DATA,Company Master Data Record - RESTILE CERAMICS LIMITED,Ministry of Corporate Affairs (MCA),2026-08-26,https://www.mca.gov.in/mcafast/companyMasterData.do?cin=L26931GJ1986PLC102350,documents/RESTILE CERAMICS LIMITED/Company_Master_Data.pdf,ede46466b95fe32b37ba9952cf1b5b7bade7ed14352bfe99798095e38ef024d0,2026-08-26T17:30:00Z
DOC_B53B7FCE68D9,L26931GJ1986PLC102350,FINANCIAL_STATEMENT,Form AOC-4 Financial Statements FY 2024-25 - RESTILE CERAMICS LIMITED,MCA Corporate Filings,2025-03-31,https://www.mca.gov.in/mcafast/companyMasterData.do?cin=L26931GJ1986PLC102350,documents/RESTILE CERAMICS LIMITED/AOC-4_Financial_Statements_FY25.pdf,abba0f803e7bc4cf2c2f6f6a868c07c85748bfdf28f62553d3ec5e38ab22f78e,2026-08-26T17:30:00Z
DOC_0315C2DA805F,L26931GJ1986PLC102350,ANNUAL_RETURN,Form MGT-7 Annual Return FY 2024-25 - RESTILE CERAMICS LIMITED,MCA Corporate Filings,2025-09-30,https://www.mca.gov.in/mcafast/companyMasterData.do?cin=L26931GJ1986PLC102350,documents/RESTILE CERAMICS LIMITED/MGT-7_Annual_Return_FY25.pdf,5c7791096f3df109af37a2a09befdf02922619bb51b932878dc2bc18a4c5ddfd,2026-08-26T17:30:00Z
DOC_56AFA677CE4E,L26931GJ1986PLC102350,DIRECTOR_KMP_CHANGES,Form DIR-12 Director Particulars & KMP - RESTILE CERAMICS LIMITED,MCA Corporate Filings,2024-10-12,https://www.mca.gov.in/mcafast/companyMasterData.do?cin=L26931GJ1986PLC102350,documents/RESTILE CERAMICS LIMITED/DIR-12_Director_Records.pdf,9213bc44bbf4a76ee7661792af0f31c4d42d7e9392417346794aa5c8963f8e2a,2026-08-26T17:30:00Z
DOC_014F1A6017F6,L26931GJ1986PLC102350,AUDITOR_APPOINTMENT,Form ADT-1 Auditor Appointment Resolution - RESTILE CERAMICS LIMITED,MCA Corporate Filings,2024-09-25,https://www.mca.gov.in/mcafast/companyMasterData.do?cin=L26931GJ1986PLC102350,documents/RESTILE CERAMICS LIMITED/ADT-1_Auditor_Appointment.pdf,7101ec114c11e6dc6b9528c0d350f07bde40c5cacf2379e170237415c30f5fc2,2026-08-26T17:30:00Z
DOC_B043A17599AC,L26931GJ1986PLC102350,REGISTERED_OFFICE,Form INC-22 Registered Office Proof - RESTILE CERAMICS LIMITED,MCA Corporate Filings,2023-04-18,https://www.mca.gov.in/mcafast/companyMasterData.do?cin=L26931GJ1986PLC102350,documents/RESTILE CERAMICS LIMITED/INC-22_Registered_Office_Proof.pdf,0c74560d19c4748203e6b3f963c75f89c5afca2f1438e09800ae4ea2470dd749,2026-08-26T17:30:00Z
DOC_A2595D25815E,L26931GJ1986PLC102350,RESOLUTIONS_AGREEMENTS,Form MGT-14 Special Resolutions - RESTILE CERAMICS LIMITED,MCA Corporate Filings,2024-02-14,https://www.mca.gov.in/mcafast/companyMasterData.do?cin=L26931GJ1986PLC102350,documents/RESTILE CERAMICS LIMITED/MGT-14_Special_Resolutions.pdf,fb2fa6d65e120c43494da534080d3c43c2505225d55c9b5dcf7da888c81ceed1,2026-08-26T17:30:00Z
DOC_42E1373138B8,L26931GJ1986PLC102350,GST_TAXPAYER_DATA,GST Public Taxpayer Registration - RESTILE CERAMICS LIMITED,GST Council Public Portal,2026-01-15,https://www.mca.gov.in/mcafast/companyMasterData.do?cin=L26931GJ1986PLC102350,documents/RESTILE CERAMICS LIMITED/GST_Place_of_Business_Registration.pdf,b24f79783f325e737eb9bcc2c99d890ff861e4948d0b3d5e4c8982a3c0ec2ae8,2026-08-26T17:30:00Z
DOC_687F23AB8828,L26940GJ1983PLC006400,COMPANY_MASTER_DATA,Company Master Data Record - SOMANI CEMENT COMPANY LIMITED,Ministry of Corporate Affairs (MCA),2026-08-26,https://www.mca.gov.in/mcafast/companyMasterData.do?cin=L26940GJ1983PLC006400,documents/SOMANI CEMENT COMPANY LIMITED/Company_Master_Data.pdf,fafa139766ba71a0510a7e08a557ec78933048522fa2631ff4576265b990c427,2026-08-26T17:30:00Z
DOC_CA19D9803D9E,L26940GJ1983PLC006400,FINANCIAL_STATEMENT,Form AOC-4 Financial Statements FY 2024-25 - SOMANI CEMENT COMPANY LIMITED,MCA Corporate Filings,2025-03-31,https://www.mca.gov.in/mcafast/companyMasterData.do?cin=L26940GJ1983PLC006400,documents/SOMANI CEMENT COMPANY LIMITED/AOC-4_Financial_Statements_FY25.pdf,60620379a23c0fe75a9a76bac5258e0b8a4b1b7a84060d3da20ab1f8d1caf310,2026-08-26T17:30:00Z
DOC_CAC7CEF00661,L26940GJ1983PLC006400,ANNUAL_RETURN,Form MGT-7 Annual Return FY 2024-25 - SOMANI CEMENT COMPANY LIMITED,MCA Corporate Filings,2025-09-30,https://www.mca.gov.in/mcafast/companyMasterData.do?cin=L26940GJ1983PLC006400,documents/SOMANI CEMENT COMPANY LIMITED/MGT-7_Annual_Return_FY25.pdf,85ff9346a6e2009a3a1f545280fcefafb067dc2a1c30917cc3b8be11959aae6e,2026-08-26T17:30:00Z
DOC_5A62A14E679F,L26940GJ1983PLC006400,DIRECTOR_KMP_CHANGES,Form DIR-12 Director Particulars & KMP - SOMANI CEMENT COMPANY LIMITED,MCA Corporate Filings,2024-10-12,https://www.mca.gov.in/mcafast/companyMasterData.do?cin=L26940GJ1983PLC006400,documents/SOMANI CEMENT COMPANY LIMITED/DIR-12_Director_Records.pdf,05340edba9acb875813540025578d523876b9c0b6d482cca6aab1e3d572d7e93,2026-08-26T17:30:00Z
DOC_44B795B5CF64,L26940GJ1983PLC006400,AUDITOR_APPOINTMENT,Form ADT-1 Auditor Appointment Resolution - SOMANI CEMENT COMPANY LIMITED,MCA Corporate Filings,2024-09-25,https://www.mca.gov.in/mcafast/companyMasterData.do?cin=L26940GJ1983PLC006400,documents/SOMANI CEMENT COMPANY LIMITED/ADT-1_Auditor_Appointment.pdf,9ef5f1bdceeab90b9e82d358a7848383ac4232439eb12dca6ce5fdcd84c73af9,2026-08-26T17:30:00Z
DOC_7018B1A1EF06,L26940GJ1983PLC006400,REGISTERED_OFFICE,Form INC-22 Registered Office Proof - SOMANI CEMENT COMPANY LIMITED,MCA Corporate Filings,2023-04-18,https://www.mca.gov.in/mcafast/companyMasterData.do?cin=L26940GJ1983PLC006400,documents/SOMANI CEMENT COMPANY LIMITED/INC-22_Registered_Office_Proof.pdf,15de12c78316b91073fe1f1a6be1d0a10281081c136bc280d72cd36566ea1850,2026-08-26T17:30:00Z
DOC_20302528B8F5,L26940GJ1983PLC006400,RESOLUTIONS_AGREEMENTS,Form MGT-14 Special Resolutions - SOMANI CEMENT COMPANY LIMITED,MCA Corporate Filings,2024-02-14,https://www.mca.gov.in/mcafast/companyMasterData.do?cin=L26940GJ1983PLC006400,documents/SOMANI CEMENT COMPANY LIMITED/MGT-14_Special_Resolutions.pdf,e7ec121f4aecaf53afacfa72c3f098182745886b12957c81828b4c9aee207081,2026-08-26T17:30:00Z
DOC_7F7605DC9441,L26940GJ1983PLC006400,GST_TAXPAYER_DATA,GST Public Taxpayer Registration - SOMANI CEMENT COMPANY LIMITED,GST Council Public Portal,2026-01-15,https://www.mca.gov.in/mcafast/companyMasterData.do?cin=L26940GJ1983PLC006400,documents/SOMANI CEMENT COMPANY LIMITED/GST_Place_of_Business_Registration.pdf,74c9cf3260c4ea608660a4e28219a04cab8876c96a6818e2844b5745f973ba5f,2026-08-26T17:30:00Z
DOC_1E4B53B01784,L27100GJ1984PLC007185,COMPANY_MASTER_DATA,Company Master Data Record - MARDIA STEEL LTD.,Ministry of Corporate Affairs (MCA),2026-08-26,https://www.mca.gov.in/mcafast/companyMasterData.do?cin=L27100GJ1984PLC007185,documents/MARDIA STEEL LTD./Company_Master_Data.pdf,f366525d1c99298981de75bd5dd815094b0ba443bac031e1c0edc5e04c77c66c,2026-08-26T17:30:00Z
DOC_DC5CF0D31659,L27100GJ1984PLC007185,FINANCIAL_STATEMENT,Form AOC-4 Financial Statements FY 2024-25 - MARDIA STEEL LTD.,MCA Corporate Filings,2025-03-31,https://www.mca.gov.in/mcafast/companyMasterData.do?cin=L27100GJ1984PLC007185,documents/MARDIA STEEL LTD./AOC-4_Financial_Statements_FY25.pdf,0e7f3dd9b72f5ba31a35ed601b0c9661d43391249ab72716ceabd0d2a90e56d6,2026-08-26T17:30:00Z
DOC_331ED1DAAD6B,L27100GJ1984PLC007185,ANNUAL_RETURN,Form MGT-7 Annual Return FY 2024-25 - MARDIA STEEL LTD.,MCA Corporate Filings,2025-09-30,https://www.mca.gov.in/mcafast/companyMasterData.do?cin=L27100GJ1984PLC007185,documents/MARDIA STEEL LTD./MGT-7_Annual_Return_FY25.pdf,0cad462eb3553e17558bd890ab202aef8936a299f872088077e34db290cc53f4,2026-08-26T17:30:00Z
DOC_52060FFF19AB,L27100GJ1984PLC007185,DIRECTOR_KMP_CHANGES,Form DIR-12 Director Particulars & KMP - MARDIA STEEL LTD.,MCA Corporate Filings,2024-10-12,https://www.mca.gov.in/mcafast/companyMasterData.do?cin=L27100GJ1984PLC007185,documents/MARDIA STEEL LTD./DIR-12_Director_Records.pdf,853393a1882b18b9862250be98ebed72ccbd875dd7a50c347c9f94139259a02c,2026-08-26T17:30:00Z
DOC_1A0068955B66,L27100GJ1984PLC007185,AUDITOR_APPOINTMENT,Form ADT-1 Auditor Appointment Resolution - MARDIA STEEL LTD.,MCA Corporate Filings,2024-09-25,https://www.mca.gov.in/mcafast/companyMasterData.do?cin=L27100GJ1984PLC007185,documents/MARDIA STEEL LTD./ADT-1_Auditor_Appointment.pdf,13e60597f5b0a0f72f02767fc136fa60749fe77afc65894ef14300d66bc13e3f,2026-08-26T17:30:00Z
DOC_69EC89661870,L27100GJ1984PLC007185,REGISTERED_OFFICE,Form INC-22 Registered Office Proof - MARDIA STEEL LTD.,MCA Corporate Filings,2023-04-18,https://www.mca.gov.in/mcafast/companyMasterData.do?cin=L27100GJ1984PLC007185,documents/MARDIA STEEL LTD./INC-22_Registered_Office_Proof.pdf,80670f1b82913d8f35039f03c424c87fb5d5c1f46ea8aa95ea822a1086d98717,2026-08-26T17:30:00Z
DOC_3B1EDA55C81C,L27100GJ1984PLC007185,RESOLUTIONS_AGREEMENTS,Form MGT-14 Special Resolutions - MARDIA STEEL LTD.,MCA Corporate Filings,2024-02-14,https://www.mca.gov.in/mcafast/companyMasterData.do?cin=L27100GJ1984PLC007185,documents/MARDIA STEEL LTD./MGT-14_Special_Resolutions.pdf,f1598d38357201dd56570b6340fe6f31dfd388be620d1be122f33de423f03dcc,2026-08-26T17:30:00Z
DOC_B4A741A5E751,L27100GJ1984PLC007185,GST_TAXPAYER_DATA,GST Public Taxpayer Registration - MARDIA STEEL LTD.,GST Council Public Portal,2026-01-15,https://www.mca.gov.in/mcafast/companyMasterData.do?cin=L27100GJ1984PLC007185,documents/MARDIA STEEL LTD./GST_Place_of_Business_Registration.pdf,032a55615e9c3ff938b30e6c3e185ca86f270dc599d0eee15bed892e16b4eaf4,2026-08-26T17:30:00Z
DOC_B48AE7229791,L27100GJ1985PLC008286,COMPANY_MASTER_DATA,Company Master Data Record - CREATIVE CASTINGS LIMITED,Ministry of Corporate Affairs (MCA),2026-08-26,https://www.mca.gov.in/mcafast/companyMasterData.do?cin=L27100GJ1985PLC008286,documents/CREATIVE CASTINGS LIMITED/Company_Master_Data.pdf,b640536a4b358e42a1f747f876be62ccb698867fc04dadedb670fc564e2da36b,2026-08-26T17:30:00Z
DOC_0CA1A1290F7B,L27100GJ1985PLC008286,FINANCIAL_STATEMENT,Form AOC-4 Financial Statements FY 2024-25 - CREATIVE CASTINGS LIMITED,MCA Corporate Filings,2025-03-31,https://www.mca.gov.in/mcafast/companyMasterData.do?cin=L27100GJ1985PLC008286,documents/CREATIVE CASTINGS LIMITED/AOC-4_Financial_Statements_FY25.pdf,a4ccbaa564bd329fe0235b1c019bae0d0043458113b1eb79a8edd3a115ec51d6,2026-08-26T17:30:00Z
DOC_44717E1944C4,L27100GJ1985PLC008286,ANNUAL_RETURN,Form MGT-7 Annual Return FY 2024-25 - CREATIVE CASTINGS LIMITED,MCA Corporate Filings,2025-09-30,https://www.mca.gov.in/mcafast/companyMasterData.do?cin=L27100GJ1985PLC008286,documents/CREATIVE CASTINGS LIMITED/MGT-7_Annual_Return_FY25.pdf,c98e9f3b4446a1c6ebed7991a34663d7ec75c26eb0eafb35a08a9652a2f318e4,2026-08-26T17:30:00Z
DOC_17030BB8E59A,L27100GJ1985PLC008286,DIRECTOR_KMP_CHANGES,Form DIR-12 Director Particulars & KMP - CREATIVE CASTINGS LIMITED,MCA Corporate Filings,2024-10-12,https://www.mca.gov.in/mcafast/companyMasterData.do?cin=L27100GJ1985PLC008286,documents/CREATIVE CASTINGS LIMITED/DIR-12_Director_Records.pdf,4b9ef62411c90aa9004b63719d4d3f43ce67105ac9e23c89f6dd33cd08997ede,2026-08-26T17:30:00Z
DOC_76D751642C9F,L27100GJ1985PLC008286,AUDITOR_APPOINTMENT,Form ADT-1 Auditor Appointment Resolution - CREATIVE CASTINGS LIMITED,MCA Corporate Filings,2024-09-25,https://www.mca.gov.in/mcafast/companyMasterData.do?cin=L27100GJ1985PLC008286,documents/CREATIVE CASTINGS LIMITED/ADT-1_Auditor_Appointment.pdf,91b0c7f5da54cb8120ec4ca753ef8f8df7deb56905e8d71b872df589f0b2130e,2026-08-26T17:30:00Z
DOC_ECFEEB40D17B,L27100GJ1985PLC008286,REGISTERED_OFFICE,Form INC-22 Registered Office Proof - CREATIVE CASTINGS LIMITED,MCA Corporate Filings,2023-04-18,https://www.mca.gov.in/mcafast/companyMasterData.do?cin=L27100GJ1985PLC008286,documents/CREATIVE CASTINGS LIMITED/INC-22_Registered_Office_Proof.pdf,cc5881ce3b5789972a44e9e17ff84b7f39bc7cd996bff39130aaa6d4e633ba8c,2026-08-26T17:30:00Z
DOC_7C2C1D079A65,L27100GJ1985PLC008286,RESOLUTIONS_AGREEMENTS,Form MGT-14 Special Resolutions - CREATIVE CASTINGS LIMITED,MCA Corporate Filings,2024-02-14,https://www.mca.gov.in/mcafast/companyMasterData.do?cin=L27100GJ1985PLC008286,documents/CREATIVE CASTINGS LIMITED/MGT-14_Special_Resolutions.pdf,703e0131c08f89a095a35796ab1a86a549cf614d4f2e9df1a5b8561a004c7090,2026-08-26T17:30:00Z
DOC_7E529F7756F7,L27100GJ1985PLC008286,GST_TAXPAYER_DATA,GST Public Taxpayer Registration - CREATIVE CASTINGS LIMITED,GST Council Public Portal,2026-01-15,https://www.mca.gov.in/mcafast/companyMasterData.do?cin=L27100GJ1985PLC008286,documents/CREATIVE CASTINGS LIMITED/GST_Place_of_Business_Registration.pdf,2ea0eae59d649ce154eb95a966be68e86d22e708506d1380ac07c9a72edffc96,2026-08-26T17:30:00Z
DOC_3567575CDD5A,L27100GJ1986PLC009212,COMPANY_MASTER_DATA,Company Master Data Record - RAJOO ENGINEERS LIMITED,Ministry of Corporate Affairs (MCA),2026-08-26,https://www.mca.gov.in/mcafast/companyMasterData.do?cin=L27100GJ1986PLC009212,documents/RAJOO ENGINEERS LIMITED/Company_Master_Data.pdf,cb1cc36e900a6c82bd92c730d7448f6f4477eafa0c958205431f303b310eb7b6,2026-08-26T17:30:00Z
DOC_08B3013B6C48,L27100GJ1986PLC009212,FINANCIAL_STATEMENT,Form AOC-4 Financial Statements FY 2024-25 - RAJOO ENGINEERS LIMITED,MCA Corporate Filings,2025-03-31,https://www.mca.gov.in/mcafast/companyMasterData.do?cin=L27100GJ1986PLC009212,documents/RAJOO ENGINEERS LIMITED/AOC-4_Financial_Statements_FY25.pdf,9b926614167fea840ab2988dff3a2ad10f8fa9836e5aa8fe309e739c00f1b58a,2026-08-26T17:30:00Z
DOC_6266ED75E447,L27100GJ1986PLC009212,ANNUAL_RETURN,Form MGT-7 Annual Return FY 2024-25 - RAJOO ENGINEERS LIMITED,MCA Corporate Filings,2025-09-30,https://www.mca.gov.in/mcafast/companyMasterData.do?cin=L27100GJ1986PLC009212,documents/RAJOO ENGINEERS LIMITED/MGT-7_Annual_Return_FY25.pdf,fc3261e2ed66fe54469f53f84fe1c1be5e9b2e88df5aa1f2d7967311490322e7,2026-08-26T17:30:00Z
DOC_85AFFD09ADA5,L27100GJ1986PLC009212,DIRECTOR_KMP_CHANGES,Form DIR-12 Director Particulars & KMP - RAJOO ENGINEERS LIMITED,MCA Corporate Filings,2024-10-12,https://www.mca.gov.in/mcafast/companyMasterData.do?cin=L27100GJ1986PLC009212,documents/RAJOO ENGINEERS LIMITED/DIR-12_Director_Records.pdf,80911eae686659a9d225de925bc1b894bbee2b322bdb799864f1e9b9a9b343ae,2026-08-26T17:30:00Z
DOC_22E5C5FFF261,L27100GJ1986PLC009212,AUDITOR_APPOINTMENT,Form ADT-1 Auditor Appointment Resolution - RAJOO ENGINEERS LIMITED,MCA Corporate Filings,2024-09-25,https://www.mca.gov.in/mcafast/companyMasterData.do?cin=L27100GJ1986PLC009212,documents/RAJOO ENGINEERS LIMITED/ADT-1_Auditor_Appointment.pdf,a2271ca454472d6c44f199503b79f7ede8a4af09b3b9eff7bb22110ac6d10aed,2026-08-26T17:30:00Z
DOC_57D44483E3EB,L27100GJ1986PLC009212,REGISTERED_OFFICE,Form INC-22 Registered Office Proof - RAJOO ENGINEERS LIMITED,MCA Corporate Filings,2023-04-18,https://www.mca.gov.in/mcafast/companyMasterData.do?cin=L27100GJ1986PLC009212,documents/RAJOO ENGINEERS LIMITED/INC-22_Registered_Office_Proof.pdf,f1e076d07cfc999cba703491380f3fa9d35c28403e78c33c10f2672f3a7f7459,2026-08-26T17:30:00Z
DOC_00B00487F357,L27100GJ1986PLC009212,RESOLUTIONS_AGREEMENTS,Form MGT-14 Special Resolutions - RAJOO ENGINEERS LIMITED,MCA Corporate Filings,2024-02-14,https://www.mca.gov.in/mcafast/companyMasterData.do?cin=L27100GJ1986PLC009212,documents/RAJOO ENGINEERS LIMITED/MGT-14_Special_Resolutions.pdf,cccdf7a733574201be45925aa31385c447c4bf4a75fb44b50b0be047d96170d4,2026-08-26T17:30:00Z
DOC_9DCB40EA938B,L27100GJ1986PLC009212,GST_TAXPAYER_DATA,GST Public Taxpayer Registration - RAJOO ENGINEERS LIMITED,GST Council Public Portal,2026-01-15,https://www.mca.gov.in/mcafast/companyMasterData.do?cin=L27100GJ1986PLC009212,documents/RAJOO ENGINEERS LIMITED/GST_Place_of_Business_Registration.pdf,18c2867ddde290899512a6eb3c79e409058527fdc00fde10a9abee5a5a97638e,2026-08-26T17:30:00Z
DOC_699E5535418C,L27109GJ1986PLC008770,COMPANY_MASTER_DATA,Company Master Data Record - MERCURY METALS LIMITED,Ministry of Corporate Affairs (MCA),2026-08-26,https://www.mca.gov.in/mcafast/companyMasterData.do?cin=L27109GJ1986PLC008770,documents/MERCURY METALS LIMITED/Company_Master_Data.pdf,80d53cbd67e49701d891f1496b37865ab9a6579a2b424fb89c9bd89e171a1f59,2026-08-26T17:30:00Z
DOC_F21FE6014875,L27109GJ1986PLC008770,FINANCIAL_STATEMENT,Form AOC-4 Financial Statements FY 2024-25 - MERCURY METALS LIMITED,MCA Corporate Filings,2025-03-31,https://www.mca.gov.in/mcafast/companyMasterData.do?cin=L27109GJ1986PLC008770,documents/MERCURY METALS LIMITED/AOC-4_Financial_Statements_FY25.pdf,59a4ded05bcac76a6841c0ece49f1f88e14a9eb861e41b9710add345b2c3907e,2026-08-26T17:30:00Z
DOC_FA983B61B9C8,L27109GJ1986PLC008770,ANNUAL_RETURN,Form MGT-7 Annual Return FY 2024-25 - MERCURY METALS LIMITED,MCA Corporate Filings,2025-09-30,https://www.mca.gov.in/mcafast/companyMasterData.do?cin=L27109GJ1986PLC008770,documents/MERCURY METALS LIMITED/MGT-7_Annual_Return_FY25.pdf,7b76270ee83bf24ba7e1e1edb99a05783de3af4a42cee129a92ad41618def783,2026-08-26T17:30:00Z
DOC_751CAADFA2AD,L27109GJ1986PLC008770,DIRECTOR_KMP_CHANGES,Form DIR-12 Director Particulars & KMP - MERCURY METALS LIMITED,MCA Corporate Filings,2024-10-12,https://www.mca.gov.in/mcafast/companyMasterData.do?cin=L27109GJ1986PLC008770,documents/MERCURY METALS LIMITED/DIR-12_Director_Records.pdf,c4d7069d7914dfb7fbacaf976f9a82cde9fd36213a3bd943ddc9c32b967144a2,2026-08-26T17:30:00Z
DOC_0F697A272762,L27109GJ1986PLC008770,AUDITOR_APPOINTMENT,Form ADT-1 Auditor Appointment Resolution - MERCURY METALS LIMITED,MCA Corporate Filings,2024-09-25,https://www.mca.gov.in/mcafast/companyMasterData.do?cin=L27109GJ1986PLC008770,documents/MERCURY METALS LIMITED/ADT-1_Auditor_Appointment.pdf,1e7f52ad031e642a7db6ab0e2269360be1a07d60b9e497aa30fa91295a5615ec,2026-08-26T17:30:00Z
DOC_E215A8CD9D6F,L27109GJ1986PLC008770,REGISTERED_OFFICE,Form INC-22 Registered Office Proof - MERCURY METALS LIMITED,MCA Corporate Filings,2023-04-18,https://www.mca.gov.in/mcafast/companyMasterData.do?cin=L27109GJ1986PLC008770,documents/MERCURY METALS LIMITED/INC-22_Registered_Office_Proof.pdf,df8f5329b753aad11ae562846bc9a256184744cc60010b10448d504f0ec4a6a0,2026-08-26T17:30:00Z
DOC_88BB4984E87C,L27109GJ1986PLC008770,RESOLUTIONS_AGREEMENTS,Form MGT-14 Special Resolutions - MERCURY METALS LIMITED,MCA Corporate Filings,2024-02-14,https://www.mca.gov.in/mcafast/companyMasterData.do?cin=L27109GJ1986PLC008770,documents/MERCURY METALS LIMITED/MGT-14_Special_Resolutions.pdf,b5fa48ea1e9418474c6296c8c6b82203d9cad3b2c9d71442e70a765d05fd9a4b,2026-08-26T17:30:00Z
DOC_6F1DC1D8B27C,L27109GJ1986PLC008770,GST_TAXPAYER_DATA,GST Public Taxpayer Registration - MERCURY METALS LIMITED,GST Council Public Portal,2026-01-15,https://www.mca.gov.in/mcafast/companyMasterData.do?cin=L27109GJ1986PLC008770,documents/MERCURY METALS LIMITED/GST_Place_of_Business_Registration.pdf,b309d8ae8770de314e186ba1a4a3b8b94895834f69b9c7d76beb2ab84388d93a,2026-08-26T17:30:00Z
DOC_22BB4FC143A5,L27209GJ1984PLC098951,COMPANY_MASTER_DATA,Company Master Data Record - R K MANUFACTURING CO LTD,Ministry of Corporate Affairs (MCA),2026-08-26,https://www.mca.gov.in/mcafast/companyMasterData.do?cin=L27209GJ1984PLC098951,documents/R K MANUFACTURING CO LTD/Company_Master_Data.pdf,41b09ea1ef8582764d344e179fa3153c4012d62f1eb8cc34a0f330edbaebf094,2026-08-26T17:30:00Z
DOC_D59A9A2FE570,L27209GJ1984PLC098951,FINANCIAL_STATEMENT,Form AOC-4 Financial Statements FY 2024-25 - R K MANUFACTURING CO LTD,MCA Corporate Filings,2025-03-31,https://www.mca.gov.in/mcafast/companyMasterData.do?cin=L27209GJ1984PLC098951,documents/R K MANUFACTURING CO LTD/AOC-4_Financial_Statements_FY25.pdf,9abdc3681e66f041d2c5a05a7105ce3336fd5abadb8401feb17cdfc7893c41e6,2026-08-26T17:30:00Z
DOC_536D075446A3,L27209GJ1984PLC098951,ANNUAL_RETURN,Form MGT-7 Annual Return FY 2024-25 - R K MANUFACTURING CO LTD,MCA Corporate Filings,2025-09-30,https://www.mca.gov.in/mcafast/companyMasterData.do?cin=L27209GJ1984PLC098951,documents/R K MANUFACTURING CO LTD/MGT-7_Annual_Return_FY25.pdf,c6b17b29ef736c4d3ba2089c123e148d39cefcd47e54aae1a994517b74294a55,2026-08-26T17:30:00Z
DOC_2FE1480EF5B9,L27209GJ1984PLC098951,DIRECTOR_KMP_CHANGES,Form DIR-12 Director Particulars & KMP - R K MANUFACTURING CO LTD,MCA Corporate Filings,2024-10-12,https://www.mca.gov.in/mcafast/companyMasterData.do?cin=L27209GJ1984PLC098951,documents/R K MANUFACTURING CO LTD/DIR-12_Director_Records.pdf,45622ac0d249199c6229a25ca9eb5394c5c1a08a8e5aa152c6393a2d5d4fa1c8,2026-08-26T17:30:00Z
DOC_04C9FD202BEB,L27209GJ1984PLC098951,AUDITOR_APPOINTMENT,Form ADT-1 Auditor Appointment Resolution - R K MANUFACTURING CO LTD,MCA Corporate Filings,2024-09-25,https://www.mca.gov.in/mcafast/companyMasterData.do?cin=L27209GJ1984PLC098951,documents/R K MANUFACTURING CO LTD/ADT-1_Auditor_Appointment.pdf,6146298754ed908120b48eded5f0b7cdf0eca339c4ccaf0f12a8011348523cda,2026-08-26T17:30:00Z
DOC_A83CC2A4BEF2,L27209GJ1984PLC098951,REGISTERED_OFFICE,Form INC-22 Registered Office Proof - R K MANUFACTURING CO LTD,MCA Corporate Filings,2023-04-18,https://www.mca.gov.in/mcafast/companyMasterData.do?cin=L27209GJ1984PLC098951,documents/R K MANUFACTURING CO LTD/INC-22_Registered_Office_Proof.pdf,2fe55ee80c55045637432ca631caef7f4ac54a91d2de9fb92294d07afaf7d6b4,2026-08-26T17:30:00Z
DOC_3AC792E51CA2,L27209GJ1984PLC098951,RESOLUTIONS_AGREEMENTS,Form MGT-14 Special Resolutions - R K MANUFACTURING CO LTD,MCA Corporate Filings,2024-02-14,https://www.mca.gov.in/mcafast/companyMasterData.do?cin=L27209GJ1984PLC098951,documents/R K MANUFACTURING CO LTD/MGT-14_Special_Resolutions.pdf,37b02a553e52bc508202142cc35215cd01680bb31ec208949e7f982a4cb42dc2,2026-08-26T17:30:00Z
DOC_2889936AC8C8,L27209GJ1984PLC098951,GST_TAXPAYER_DATA,GST Public Taxpayer Registration - R K MANUFACTURING CO LTD,GST Council Public Portal,2026-01-15,https://www.mca.gov.in/mcafast/companyMasterData.do?cin=L27209GJ1984PLC098951,documents/R K MANUFACTURING CO LTD/GST_Place_of_Business_Registration.pdf,8e92960150dd609f5a33b4ce0c7189d5c71a306521a717e2357e7a8bd0033133,2026-08-26T17:30:00Z
DOC_409BCFFBC6B7,L29199GJ1984PLC007130,COMPANY_MASTER_DATA,Company Master Data Record - GUJARAT CRAFT INDUSTRIES LIMITED,Ministry of Corporate Affairs (MCA),2026-08-26,https://www.mca.gov.in/mcafast/companyMasterData.do?cin=L29199GJ1984PLC007130,documents/GUJARAT CRAFT INDUSTRIES LIMITED/Company_Master_Data.pdf,4eeed6dc1fbb87bf3cadbda7526020499b7a048f4af2aeb7b6a858f6c4137b30,2026-08-26T17:30:00Z
DOC_FB50F8310904,L29199GJ1984PLC007130,FINANCIAL_STATEMENT,Form AOC-4 Financial Statements FY 2024-25 - GUJARAT CRAFT INDUSTRIES LIMITED,MCA Corporate Filings,2025-03-31,https://www.mca.gov.in/mcafast/companyMasterData.do?cin=L29199GJ1984PLC007130,documents/GUJARAT CRAFT INDUSTRIES LIMITED/AOC-4_Financial_Statements_FY25.pdf,4b62841eb9a54f62d775fcb4f6db6d7211d8145a77b70e77b1e0ebd11fa764ce,2026-08-26T17:30:00Z
DOC_5D94EBB50806,L29199GJ1984PLC007130,ANNUAL_RETURN,Form MGT-7 Annual Return FY 2024-25 - GUJARAT CRAFT INDUSTRIES LIMITED,MCA Corporate Filings,2025-09-30,https://www.mca.gov.in/mcafast/companyMasterData.do?cin=L29199GJ1984PLC007130,documents/GUJARAT CRAFT INDUSTRIES LIMITED/MGT-7_Annual_Return_FY25.pdf,b50f95441baf9026c7c4d54899f6be7244f39c026d8a798661ae0b95e7eb996a,2026-08-26T17:30:00Z
DOC_E8C2EA4FE612,L29199GJ1984PLC007130,DIRECTOR_KMP_CHANGES,Form DIR-12 Director Particulars & KMP - GUJARAT CRAFT INDUSTRIES LIMITED,MCA Corporate Filings,2024-10-12,https://www.mca.gov.in/mcafast/companyMasterData.do?cin=L29199GJ1984PLC007130,documents/GUJARAT CRAFT INDUSTRIES LIMITED/DIR-12_Director_Records.pdf,98830d428db73fba52a0ffba89a21d183029479560dbdb2d318cb74830ed4746,2026-08-26T17:30:00Z
DOC_65671A94B43A,L29199GJ1984PLC007130,AUDITOR_APPOINTMENT,Form ADT-1 Auditor Appointment Resolution - GUJARAT CRAFT INDUSTRIES LIMITED,MCA Corporate Filings,2024-09-25,https://www.mca.gov.in/mcafast/companyMasterData.do?cin=L29199GJ1984PLC007130,documents/GUJARAT CRAFT INDUSTRIES LIMITED/ADT-1_Auditor_Appointment.pdf,9131c7017bd6a0578ea771ef5b3eb69ce4e9f31fec0ffc212196dc06fd8941fe,2026-08-26T17:30:00Z
DOC_E30BC8CC0DA0,L29199GJ1984PLC007130,REGISTERED_OFFICE,Form INC-22 Registered Office Proof - GUJARAT CRAFT INDUSTRIES LIMITED,MCA Corporate Filings,2023-04-18,https://www.mca.gov.in/mcafast/companyMasterData.do?cin=L29199GJ1984PLC007130,documents/GUJARAT CRAFT INDUSTRIES LIMITED/INC-22_Registered_Office_Proof.pdf,03a49de16883980fd6625ce6fcf5712f965c04622f2a3b762f5d4a1b8dcb8967,2026-08-26T17:30:00Z
DOC_AF6AA1B08EA7,L29199GJ1984PLC007130,RESOLUTIONS_AGREEMENTS,Form MGT-14 Special Resolutions - GUJARAT CRAFT INDUSTRIES LIMITED,MCA Corporate Filings,2024-02-14,https://www.mca.gov.in/mcafast/companyMasterData.do?cin=L29199GJ1984PLC007130,documents/GUJARAT CRAFT INDUSTRIES LIMITED/MGT-14_Special_Resolutions.pdf,991d2d91dfd5079b7b2ac6694285e9aa324c12b1fd2941fa1dfba83475c6cf08,2026-08-26T17:30:00Z
DOC_F0F342DE6507,L29199GJ1984PLC007130,GST_TAXPAYER_DATA,GST Public Taxpayer Registration - GUJARAT CRAFT INDUSTRIES LIMITED,GST Council Public Portal,2026-01-15,https://www.mca.gov.in/mcafast/companyMasterData.do?cin=L29199GJ1984PLC007130,documents/GUJARAT CRAFT INDUSTRIES LIMITED/GST_Place_of_Business_Registration.pdf,1ebf52e25f4fc28ca20f66fd602a0c0ce257ab89d94fe193c2f5d4c0cf69454c,2026-08-26T17:30:00Z
DOC_096A949842E6,L29199GJ1984PLC007177,COMPANY_MASTER_DATA,Company Master Data Record - SHRI KHODIYAR INDUSTRIES LIMITED,Ministry of Corporate Affairs (MCA),2026-08-26,https://www.mca.gov.in/mcafast/companyMasterData.do?cin=L29199GJ1984PLC007177,documents/SHRI KHODIYAR INDUSTRIES LIMITED/Company_Master_Data.pdf,cfcb38a0a1cbb20f14eb5d467c4ebe9327d53aadce434411d89309fbc7231e1a,2026-08-26T17:30:00Z
DOC_9877E4EC62DD,L29199GJ1984PLC007177,FINANCIAL_STATEMENT,Form AOC-4 Financial Statements FY 2024-25 - SHRI KHODIYAR INDUSTRIES LIMITED,MCA Corporate Filings,2025-03-31,https://www.mca.gov.in/mcafast/companyMasterData.do?cin=L29199GJ1984PLC007177,documents/SHRI KHODIYAR INDUSTRIES LIMITED/AOC-4_Financial_Statements_FY25.pdf,52796a244c07b88146593b23ff049e37d0376912cfb72c6afe870f969afc6534,2026-08-26T17:30:00Z
DOC_4A1C4BD4358E,L29199GJ1984PLC007177,ANNUAL_RETURN,Form MGT-7 Annual Return FY 2024-25 - SHRI KHODIYAR INDUSTRIES LIMITED,MCA Corporate Filings,2025-09-30,https://www.mca.gov.in/mcafast/companyMasterData.do?cin=L29199GJ1984PLC007177,documents/SHRI KHODIYAR INDUSTRIES LIMITED/MGT-7_Annual_Return_FY25.pdf,75f6db967b9d8869cfde2b8e4a5c85b480232bf7c5f221d55b08a1fba309d78c,2026-08-26T17:30:00Z
DOC_3060546D0A3C,L29199GJ1984PLC007177,DIRECTOR_KMP_CHANGES,Form DIR-12 Director Particulars & KMP - SHRI KHODIYAR INDUSTRIES LIMITED,MCA Corporate Filings,2024-10-12,https://www.mca.gov.in/mcafast/companyMasterData.do?cin=L29199GJ1984PLC007177,documents/SHRI KHODIYAR INDUSTRIES LIMITED/DIR-12_Director_Records.pdf,c0c285bda40282c53ed383a612a464db0a112a1d703c2b0b8bfc13c7d398c56f,2026-08-26T17:30:00Z
DOC_BCF8D04B90EF,L29199GJ1984PLC007177,AUDITOR_APPOINTMENT,Form ADT-1 Auditor Appointment Resolution - SHRI KHODIYAR INDUSTRIES LIMITED,MCA Corporate Filings,2024-09-25,https://www.mca.gov.in/mcafast/companyMasterData.do?cin=L29199GJ1984PLC007177,documents/SHRI KHODIYAR INDUSTRIES LIMITED/ADT-1_Auditor_Appointment.pdf,eef9eef45ef27079e58e03acc9bea2eaae25c88394ef357e147d622e49c96b90,2026-08-26T17:30:00Z
DOC_D15698AFB7EC,L29199GJ1984PLC007177,REGISTERED_OFFICE,Form INC-22 Registered Office Proof - SHRI KHODIYAR INDUSTRIES LIMITED,MCA Corporate Filings,2023-04-18,https://www.mca.gov.in/mcafast/companyMasterData.do?cin=L29199GJ1984PLC007177,documents/SHRI KHODIYAR INDUSTRIES LIMITED/INC-22_Registered_Office_Proof.pdf,ffe7783aa86339628569ac761e851629b1289cd7c1e01d1be2556c100dd9c7a9,2026-08-26T17:30:00Z
DOC_3556CF9345F1,L29199GJ1984PLC007177,RESOLUTIONS_AGREEMENTS,Form MGT-14 Special Resolutions - SHRI KHODIYAR INDUSTRIES LIMITED,MCA Corporate Filings,2024-02-14,https://www.mca.gov.in/mcafast/companyMasterData.do?cin=L29199GJ1984PLC007177,documents/SHRI KHODIYAR INDUSTRIES LIMITED/MGT-14_Special_Resolutions.pdf,4699d1f0708b05cde02929d759e6c6f90dbe0e91b2dc45608c91b53a793b4115,2026-08-26T17:30:00Z
DOC_FE7329D9912E,L29199GJ1984PLC007177,GST_TAXPAYER_DATA,GST Public Taxpayer Registration - SHRI KHODIYAR INDUSTRIES LIMITED,GST Council Public Portal,2026-01-15,https://www.mca.gov.in/mcafast/companyMasterData.do?cin=L29199GJ1984PLC007177,documents/SHRI KHODIYAR INDUSTRIES LIMITED/GST_Place_of_Business_Registration.pdf,0694d02998c9b62a6358e85eba30131deccc12806c601a26fff31fd6e94fd9da,2026-08-26T17:30:00Z
DOC_EB778559CEF3,L29199GJ1984PLC007195,COMPANY_MASTER_DATA,Company Master Data Record - AMRADEEP INDUSTRIES LIMITED,Ministry of Corporate Affairs (MCA),2026-08-26,https://www.mca.gov.in/mcafast/companyMasterData.do?cin=L29199GJ1984PLC007195,documents/AMRADEEP INDUSTRIES LIMITED/Company_Master_Data.pdf,68dd57961b79b25189abf5c11b2219baf476fd4e10fd3d2ecd25e8423ebc6213,2026-08-26T17:30:00Z
DOC_15789F97E068,L29199GJ1984PLC007195,FINANCIAL_STATEMENT,Form AOC-4 Financial Statements FY 2024-25 - AMRADEEP INDUSTRIES LIMITED,MCA Corporate Filings,2025-03-31,https://www.mca.gov.in/mcafast/companyMasterData.do?cin=L29199GJ1984PLC007195,documents/AMRADEEP INDUSTRIES LIMITED/AOC-4_Financial_Statements_FY25.pdf,7087b014e87268a65dded76d2e41adcc2fbee135d72957d4139d1054064ba821,2026-08-26T17:30:00Z
DOC_C5E1C263BA78,L29199GJ1984PLC007195,ANNUAL_RETURN,Form MGT-7 Annual Return FY 2024-25 - AMRADEEP INDUSTRIES LIMITED,MCA Corporate Filings,2025-09-30,https://www.mca.gov.in/mcafast/companyMasterData.do?cin=L29199GJ1984PLC007195,documents/AMRADEEP INDUSTRIES LIMITED/MGT-7_Annual_Return_FY25.pdf,ac4f07aab840cafeccd8cbf6763173d9ee83636d66fb900cc032ff15084b01be,2026-08-26T17:30:00Z
DOC_B930C49DDCC6,L29199GJ1984PLC007195,DIRECTOR_KMP_CHANGES,Form DIR-12 Director Particulars & KMP - AMRADEEP INDUSTRIES LIMITED,MCA Corporate Filings,2024-10-12,https://www.mca.gov.in/mcafast/companyMasterData.do?cin=L29199GJ1984PLC007195,documents/AMRADEEP INDUSTRIES LIMITED/DIR-12_Director_Records.pdf,e70be63a56f4cc9ba549299bf66ff14f558d2abee994460c513929c6932aba85,2026-08-26T17:30:00Z
DOC_6C4C9C325C5B,L29199GJ1984PLC007195,AUDITOR_APPOINTMENT,Form ADT-1 Auditor Appointment Resolution - AMRADEEP INDUSTRIES LIMITED,MCA Corporate Filings,2024-09-25,https://www.mca.gov.in/mcafast/companyMasterData.do?cin=L29199GJ1984PLC007195,documents/AMRADEEP INDUSTRIES LIMITED/ADT-1_Auditor_Appointment.pdf,6e41e7d2d38734099ea7d298ade980807933a09c47ae87123412c5a8550d96f4,2026-08-26T17:30:00Z
DOC_91C78930AC6B,L29199GJ1984PLC007195,REGISTERED_OFFICE,Form INC-22 Registered Office Proof - AMRADEEP INDUSTRIES LIMITED,MCA Corporate Filings,2023-04-18,https://www.mca.gov.in/mcafast/companyMasterData.do?cin=L29199GJ1984PLC007195,documents/AMRADEEP INDUSTRIES LIMITED/INC-22_Registered_Office_Proof.pdf,dd119fdd5fb8fe572f294e5591f6e35497fa66939b80cdcbdedd9ea0c426b2e6,2026-08-26T17:30:00Z
DOC_F7B43EFB83DA,L29199GJ1984PLC007195,RESOLUTIONS_AGREEMENTS,Form MGT-14 Special Resolutions - AMRADEEP INDUSTRIES LIMITED,MCA Corporate Filings,2024-02-14,https://www.mca.gov.in/mcafast/companyMasterData.do?cin=L29199GJ1984PLC007195,documents/AMRADEEP INDUSTRIES LIMITED/MGT-14_Special_Resolutions.pdf,144b0513d89bee5833366f21dc44dbbda801632d8c41daab66e78803b2cd80e9,2026-08-26T17:30:00Z
DOC_B3BFD84BC304,L29199GJ1984PLC007195,GST_TAXPAYER_DATA,GST Public Taxpayer Registration - AMRADEEP INDUSTRIES LIMITED,GST Council Public Portal,2026-01-15,https://www.mca.gov.in/mcafast/companyMasterData.do?cin=L29199GJ1984PLC007195,documents/AMRADEEP INDUSTRIES LIMITED/GST_Place_of_Business_Registration.pdf,4a68c78246c2428c6b2504a0e84f6ec28b0cc9ef7dacd1fb9c56a0e3679f62c4,2026-08-26T17:30:00Z
